id,kode_provinsi,nama_provinsi,bps_kode_kabupaten_kota,bps_nama_kabupaten_kota,bps_kode_kecamatan,bps_nama_kecamatan,kemendagri_kode_kecamatan,kemendagri_nama_kecamatan,nama_sekolah,npsn,kategori_siswa,jumlah_siswa,satuan,tahun
1,32,JAWA BARAT,3273,KOTA BANDUNG,3273170,SUMUR BANDUNG,32.73.19,SUMUR BANDUNG,SDN 001 MERDEKA KOTA BANDUNG,20245231,SK SISWA,150,ORANG,2018
2,32,JAWA BARAT,3273,KOTA BANDUNG,3273180,ANDIR,32.73.05,ANDIR,SDN 002 KARANGMULYA KOTA BANDUNG,20245212,SK SISWA,142,ORANG,2018
3,32,JAWA BARAT,3273,KOTA BANDUNG,3273050,ASTANAANYAR,32.73.10,ASTANA ANYAR,SDN 003 PAGARSIH KOTA BANDUNG,20245064,SK SISWA,357,ORANG,2018
4,32,JAWA BARAT,3273,KOTA BANDUNG,3273130,ARCAMANIK,32.73.24,ARCAMANIK,SDN 004 CISARANTEN KULON KOTA BANDUNG,20245530,SK SISWA,220,ORANG,2018
5,32,JAWA BARAT,3273,KOTA BANDUNG,3273020,BABAKAN CIPARAY,32.73.03,BABAKAN CIPARAY,SDN 005 BABAKAN CIPARAY KOTA BANDUNG,20245011,SK SISWA,128,ORANG,2018
6,32,JAWA BARAT,3273,KOTA BANDUNG,3273090,BUAHBATU,32.73.22,BUAHBATU,SDN 006 BUAHBATU KOTA BANDUNG,20245122,SK SISWA,349,ORANG,2018
7,32,JAWA BARAT,3273,KOTA BANDUNG,3273230,COBLONG,32.73.02,COBLONG,SDN 007 CIPAGANTI KOTA BANDUNG,20245525,SK SISWA,98,ORANG,2018
8,32,JAWA BARAT,3273,KOTA BANDUNG,3273060,REGOL,32.73.11,REGOL,SDN 008 MOHAMAD TOHA KOTA BANDUNG,20245238,SK SISWA,78,ORANG,2018
9,32,JAWA BARAT,3273,KOTA BANDUNG,3273142,MANDALAJATI,32.73.30,MANDALAJATI,SDN 009 CIKADUT KOTA BANDUNG,20245520,SK SISWA,398,ORANG,2018
10,32,JAWA BARAT,3273,KOTA BANDUNG,3273260,CIDADAP,32.73.08,CIDADAP,SDN 010 CIDADAP KOTA BANDUNG,20245138,SK SISWA,16,ORANG,2018
11,32,JAWA BARAT,3273,KOTA BANDUNG,3273010,BANDUNG KULON,32.73.15,BANDUNG KULON,SDN 011 CIBUNTU KOTA BANDUNG,20244743,SK SISWA,222,ORANG,2018
12,32,JAWA BARAT,3273,KOTA BANDUNG,3273020,BABAKAN CIPARAY,32.73.03,BABAKAN CIPARAY,SDN 012 BABAKAN CIPARAY KOTA BANDUNG,20245013,SK SISWA,185,ORANG,2018
13,32,JAWA BARAT,3273,KOTA BANDUNG,3273190,CICENDO,32.73.06,CICENDO,SDN 013 PASIRKALIKI KOTA BANDUNG,20245742,SK SISWA,112,ORANG,2018
14,32,JAWA BARAT,3273,KOTA BANDUNG,3273010,BANDUNG KULON,32.73.15,BANDUNG KULON,SDN 014 CIGONDEWAH KOTA BANDUNG,20244836,SK SISWA,329,ORANG,2018
15,32,JAWA BARAT,3273,KOTA BANDUNG,3273190,CICENDO,32.73.06,CICENDO,SDN 015 KRESNA KOTA BANDUNG,20245706,SK SISWA,308,ORANG,2018
16,32,JAWA BARAT,3273,KOTA BANDUNG,3273190,CICENDO,32.73.06,CICENDO,SDN 016 DR. CIPTO PAJAJARAN KOTA BANDUNG,20245566,SK SISWA,107,ORANG,2018
17,32,JAWA BARAT,3273,KOTA BANDUNG,3273150,KIARACONDONG,32.73.16,KIARACONDONG,SDN 017 SEKEJATI KOTA BANDUNG,20245760,SK SISWA,85,ORANG,2018
18,32,JAWA BARAT,3273,KOTA BANDUNG,3273240,SUKAJADI,32.73.07,SUKAJADI,SDN 018 SUKAGALIH KOTA BANDUNG,20245266,SK SISWA,133,ORANG,2018
19,32,JAWA BARAT,3273,KOTA BANDUNG,3273050,ASTANAANYAR,32.73.10,ASTANA ANYAR,SDN 019 PABAKI KOTA BANDUNG,20245054,SK SISWA,829,ORANG,2018
20,32,JAWA BARAT,3273,KOTA BANDUNG,3273060,REGOL,32.73.11,REGOL,SDN 020 LENGKONG BESAR KOTA BANDUNG,20245219,SK SISWA,161,ORANG,2018
21,32,JAWA BARAT,3273,KOTA BANDUNG,3273120,UJUNG BERUNG,32.73.26,UJUNGBERUNG,SDN 021 CIPOREAT KOTA BANDUNG,20245527,SK SISWA,324,ORANG,2018
22,32,JAWA BARAT,3273,KOTA BANDUNG,3273210,CIBEUNYING KIDUL,32.73.14,CIBEUNYING KIDUL,SDN 022 CICADAS KOTA BANDUNG,20245153,SK SISWA,163,ORANG,2018
23,32,JAWA BARAT,3273,KOTA BANDUNG,3273050,ASTANAANYAR,32.73.10,ASTANA ANYAR,SDN 023 PAJAGALAN KOTA BANDUNG,20244745,SK SISWA,127,ORANG,2018
24,32,JAWA BARAT,3273,KOTA BANDUNG,3273230,COBLONG,32.73.02,COBLONG,SDN 024 COBLONG KOTA BANDUNG,20245546,SK SISWA,136,ORANG,2018
25,32,JAWA BARAT,3273,KOTA BANDUNG,3273220,CIBEUNYING KALER,32.73.18,CIBEUNYING KALER,SDN 025 CIKUTRA KOTA BANDUNG,20245172,SK SISWA,254,ORANG,2018
26,32,JAWA BARAT,3273,KOTA BANDUNG,3273040,BOJONGLOA KIDUL,32.73.17,BOJONGLOA KIDUL,SDN 026 BOJONGLOA KOTA BANDUNG,20244953,SK SISWA,282,ORANG,2018
27,32,JAWA BARAT,3273,KOTA BANDUNG,3273210,CIBEUNYING KIDUL,32.73.14,CIBEUNYING KIDUL,SDN 027 CICADAS KOTA BANDUNG,20245149,SK SISWA,255,ORANG,2018
28,32,JAWA BARAT,3273,KOTA BANDUNG,3273160,BATUNUNGGAL,32.73.12,BATUNUNGGAL,SDN 028 GUMURUH KOTA BANDUNG,20244864,SK SISWA,367,ORANG,2018
29,32,JAWA BARAT,3273,KOTA BANDUNG,3273110,CIBIRU,32.73.25,CIBIRU,SDN 029 CILENGKRANG KOTA BANDUNG,20245494,SK SISWA,211,ORANG,2018
30,32,JAWA BARAT,3273,KOTA BANDUNG,3273260,CIDADAP,32.73.08,CIDADAP,SDN 030 CIRATEUN KOTA BANDUNG,20245140,SK SISWA,28,ORANG,2018
31,32,JAWA BARAT,3273,KOTA BANDUNG,3273230,COBLONG,32.73.02,COBLONG,SDN 031 PELESIRAN KOTA BANDUNG,20245749,SK SISWA,173,ORANG,2018
32,32,JAWA BARAT,3273,KOTA BANDUNG,3273230,COBLONG,32.73.02,COBLONG,SDN 032 TILIL KOTA BANDUNG,20245822,SK SISWA,246,ORANG,2018
33,32,JAWA BARAT,3273,KOTA BANDUNG,3273060,REGOL,32.73.11,REGOL,SDN 033 ASMI KOTA BANDUNG,20245201,SK SISWA,180,ORANG,2018
34,32,JAWA BARAT,3273,KOTA BANDUNG,3273170,SUMUR BANDUNG,32.73.19,SUMUR BANDUNG,SDN 034 PATRAKOMALA KOTA BANDUNG,20245745,SK SISWA,66,ORANG,2018
35,32,JAWA BARAT,3273,KOTA BANDUNG,3273170,SUMUR BANDUNG,32.73.19,SUMUR BANDUNG,SDN 035 SOKA KOTA BANDUNG,20245781,SK SISWA,40,ORANG,2018
36,32,JAWA BARAT,3273,KOTA BANDUNG,3273120,UJUNG BERUNG,32.73.26,UJUNGBERUNG,SDN 036 UJUNGBERUNG KOTA BANDUNG,20245826,SK SISWA,798,ORANG,2018
37,32,JAWA BARAT,3273,KOTA BANDUNG,3273200,BANDUNG WETAN,32.73.09,BANDUNG WETAN,SDN 037 SABANG KOTA BANDUNG,20245285,SK SISWA,39,ORANG,2018
38,32,JAWA BARAT,3273,KOTA BANDUNG,3273150,KIARACONDONG,32.73.16,KIARACONDONG,SDN 038 KIARACONDONG KOTA BANDUNG,20245701,SK SISWA,163,ORANG,2018
39,32,JAWA BARAT,3273,KOTA BANDUNG,3273050,ASTANAANYAR,32.73.10,ASTANA ANYAR,SDN 039 TEGALEGA KOTA BANDUNG,20245095,SK SISWA,113,ORANG,2018
40,32,JAWA BARAT,3273,KOTA BANDUNG,3273080,BANDUNG KIDUL,32.73.21,BANDUNG KIDUL,SDN 040 PASAWAHAN KOTA BANDUNG,20245073,SK SISWA,436,ORANG,2018
41,32,JAWA BARAT,3273,KOTA BANDUNG,3273010,BANDUNG KULON,32.73.15,BANDUNG KULON,SDN 041 CIBUNTU WARUNG MUNCANG KOTA BANDUNG,20244744,SK SISWA,242,ORANG,2018
42,32,JAWA BARAT,3273,KOTA BANDUNG,3273160,BATUNUNGGAL,32.73.12,BATUNUNGGAL,SDN 042 GAMBIR KOTA BANDUNG,20244857,SK SISWA,242,ORANG,2018
43,32,JAWA BARAT,3273,KOTA BANDUNG,3273210,CIBEUNYING KIDUL,32.73.14,CIBEUNYING KIDUL,SDN 043 CIMUNCANG KOTA BANDUNG,20245178,SK SISWA,371,ORANG,2018
44,32,JAWA BARAT,3273,KOTA BANDUNG,3273210,CIBEUNYING KIDUL,32.73.14,CIBEUNYING KIDUL,SDN 044 CICADAS AWIGOMBONG KOTA BANDUNG,20245157,SK SISWA,425,ORANG,2018
45,32,JAWA BARAT,3273,KOTA BANDUNG,3273190,CICENDO,32.73.06,CICENDO,SDN 045 PASIRKALIKI KOTA BANDUNG,20245735,SK SISWA,62,ORANG,2018
46,32,JAWA BARAT,3273,KOTA BANDUNG,3273142,MANDALAJATI,32.73.30,MANDALAJATI,SDN 046 SINDANGLAYA KOTA BANDUNG,20245768,SK SISWA,160,ORANG,2018
47,32,JAWA BARAT,3273,KOTA BANDUNG,3273060,REGOL,32.73.11,REGOL,SDN 047 BALONGGEDE KOTA BANDUNG,20251861,SK SISWA,246,ORANG,2018
48,32,JAWA BARAT,3273,KOTA BANDUNG,3273240,SUKAJADI,32.73.07,SUKAJADI,SDN 048 SIRNAMANAH KOTA BANDUNG,20244920,SK SISWA,152,ORANG,2018
49,32,JAWA BARAT,3273,KOTA BANDUNG,3273180,ANDIR,32.73.05,ANDIR,SDN 049 DURMAN KOTA BANDUNG,20245193,SK SISWA,199,ORANG,2018
50,32,JAWA BARAT,3273,KOTA BANDUNG,3273110,CIBIRU,32.73.25,CIBIRU,SDN 050 CIBIRU KOTA BANDUNG,20245488,SK SISWA,116,ORANG,2018
51,32,JAWA BARAT,3273,KOTA BANDUNG,3273190,CICENDO,32.73.06,CICENDO,SDN 051 PASIRKALIKI KOTA BANDUNG,20245740,SK SISWA,97,ORANG,2018
52,32,JAWA BARAT,3273,KOTA BANDUNG,3273121,CINAMBO,32.73.29,CINAMBO,SDN 052 CISARANTEN WETAN GEDEBAGE KOTA BANDUNG,20245534,SK SISWA,306,ORANG,2018
53,32,JAWA BARAT,3273,KOTA BANDUNG,3273230,COBLONG,32.73.02,COBLONG,SDN 053 CISITU KOTA BANDUNG,20245537,SK SISWA,148,ORANG,2018
54,32,JAWA BARAT,3273,KOTA BANDUNG,3273230,COBLONG,32.73.02,COBLONG,SDN 054 TIKUKUR KOTA BANDUNG,20245817,SK SISWA,186,ORANG,2018
55,32,JAWA BARAT,3273,KOTA BANDUNG,3273142,MANDALAJATI,32.73.30,MANDALAJATI,SDN 055 JATIHANDAP KOTA BANDUNG,20245598,SK SISWA,143,ORANG,2018
56,32,JAWA BARAT,3273,KOTA BANDUNG,3273180,ANDIR,32.73.05,ANDIR,SDN 056 GARUDA DADALI KOTA BANDUNG,20245196,SK SISWA,326,ORANG,2018
57,32,JAWA BARAT,3273,KOTA BANDUNG,3273130,ARCAMANIK,32.73.24,ARCAMANIK,SDN 057 BINAHARAPAN KOTA BANDUNG,20245481,SK SISWA,228,ORANG,2018
58,32,JAWA BARAT,3273,KOTA BANDUNG,3273020,BABAKAN CIPARAY,32.73.03,BABAKAN CIPARAY,SDN 058 BABAKAN CIPARAY KOTA BANDUNG,20245014,SK SISWA,153,ORANG,2018
59,32,JAWA BARAT,3273,KOTA BANDUNG,3273020,BABAKAN CIPARAY,32.73.03,BABAKAN CIPARAY,SDN 059 CIRANGRANG KOTA BANDUNG,20245025,SK SISWA,216,ORANG,2018
60,32,JAWA BARAT,3273,KOTA BANDUNG,3273020,BABAKAN CIPARAY,32.73.03,BABAKAN CIPARAY,SDN 060 RAYA BARAT KOTA BANDUNG,20245078,SK SISWA,251,ORANG,2018
61,32,JAWA BARAT,3273,KOTA BANDUNG,3273010,BANDUNG KULON,32.73.15,BANDUNG KULON,SDN 061 CIJERAH KOTA BANDUNG,20244841,SK SISWA,134,ORANG,2018
62,32,JAWA BARAT,3273,KOTA BANDUNG,3273200,BANDUNG WETAN,32.73.09,BANDUNG WETAN,SDN 062 CIUJUNG KOTA BANDUNG,20245187,SK SISWA,65,ORANG,2018
63,32,JAWA BARAT,3273,KOTA BANDUNG,3273160,BATUNUNGGAL,32.73.12,BATUNUNGGAL,SDN 063 KEBON GEDANG KOTA BANDUNG,20245950,SK SISWA,598,ORANG,2018
64,32,JAWA BARAT,3273,KOTA BANDUNG,3273210,CIBEUNYING KIDUL,32.73.14,CIBEUNYING KIDUL,SDN 064 PADASUKA KOTA BANDUNG,20245247,SK SISWA,228,ORANG,2018
65,32,JAWA BARAT,3273,KOTA BANDUNG,3273230,COBLONG,32.73.02,COBLONG,SDN 065 CIHAMPELAS KOTA BANDUNG,20245514,SK SISWA,161,ORANG,2018
66,32,JAWA BARAT,3273,KOTA BANDUNG,3273070,LENGKONG,32.73.13,LENGKONG,SDN 066 HALIMUN KOTA BANDUNG,20245031,SK SISWA,181,ORANG,2018
67,32,JAWA BARAT,3273,KOTA BANDUNG,3273070,LENGKONG,32.73.13,LENGKONG,SDN 067 NILEM KOTA BANDUNG,20245050,SK SISWA,83,ORANG,2018
68,32,JAWA BARAT,3273,KOTA BANDUNG,3273142,MANDALAJATI,32.73.30,MANDALAJATI,SDN 068 SINDANGLAYA KOTA BANDUNG,20245769,SK SISWA,216,ORANG,2018
69,32,JAWA BARAT,3273,KOTA BANDUNG,3273100,RANCASARI,32.73.23,RANCASARI,SDN 069 CIPAMOKOLAN DERWATI KOTA BANDUNG,20245502,SK SISWA,561,ORANG,2018
70,32,JAWA BARAT,3273,KOTA BANDUNG,3273060,REGOL,32.73.11,REGOL,SDN 070 PASIRLUYU KOTA BANDUNG,20246459,SK SISWA,207,ORANG,2018
71,32,JAWA BARAT,3273,KOTA BANDUNG,3273240,SUKAJADI,32.73.07,SUKAJADI,SDN 071 SUKAGALIH KOTA BANDUNG,20245267,SK SISWA,299,ORANG,2018
72,32,JAWA BARAT,3273,KOTA BANDUNG,3273240,SUKAJADI,32.73.07,SUKAJADI,SDN 072 SUKASARI KOTA BANDUNG,20245276,SK SISWA,23,ORANG,2018
73,32,JAWA BARAT,3273,KOTA BANDUNG,3273050,ASTANAANYAR,32.73.10,ASTANA ANYAR,SDN 073 PAJAGALAN KOTA BANDUNG,20247280,SK SISWA,109,ORANG,2018
74,32,JAWA BARAT,3273,KOTA BANDUNG,3273190,CICENDO,32.73.06,CICENDO,SDN 074 AYUDIA KOTA BANDUNG,20245449,SK SISWA,161,ORANG,2018
75,32,JAWA BARAT,3273,KOTA BANDUNG,3273190,CICENDO,32.73.06,CICENDO,SDN 075 JATAYU KOTA BANDUNG,20245591,SK SISWA,216,ORANG,2018
76,32,JAWA BARAT,3273,KOTA BANDUNG,3273240,SUKAJADI,32.73.07,SUKAJADI,SDN 076 SUKAJADI KOTA BANDUNG,20244925,SK SISWA,82,ORANG,2018
77,32,JAWA BARAT,3273,KOTA BANDUNG,3273240,SUKAJADI,32.73.07,SUKAJADI,SDN 077 SEJAHTERA KOTA BANDUNG,20245980,SK SISWA,157,ORANG,2018
78,32,JAWA BARAT,3273,KOTA BANDUNG,3273141,ANTAPANI,32.73.20,ANTAPANI,SDN 078 SINDANGSARI ANTAPANI KOTA BANDUNG,20245441,SK SISWA,291,ORANG,2018
79,32,JAWA BARAT,3273,KOTA BANDUNG,3273050,ASTANAANYAR,32.73.10,ASTANA ANYAR,SDN 079 KOPO PAJAGALAN KOTA BANDUNG,20245039,SK SISWA,356,ORANG,2018
80,32,JAWA BARAT,3273,KOTA BANDUNG,3273010,BANDUNG KULON,32.73.15,BANDUNG KULON,SDN 080 BOJONG INDAH CIBUNTU KOTA BANDUNG,20244740,SK SISWA,145,ORANG,2018
81,32,JAWA BARAT,3273,KOTA BANDUNG,3273160,BATUNUNGGAL,32.73.12,BATUNUNGGAL,SDN 081 KEBON GEDANG KRIDAWINAYA KOTA BANDUNG,20245956,SK SISWA,153,ORANG,2018
82,32,JAWA BARAT,3273,KOTA BANDUNG,3273220,CIBEUNYING KALER,32.73.18,CIBEUNYING KALER,SDN 082 MUARARAJEUN KOTA BANDUNG,20245242,SK SISWA,142,ORANG,2018
83,32,JAWA BARAT,3273,KOTA BANDUNG,3273150,KIARACONDONG,32.73.16,KIARACONDONG,SDN 083 BABAKAN SURABAYA KOTA BANDUNG,20245470,SK SISWA,117,ORANG,2018
84,32,JAWA BARAT,3273,KOTA BANDUNG,3273142,MANDALAJATI,32.73.30,MANDALAJATI,SDN 084 CIKADUT KOTA BANDUNG,20245521,SK SISWA,219,ORANG,2018
85,32,JAWA BARAT,3273,KOTA BANDUNG,3273260,CIDADAP,32.73.08,CIDADAP,SDN 085 CIUMBULEUIT KOTA BANDUNG,20245142,SK SISWA,68,ORANG,2018
86,32,JAWA BARAT,3273,KOTA BANDUNG,3273101,GEDEBAGE,32.73.27,GEDEBAGE,SDN 086 CIMINCRANG KOTA BANDUNG,20245497,SK SISWA,131,ORANG,2018
87,32,JAWA BARAT,3273,KOTA BANDUNG,3273100,RANCASARI,32.73.23,RANCASARI,SDN 087 RANCABOLANG KOTA BANDUNG,20246414,SK SISWA,358,ORANG,2018
88,32,JAWA BARAT,3273,KOTA BANDUNG,3273170,SUMUR BANDUNG,32.73.19,SUMUR BANDUNG,SDN 088 EMBONG KOTA BANDUNG,20245568,SK SISWA,151,ORANG,2018
89,32,JAWA BARAT,3273,KOTA BANDUNG,3273020,BABAKAN CIPARAY,32.73.03,BABAKAN CIPARAY,SDN 089 BABAKAN CIPARAY KOTA BANDUNG,20244998,SK SISWA,257,ORANG,2018
90,32,JAWA BARAT,3273,KOTA BANDUNG,3273110,CIBIRU,32.73.25,CIBIRU,SDN 090 CIBIRU KOTA BANDUNG,20245487,SK SISWA,172,ORANG,2018
91,32,JAWA BARAT,3273,KOTA BANDUNG,3273180,ANDIR,32.73.05,ANDIR,SDN 091 CIBEUREUM KOTA BANDUNG,20245129,SK SISWA,727,ORANG,2018
92,32,JAWA BARAT,3273,KOTA BANDUNG,3273050,ASTANAANYAR,32.73.10,ASTANA ANYAR,SDN 092 CIBADAK ANDIR KOTA BANDUNG,20244961,SK SISWA,123,ORANG,2018
93,32,JAWA BARAT,3273,KOTA BANDUNG,3273010,BANDUNG KULON,32.73.15,BANDUNG KULON,SDN 093 TUNAS HARAPAN CIJERAH KOTA BANDUNG,20244933,SK SISWA,120,ORANG,2018
94,32,JAWA BARAT,3273,KOTA BANDUNG,3273080,BANDUNG KIDUL,32.73.21,BANDUNG KIDUL,SDN 094 PARAKANWAAS KOTA BANDUNG,20245072,SK SISWA,57,ORANG,2018
95,32,JAWA BARAT,3273,KOTA BANDUNG,3273090,BUAHBATU,32.73.22,BUAHBATU,SDN 095 BABAKANJATI KOTA BANDUNG,20246455,SK SISWA,521,ORANG,2018
96,32,JAWA BARAT,3273,KOTA BANDUNG,3273240,SUKAJADI,32.73.07,SUKAJADI,SDN 096 SARIJADI SELATAN KOTA BANDUNG,20245260,SK SISWA,64,ORANG,2018
97,32,JAWA BARAT,3273,KOTA BANDUNG,3273250,SUKASARI,32.73.01,SUKASARI,SDN 097 CIRATEUN KULON KOTA BANDUNG,20244855,SK SISWA,65,ORANG,2018
98,32,JAWA BARAT,3273,KOTA BANDUNG,3273180,ANDIR,32.73.05,ANDIR,SDN 098 CIROYOM KOTA BANDUNG,20245141,SK SISWA,131,ORANG,2018
99,32,JAWA BARAT,3273,KOTA BANDUNG,3273030,BOJONGLOA KALER,32.73.04,BOJONGLOA KALER,SDN 099 BABAKAN TAROGONG KOTA BANDUNG,20244943,SK SISWA,334,ORANG,2018
100,32,JAWA BARAT,3273,KOTA BANDUNG,3273250,SUKASARI,32.73.01,SUKASARI,SDN 100 CIPEDES KOTA BANDUNG,20245922,SK SISWA,56,ORANG,2018
101,32,JAWA BARAT,3273,KOTA BANDUNG,3273130,ARCAMANIK,32.73.24,ARCAMANIK,SDN 101 SUKAKARYA KOTA BANDUNG,20245795,SK SISWA,100,ORANG,2018
102,32,JAWA BARAT,3273,KOTA BANDUNG,3273110,CIBIRU,32.73.25,CIBIRU,SDN 102 CIKUDAYASA KOTA BANDUNG,20245492,SK SISWA,141,ORANG,2018
103,32,JAWA BARAT,3273,KOTA BANDUNG,3273230,COBLONG,32.73.02,COBLONG,SDN 103 COBLONG KOTA BANDUNG,20245549,SK SISWA,88,ORANG,2018
104,32,JAWA BARAT,3273,KOTA BANDUNG,3273230,COBLONG,32.73.02,COBLONG,SDN 104 LANGENSARI SENANGGALIH KOTA BANDUNG,20245710,SK SISWA,387,ORANG,2018
105,32,JAWA BARAT,3273,KOTA BANDUNG,3273111,PANYILEUKAN,32.73.28,PANYILEUKAN,SDN 105 SUKARELA KOTA BANDUNG,20245790,SK SISWA,272,ORANG,2018
106,32,JAWA BARAT,3273,KOTA BANDUNG,3273120,UJUNG BERUNG,32.73.26,UJUNGBERUNG,SDN 106 AJITUNGGAL CIJAMBE KOTA BANDUNG,20246393,SK SISWA,231,ORANG,2018
107,32,JAWA BARAT,3273,KOTA BANDUNG,3273120,UJUNG BERUNG,32.73.26,UJUNGBERUNG,SDN 107 PALEDANG KOTA BANDUNG,20245729,SK SISWA,332,ORANG,2018
108,32,JAWA BARAT,3273,KOTA BANDUNG,3273260,CIDADAP,32.73.08,CIDADAP,SDN 108 CIUMBULEUIT KOTA BANDUNG,20245144,SK SISWA,47,ORANG,2018
109,32,JAWA BARAT,3273,KOTA BANDUNG,3273160,BATUNUNGGAL,32.73.12,BATUNUNGGAL,SDN 109 CENTEH KOTA BANDUNG,20244829,SK SISWA,526,ORANG,2018
110,32,JAWA BARAT,3273,KOTA BANDUNG,3273190,CICENDO,32.73.06,CICENDO,SDN 110 PASIRKALIKI KOMARABUDI KOTA BANDUNG,20245736,SK SISWA,87,ORANG,2018
111,32,JAWA BARAT,3273,KOTA BANDUNG,3273150,KIARACONDONG,32.73.16,KIARACONDONG,SDN 111 PINDAD KOTA BANDUNG,20245751,SK SISWA,188,ORANG,2018
112,32,JAWA BARAT,3273,KOTA BANDUNG,3273060,REGOL,32.73.11,REGOL,SDN 112 PAMOYANAN KOTA BANDUNG,20245254,SK SISWA,160,ORANG,2018
113,32,JAWA BARAT,3273,KOTA BANDUNG,3273170,SUMUR BANDUNG,32.73.19,SUMUR BANDUNG,SDN 113 BANJARSARI KOTA BANDUNG,20245475,SK SISWA,17,ORANG,2018
114,32,JAWA BARAT,3273,KOTA BANDUNG,3273210,CIBEUNYING KIDUL,32.73.14,CIBEUNYING KIDUL,SDN 114 BOJONGKONENG CIBEUNYING KOTA BANDUNG,20245119,SK SISWA,182,ORANG,2018
115,32,JAWA BARAT,3273,KOTA BANDUNG,3273070,LENGKONG,32.73.13,LENGKONG,SDN 115 TURANGGA KOTA BANDUNG,20245097,SK SISWA,37,ORANG,2018
116,32,JAWA BARAT,3273,KOTA BANDUNG,3273150,KIARACONDONG,32.73.16,KIARACONDONG,SDN 116 CICAHEUM KOTA BANDUNG,20245512,SK SISWA,183,ORANG,2018
117,32,JAWA BARAT,3273,KOTA BANDUNG,3273080,BANDUNG KIDUL,32.73.21,BANDUNG KIDUL,SDN 117 BATUNUNGGAL KOTA BANDUNG,20245021,SK SISWA,280,ORANG,2018
118,32,JAWA BARAT,3273,KOTA BANDUNG,3273030,BOJONGLOA KALER,32.73.04,BOJONGLOA KALER,SDN 118 TANJUNG KOTA BANDUNG,20244990,SK SISWA,364,ORANG,2018
119,32,JAWA BARAT,3273,KOTA BANDUNG,3273070,LENGKONG,32.73.13,LENGKONG,SDN 119 CIJAGRA KOTA BANDUNG,20245023,SK SISWA,65,ORANG,2018
120,32,JAWA BARAT,3273,KOTA BANDUNG,3273060,REGOL,32.73.11,REGOL,SDN 120 KOTABARU KOTA BANDUNG,20245218,SK SISWA,80,ORANG,2018
121,32,JAWA BARAT,3273,KOTA BANDUNG,3273010,BANDUNG KULON,32.73.15,BANDUNG KULON,SDN 121 CARINGIN HOLIS KOTA BANDUNG,20244742,SK SISWA,229,ORANG,2018
122,32,JAWA BARAT,3273,KOTA BANDUNG,3273100,RANCASARI,32.73.23,RANCASARI,SDN 122 CIJAWURA KOTA BANDUNG,20245169,SK SISWA,228,ORANG,2018
123,32,JAWA BARAT,3273,KOTA BANDUNG,3273060,REGOL,32.73.11,REGOL,SDN 123 BABAKAN PRIANGAN KOTA BANDUNG,20245108,SK SISWA,131,ORANG,2018
124,32,JAWA BARAT,3273,KOTA BANDUNG,3273110,CIBIRU,32.73.25,CIBIRU,SDN 124 HANURA KOTA BANDUNG,20245586,SK SISWA,202,ORANG,2018
125,32,JAWA BARAT,3273,KOTA BANDUNG,3273110,CIBIRU,32.73.25,CIBIRU,SDN 125 TARUNA KARYA KOTA BANDUNG,20245811,SK SISWA,129,ORANG,2018
126,32,JAWA BARAT,3273,KOTA BANDUNG,3273020,BABAKAN CIPARAY,32.73.03,BABAKAN CIPARAY,SDN 126 BABAKAN KOTA BANDUNG,20244995,SK SISWA,241,ORANG,2018
127,32,JAWA BARAT,3273,KOTA BANDUNG,3273230,COBLONG,32.73.02,COBLONG,SDN 127 SEKELOA KOTA BANDUNG,20245765,SK SISWA,172,ORANG,2018
128,32,JAWA BARAT,3273,KOTA BANDUNG,3273230,COBLONG,32.73.02,COBLONG,SDN 128 HAURPANCUH KOTA BANDUNG,20245587,SK SISWA,187,ORANG,2018
129,32,JAWA BARAT,3273,KOTA BANDUNG,3273090,BUAHBATU,32.73.22,BUAHBATU,SDN 129 RANCASAWO MARGASARI KOTA BANDUNG,20246417,SK SISWA,242,ORANG,2018
130,32,JAWA BARAT,3273,KOTA BANDUNG,3273080,BANDUNG KIDUL,32.73.21,BANDUNG KIDUL,SDN 130 SEKELIMUS BATUNUNGGAL KOTA BANDUNG,20245084,SK SISWA,418,ORANG,2018
131,32,JAWA BARAT,3273,KOTA BANDUNG,3273090,BUAHBATU,32.73.22,BUAHBATU,SDN 131 CIJAWURA KOTA BANDUNG,20245171,SK SISWA,244,ORANG,2018
132,32,JAWA BARAT,3273,KOTA BANDUNG,3273220,CIBEUNYING KALER,32.73.18,CIBEUNYING KALER,SDN 132 CIHAURGEULIS KOTA BANDUNG,20245165,SK SISWA,56,ORANG,2018
133,32,JAWA BARAT,3273,KOTA BANDUNG,3273210,CIBEUNYING KIDUL,32.73.14,CIBEUNYING KIDUL,SDN 133 JALAN ANYAR KOTA BANDUNG,20245211,SK SISWA,77,ORANG,2018
134,32,JAWA BARAT,3273,KOTA BANDUNG,3273260,CIDADAP,32.73.08,CIDADAP,SDN 134 PANORAMA KOTA BANDUNG,20245244,SK SISWA,58,ORANG,2018
135,32,JAWA BARAT,3273,KOTA BANDUNG,3273070,LENGKONG,32.73.13,LENGKONG,SDN 135 TURANGGA KOTA BANDUNG,20245098,SK SISWA,51,ORANG,2018
136,32,JAWA BARAT,3273,KOTA BANDUNG,3273240,SUKAJADI,32.73.07,SUKAJADI,SDN 136 SUKAWARNA KOTA BANDUNG,20245278,SK SISWA,151,ORANG,2018
137,32,JAWA BARAT,3273,KOTA BANDUNG,3273250,SUKASARI,32.73.01,SUKASARI,SDN 137 CIJEROKASO KOTA BANDUNG,20244848,SK SISWA,78,ORANG,2018
138,32,JAWA BARAT,3273,KOTA BANDUNG,3273250,SUKASARI,32.73.01,SUKASARI,SDN 138 GEGERKALONG GIRANG KOTA BANDUNG,20247203,SK SISWA,100,ORANG,2018
139,32,JAWA BARAT,3273,KOTA BANDUNG,3273250,SUKASARI,32.73.01,SUKASARI,SDN 139 SUKARASA KOTA BANDUNG,20244928,SK SISWA,36,ORANG,2018
140,32,JAWA BARAT,3273,KOTA BANDUNG,3273130,ARCAMANIK,32.73.24,ARCAMANIK,SDN 140 ARCAMANIK KOTA BANDUNG,20245447,SK SISWA,127,ORANG,2018
141,32,JAWA BARAT,3273,KOTA BANDUNG,3273130,ARCAMANIK,32.73.24,ARCAMANIK,SDN 141 LOKAJAYA KOTA BANDUNG,20245712,SK SISWA,271,ORANG,2018
142,32,JAWA BARAT,3273,KOTA BANDUNG,3273050,ASTANAANYAR,32.73.10,ASTANA ANYAR,SDN 142 DWIKORA KOTA BANDUNG,20245029,SK SISWA,360,ORANG,2018
143,32,JAWA BARAT,3273,KOTA BANDUNG,3273050,ASTANAANYAR,32.73.10,ASTANA ANYAR,SDN 143 KOPO KOTA BANDUNG,20245043,SK SISWA,91,ORANG,2018
144,32,JAWA BARAT,3273,KOTA BANDUNG,3273020,BABAKAN CIPARAY,32.73.03,BABAKAN CIPARAY,SDN 144 SITUGUNTING KOTA BANDUNG,20245089,SK SISWA,189,ORANG,2018
145,32,JAWA BARAT,3273,KOTA BANDUNG,3273160,BATUNUNGGAL,32.73.12,BATUNUNGGAL,SDN 145 BINONG JATI KOTA BANDUNG,20244825,SK SISWA,183,ORANG,2018
146,32,JAWA BARAT,3273,KOTA BANDUNG,3273160,BATUNUNGGAL,32.73.12,BATUNUNGGAL,SDN 146 GUMURUH KOTA BANDUNG,20244870,SK SISWA,237,ORANG,2018
147,32,JAWA BARAT,3273,KOTA BANDUNG,3273030,BOJONGLOA KALER,32.73.04,BOJONGLOA KALER,SDN 147 CITARIP BARAT KOTA BANDUNG,20244969,SK SISWA,373,ORANG,2018
148,32,JAWA BARAT,3273,KOTA BANDUNG,3273040,BOJONGLOA KIDUL,32.73.17,BOJONGLOA KIDUL,SDN 148 CIBADUYUT KOTA BANDUNG,20244963,SK SISWA,481,ORANG,2018
149,32,JAWA BARAT,3273,KOTA BANDUNG,3273220,CIBEUNYING KALER,32.73.18,CIBEUNYING KALER,SDN 149 CIGADUNG KOTA BANDUNG,20245162,SK SISWA,130,ORANG,2018
150,32,JAWA BARAT,3273,KOTA BANDUNG,3273210,CIBEUNYING KIDUL,32.73.14,CIBEUNYING KIDUL,SDN 150 GATOT SUBROTO KOTA BANDUNG,20245206,SK SISWA,139,ORANG,2018
151,32,JAWA BARAT,3273,KOTA BANDUNG,3273210,CIBEUNYING KIDUL,32.73.14,CIBEUNYING KIDUL,SDN 151 SUKASENANG KOTA BANDUNG,20245284,SK SISWA,57,ORANG,2018
152,32,JAWA BARAT,3273,KOTA BANDUNG,3273110,CIBIRU,32.73.25,CIBIRU,SDN 152 CIGAGAK KOTA BANDUNG,20245838,SK SISWA,144,ORANG,2018
153,32,JAWA BARAT,3273,KOTA BANDUNG,3273110,CIBIRU,32.73.25,CIBIRU,SDN 153 TARUNA KARYA KOTA BANDUNG,20245812,SK SISWA,310,ORANG,2018
154,32,JAWA BARAT,3273,KOTA BANDUNG,3273190,CICENDO,32.73.06,CICENDO,SDN 154 CITEPUS KOTA BANDUNG,20245541,SK SISWA,389,ORANG,2018
155,32,JAWA BARAT,3273,KOTA BANDUNG,3273190,CICENDO,32.73.06,CICENDO,SDN 155 GUNUNG RAHAYU KOTA BANDUNG,20245570,SK SISWA,124,ORANG,2018
156,32,JAWA BARAT,3273,KOTA BANDUNG,3273190,CICENDO,32.73.06,CICENDO,SDN 156 PASIRKALIKI KOTA BANDUNG,20245737,SK SISWA,301,ORANG,2018
157,32,JAWA BARAT,3273,KOTA BANDUNG,3273190,CICENDO,32.73.06,CICENDO,SDN 157 SUKARAJA KOTA BANDUNG,20245810,SK SISWA,19,ORANG,2018
158,32,JAWA BARAT,3273,KOTA BANDUNG,3273150,KIARACONDONG,32.73.16,KIARACONDONG,SDN 158 BABAKAN SARI BABAKAN SURABAYA KOTA BANDUNG,20245452,SK SISWA,302,ORANG,2018
159,32,JAWA BARAT,3273,KOTA BANDUNG,3273150,KIARACONDONG,32.73.16,KIARACONDONG,SDN 159 SEKEJATI KOTA BANDUNG,20245762,SK SISWA,315,ORANG,2018
160,32,JAWA BARAT,3273,KOTA BANDUNG,3273150,KIARACONDONG,32.73.16,KIARACONDONG,SDN 160 SUKALAKSANA KOTA BANDUNG,20245797,SK SISWA,332,ORANG,2018
161,32,JAWA BARAT,3273,KOTA BANDUNG,3273150,KIARACONDONG,32.73.16,KIARACONDONG,SDN 161 SUKAPURA KOTA BANDUNG,20245805,SK SISWA,250,ORANG,2018
162,32,JAWA BARAT,3273,KOTA BANDUNG,3273150,KIARACONDONG,32.73.16,KIARACONDONG,SDN 162 WARUNGJAMBU KIARACONDONG KOTA BANDUNG,20245836,SK SISWA,283,ORANG,2018
163,32,JAWA BARAT,3273,KOTA BANDUNG,3273070,LENGKONG,32.73.13,LENGKONG,SDN 163 BUAHBATU BARU KOTA BANDUNG,20245022,SK SISWA,166,ORANG,2018
164,32,JAWA BARAT,3273,KOTA BANDUNG,3273070,LENGKONG,32.73.13,LENGKONG,SDN 164 KARANGPAWULANG KOTA BANDUNG,20245036,SK SISWA,12,ORANG,2018
165,32,JAWA BARAT,3273,KOTA BANDUNG,3273142,MANDALAJATI,32.73.30,MANDALAJATI,SDN 165 JATIHANDAP KOTA BANDUNG,20245596,SK SISWA,86,ORANG,2018
166,32,JAWA BARAT,3273,KOTA BANDUNG,3273060,REGOL,32.73.11,REGOL,SDN 166 CIATEUL KOTA BANDUNG,20245146,SK SISWA,90,ORANG,2018
167,32,JAWA BARAT,3273,KOTA BANDUNG,3273060,REGOL,32.73.11,REGOL,SDN 167 MENGGER GIRANG KOTA BANDUNG,20245229,SK SISWA,338,ORANG,2018
168,32,JAWA BARAT,3273,KOTA BANDUNG,3273110,CIBIRU,32.73.25,CIBIRU,SDN 168 CIPADUNG KOTA BANDUNG,20245500,SK SISWA,165,ORANG,2018
169,32,JAWA BARAT,3273,KOTA BANDUNG,3273110,CIBIRU,32.73.25,CIBIRU,SDN 169 PELITA KOTA BANDUNG,20245747,SK SISWA,139,ORANG,2018
170,32,JAWA BARAT,3273,KOTA BANDUNG,3273190,CICENDO,32.73.06,CICENDO,SDN 170 DIAN KOTA BANDUNG,20245564,SK SISWA,74,ORANG,2018
171,32,JAWA BARAT,3273,KOTA BANDUNG,3273190,CICENDO,32.73.06,CICENDO,SDN 171 LANUMA HUSEIN KOTA BANDUNG,20245709,SK SISWA,47,ORANG,2018
172,32,JAWA BARAT,3273,KOTA BANDUNG,3273121,CINAMBO,32.73.29,CINAMBO,SDN 172 ANDIR KIDUL KOTA BANDUNG,20245439,SK SISWA,80,ORANG,2018
173,32,JAWA BARAT,3273,KOTA BANDUNG,3273230,COBLONG,32.73.02,COBLONG,SDN 173 NEGLASARI KOTA BANDUNG,20245717,SK SISWA,148,ORANG,2018
174,32,JAWA BARAT,3273,KOTA BANDUNG,3273142,MANDALAJATI,32.73.30,MANDALAJATI,SDN 174 PASIR IMPUN KOTA BANDUNG,20245733,SK SISWA,339,ORANG,2018
175,32,JAWA BARAT,3273,KOTA BANDUNG,3273142,MANDALAJATI,32.73.30,MANDALAJATI,SDN 175 TANJAKAN KOTA BANDUNG,20245816,SK SISWA,131,ORANG,2018
176,32,JAWA BARAT,3273,KOTA BANDUNG,3273250,SUKASARI,32.73.01,SUKASARI,SDN 176 CILANDAK KOTA BANDUNG,20245918,SK SISWA,67,ORANG,2018
177,32,JAWA BARAT,3273,KOTA BANDUNG,3273250,SUKASARI,32.73.01,SUKASARI,SDN 177 CIPEDES KOTA BANDUNG,20245919,SK SISWA,94,ORANG,2018
178,32,JAWA BARAT,3273,KOTA BANDUNG,3273250,SUKASARI,32.73.01,SUKASARI,SDN 178 GEGERKALONG KPAD KOTA BANDUNG,20244861,SK SISWA,57,ORANG,2018
179,32,JAWA BARAT,3273,KOTA BANDUNG,3273250,SUKASARI,32.73.01,SUKASARI,SDN 179 SARIJADI KOTA BANDUNG,20244903,SK SISWA,50,ORANG,2018
180,32,JAWA BARAT,3273,KOTA BANDUNG,3273130,ARCAMANIK,32.73.24,ARCAMANIK,SDN 180 PRAKARSA NUGRAHA KOTA BANDUNG,20245754,SK SISWA,257,ORANG,2018
181,32,JAWA BARAT,3273,KOTA BANDUNG,3273130,ARCAMANIK,32.73.24,ARCAMANIK,SDN 181 SUKAMISKIN KOTA BANDUNG,20245804,SK SISWA,189,ORANG,2018
182,32,JAWA BARAT,3273,KOTA BANDUNG,3273010,BANDUNG KULON,32.73.15,BANDUNG KULON,SDN 182 PERUMNAS CIJERAH KOTA BANDUNG,20244899,SK SISWA,122,ORANG,2018
183,32,JAWA BARAT,3273,KOTA BANDUNG,3273010,BANDUNG KULON,32.73.15,BANDUNG KULON,SDN 183 SAYURAN KOTA BANDUNG,20244910,SK SISWA,160,ORANG,2018
184,32,JAWA BARAT,3273,KOTA BANDUNG,3273090,BUAHBATU,32.73.22,BUAHBATU,SDN 184 BUAHBATU KOTA BANDUNG,20246396,SK SISWA,287,ORANG,2018
185,32,JAWA BARAT,3273,KOTA BANDUNG,3273220,CIBEUNYING KALER,32.73.18,CIBEUNYING KALER,SDN 185 CIHAURGEULIS KOTA BANDUNG,20245166,SK SISWA,59,ORANG,2018
186,32,JAWA BARAT,3273,KOTA BANDUNG,3273110,CIBIRU,32.73.25,CIBIRU,SDN 186 CIPADUNG KOTA BANDUNG,20245498,SK SISWA,143,ORANG,2018
187,32,JAWA BARAT,3273,KOTA BANDUNG,3273190,CICENDO,32.73.06,CICENDO,SDN 187 LANUMA HUSEIN KOTA BANDUNG,20245707,SK SISWA,114,ORANG,2018
188,32,JAWA BARAT,3273,KOTA BANDUNG,3273260,CIDADAP,32.73.08,CIDADAP,SDN 188 BANDUNG BARU KOTA BANDUNG,20245106,SK SISWA,190,ORANG,2018
189,32,JAWA BARAT,3273,KOTA BANDUNG,3273230,COBLONG,32.73.02,COBLONG,SDN 189 NEGLASARI KOTA BANDUNG,20245718,SK SISWA,68,ORANG,2018
190,32,JAWA BARAT,3273,KOTA BANDUNG,3273101,GEDEBAGE,32.73.27,GEDEBAGE,SDN 190 CISARANTEN KIDUL KOTA BANDUNG,20245505,SK SISWA,267,ORANG,2018
191,32,JAWA BARAT,3273,KOTA BANDUNG,3273150,KIARACONDONG,32.73.16,KIARACONDONG,SDN 191 BABAKAN SURABAYA KOTA BANDUNG,20245464,SK SISWA,319,ORANG,2018
192,32,JAWA BARAT,3273,KOTA BANDUNG,3273060,REGOL,32.73.11,REGOL,SDN 192 CIBURUY KOTA BANDUNG,20245148,SK SISWA,142,ORANG,2018
193,32,JAWA BARAT,3273,KOTA BANDUNG,3273240,SUKAJADI,32.73.07,SUKAJADI,SDN 193 CARINGIN KOTA BANDUNG,20245126,SK SISWA,184,ORANG,2018
194,32,JAWA BARAT,3273,KOTA BANDUNG,3273240,SUKAJADI,32.73.07,SUKAJADI,SDN 194 SUKAJADI KOTA BANDUNG,20244926,SK SISWA,100,ORANG,2018
195,32,JAWA BARAT,3273,KOTA BANDUNG,3273250,SUKASARI,32.73.01,SUKASARI,SDN 195 ISOLA KOTA BANDUNG,20244878,SK SISWA,63,ORANG,2018
196,32,JAWA BARAT,3273,KOTA BANDUNG,3273250,SUKASARI,32.73.01,SUKASARI,SDN 196 SUKARASA KOTA BANDUNG,20244929,SK SISWA,52,ORANG,2018
197,32,JAWA BARAT,3273,KOTA BANDUNG,3273180,ANDIR,32.73.05,ANDIR,SDN 197 KARANG TARUNA KARANGSARI KOTA BANDUNG,20245215,SK SISWA,187,ORANG,2018
198,32,JAWA BARAT,3273,KOTA BANDUNG,3273130,ARCAMANIK,32.73.24,ARCAMANIK,SDN 198 MEKARJAYA KOTA BANDUNG,20245715,SK SISWA,171,ORANG,2018
199,32,JAWA BARAT,3273,KOTA BANDUNG,3273010,BANDUNG KULON,32.73.15,BANDUNG KULON,SDN 199 SAYURAN KOTA BANDUNG,20244909,SK SISWA,232,ORANG,2018
200,32,JAWA BARAT,3273,KOTA BANDUNG,3273040,BOJONGLOA KIDUL,32.73.17,BOJONGLOA KIDUL,SDN 200 LEUWIPANJANG KOTA BANDUNG,20244980,SK SISWA,284,ORANG,2018
201,32,JAWA BARAT,3273,KOTA BANDUNG,3273220,CIBEUNYING KALER,32.73.18,CIBEUNYING KALER,SDN 201 SUKALUYU KOTA BANDUNG,20245280,SK SISWA,131,ORANG,2018
202,32,JAWA BARAT,3273,KOTA BANDUNG,3273070,LENGKONG,32.73.13,LENGKONG,SDN 202 SURYALAYA KOTA BANDUNG,20245094,SK SISWA,93,ORANG,2018
203,32,JAWA BARAT,3273,KOTA BANDUNG,3273160,BATUNUNGGAL,32.73.12,BATUNUNGGAL,SDN 203 KACAPIRING KOTA BANDUNG,20244880,SK SISWA,195,ORANG,2018
204,32,JAWA BARAT,3273,KOTA BANDUNG,3273260,CIDADAP,32.73.08,CIDADAP,SDN 204 CIDADAP KOTA BANDUNG,20245139,SK SISWA,43,ORANG,2018
205,32,JAWA BARAT,3273,KOTA BANDUNG,3273230,COBLONG,32.73.02,COBLONG,SDN 205 NEGLASARI KOTA BANDUNG,20245720,SK SISWA,66,ORANG,2018
206,32,JAWA BARAT,3273,KOTA BANDUNG,3273070,LENGKONG,32.73.13,LENGKONG,SDN 206 PUTRACO INDAH KOTA BANDUNG,20245077,SK SISWA,13,ORANG,2018
207,32,JAWA BARAT,3273,KOTA BANDUNG,3273240,SUKAJADI,32.73.07,SUKAJADI,SDN 207 CIBOGO KOTA BANDUNG,20245137,SK SISWA,31,ORANG,2018
208,32,JAWA BARAT,3273,KOTA BANDUNG,3273240,SUKAJADI,32.73.07,SUKAJADI,SDN 208 LUGINASARI SUKAGALIH KOTA BANDUNG,20245963,SK SISWA,213,ORANG,2018
209,32,JAWA BARAT,3273,KOTA BANDUNG,3273141,ANTAPANI,32.73.20,ANTAPANI,SDN 209 ANTAPANI KOTA BANDUNG,20245442,SK SISWA,205,ORANG,2018
210,32,JAWA BARAT,3273,KOTA BANDUNG,3273150,KIARACONDONG,32.73.16,KIARACONDONG,SDN 210 BABAKAN SINYAR KOTA BANDUNG,20245460,SK SISWA,307,ORANG,2018
211,32,JAWA BARAT,3273,KOTA BANDUNG,3273060,REGOL,32.73.11,REGOL,SDN 211 BABAKAN PRIANGAN KOTA BANDUNG,20245110,SK SISWA,151,ORANG,2018
212,32,JAWA BARAT,3273,KOTA BANDUNG,3273250,SUKASARI,32.73.01,SUKASARI,SDN 212 HARAPAN KOTA BANDUNG,20245941,SK SISWA,60,ORANG,2018
213,32,JAWA BARAT,3273,KOTA BANDUNG,3273020,BABAKAN CIPARAY,32.73.03,BABAKAN CIPARAY,SDN 213 BABAKAN CIPARAY KOTA BANDUNG,20245008,SK SISWA,220,ORANG,2018
214,32,JAWA BARAT,3273,KOTA BANDUNG,3273010,BANDUNG KULON,32.73.15,BANDUNG KULON,SDN 214 PERUMNAS CIJERAH KOTA BANDUNG,20244900,SK SISWA,45,ORANG,2018
215,32,JAWA BARAT,3273,KOTA BANDUNG,3273101,GEDEBAGE,32.73.27,GEDEBAGE,SDN 215 RANCASAGATAN KOTA BANDUNG,20245759,SK SISWA,106,ORANG,2018
216,32,JAWA BARAT,3273,KOTA BANDUNG,3273101,GEDEBAGE,32.73.27,GEDEBAGE,SDN 216 SONDARIAH KOTA BANDUNG,20245780,SK SISWA,91,ORANG,2018
217,32,JAWA BARAT,3273,KOTA BANDUNG,3273250,SUKASARI,32.73.01,SUKASARI,SDN 217 SARIJADI KOTA BANDUNG,20245971,SK SISWA,29,ORANG,2018
218,32,JAWA BARAT,3273,KOTA BANDUNG,3273250,SUKASARI,32.73.01,SUKASARI,SDN 218 SARIJADI KOTA BANDUNG,20244907,SK SISWA,99,ORANG,2018
219,32,JAWA BARAT,3273,KOTA BANDUNG,3273160,BATUNUNGGAL,32.73.12,BATUNUNGGAL,SDN 219 BABAKANJATI KOTA BANDUNG,20244823,SK SISWA,215,ORANG,2018
220,32,JAWA BARAT,3273,KOTA BANDUNG,3273160,BATUNUNGGAL,32.73.12,BATUNUNGGAL,SDN 220 GUMURUH KOTA BANDUNG,20244871,SK SISWA,86,ORANG,2018
221,32,JAWA BARAT,3273,KOTA BANDUNG,3273150,KIARACONDONG,32.73.16,KIARACONDONG,SDN 221 BABAKAN SENTRAL KOTA BANDUNG,20245455,SK SISWA,292,ORANG,2018
222,32,JAWA BARAT,3273,KOTA BANDUNG,3273100,RANCASARI,32.73.23,RANCASARI,SDN 222 PASIRPOGOR KOTA BANDUNG,20246413,SK SISWA,81,ORANG,2018
223,32,JAWA BARAT,3273,KOTA BANDUNG,3273060,REGOL,32.73.11,REGOL,SDN 223 BHAKTI WINAYA KOTA BANDUNG,20245114,SK SISWA,254,ORANG,2018
224,32,JAWA BARAT,3273,KOTA BANDUNG,3273120,UJUNG BERUNG,32.73.26,UJUNGBERUNG,SDN 224 CIJAMBE KOTA BANDUNG,20245517,SK SISWA,88,ORANG,2018
225,32,JAWA BARAT,3273,KOTA BANDUNG,3273120,UJUNG BERUNG,32.73.26,UJUNGBERUNG,SDN 225 MEKARGALIH KOTA BANDUNG,20245714,SK SISWA,190,ORANG,2018
226,32,JAWA BARAT,3273,KOTA BANDUNG,3273130,ARCAMANIK,32.73.24,ARCAMANIK,SDN 226 ARCAMANIK ENDAH KOTA BANDUNG,20245448,SK SISWA,19,ORANG,2018
227,32,JAWA BARAT,3273,KOTA BANDUNG,3273020,BABAKAN CIPARAY,32.73.03,BABAKAN CIPARAY,SDN 227 MARGAHAYU UTARA KOTA BANDUNG,20245046,SK SISWA,215,ORANG,2018
228,32,JAWA BARAT,3273,KOTA BANDUNG,3273040,BOJONGLOA KIDUL,32.73.17,BOJONGLOA KIDUL,SDN 228 CANGKUANG KOTA BANDUNG,20244959,SK SISWA,235,ORANG,2018
229,32,JAWA BARAT,3273,KOTA BANDUNG,3273040,BOJONGLOA KIDUL,32.73.17,BOJONGLOA KIDUL,SDN 229 CIBADUYUT KOTA BANDUNG,20244966,SK SISWA,178,ORANG,2018
230,32,JAWA BARAT,3273,KOTA BANDUNG,3273090,BUAHBATU,32.73.22,BUAHBATU,SDN 230 MARGAHAYU RAYA KOTA BANDUNG,20245226,SK SISWA,92,ORANG,2018
231,32,JAWA BARAT,3273,KOTA BANDUNG,3273142,MANDALAJATI,32.73.30,MANDALAJATI,SDN 231 SUKAASIH KOTA BANDUNG,20245794,SK SISWA,184,ORANG,2018
232,32,JAWA BARAT,3273,KOTA BANDUNG,3273010,BANDUNG KULON,32.73.15,BANDUNG KULON,SDN 232 BLOK SAWAH KOTA BANDUNG,20244739,SK SISWA,114,ORANG,2018
233,32,JAWA BARAT,3273,KOTA BANDUNG,3273040,BOJONGLOA KIDUL,32.73.17,BOJONGLOA KIDUL,SDN 233 CIBADUYUT KOTA BANDUNG,20244967,SK SISWA,189,ORANG,2018
234,32,JAWA BARAT,3273,KOTA BANDUNG,3273210,CIBEUNYING KIDUL,32.73.14,CIBEUNYING KIDUL,SDN 234 SALUYU KOTA BANDUNG,20245262,SK SISWA,177,ORANG,2018
235,32,JAWA BARAT,3273,KOTA BANDUNG,3273070,LENGKONG,32.73.13,LENGKONG,SDN 235 LENGKONG KECIL KOTA BANDUNG,20245045,SK SISWA,182,ORANG,2018
236,32,JAWA BARAT,3273,KOTA BANDUNG,3273020,BABAKAN CIPARAY,32.73.03,BABAKAN CIPARAY,SDN 236 BABAKAN CIPARAY KOTA BANDUNG,20245001,SK SISWA,166,ORANG,2018
237,32,JAWA BARAT,3273,KOTA BANDUNG,3273020,BABAKAN CIPARAY,32.73.03,BABAKAN CIPARAY,SDN 237 KOPO ELOK KOTA BANDUNG,20245044,SK SISWA,119,ORANG,2018
238,32,JAWA BARAT,3273,KOTA BANDUNG,3273010,BANDUNG KULON,32.73.15,BANDUNG KULON,SDN 238 CIGONDEWAH KOTA BANDUNG,20244839,SK SISWA,109,ORANG,2018
239,32,JAWA BARAT,3273,KOTA BANDUNG,3273010,BANDUNG KULON,32.73.15,BANDUNG KULON,SDN 239 CIGONDEWAH KOTA BANDUNG,20244838,SK SISWA,100,ORANG,2018
240,32,JAWA BARAT,3273,KOTA BANDUNG,3273010,BANDUNG KULON,32.73.15,BANDUNG KULON,SDN 240 CIJERAH INDAH KOTA BANDUNG,20244846,SK SISWA,122,ORANG,2018
241,32,JAWA BARAT,3273,KOTA BANDUNG,3273040,BOJONGLOA KIDUL,32.73.17,BOJONGLOA KIDUL,SDN 241 LEUWIANYAR KOTA BANDUNG,20244978,SK SISWA,262,ORANG,2018
242,32,JAWA BARAT,3273,KOTA BANDUNG,3273090,BUAHBATU,32.73.22,BUAHBATU,SDN 242 MARGASARI KOTA BANDUNG,20245228,SK SISWA,112,ORANG,2018
243,32,JAWA BARAT,3273,KOTA BANDUNG,3273142,MANDALAJATI,32.73.30,MANDALAJATI,SDN 243 CICABE KOTA BANDUNG,20245510,SK SISWA,151,ORANG,2018
244,32,JAWA BARAT,3273,KOTA BANDUNG,3273130,ARCAMANIK,32.73.24,ARCAMANIK,SDN 244 GURUMINDA KOTA BANDUNG,20245585,SK SISWA,106,ORANG,2018
245,32,JAWA BARAT,3273,KOTA BANDUNG,3273020,BABAKAN CIPARAY,32.73.03,BABAKAN CIPARAY,SDN 245 SUMBERSARI INDAH KOTA BANDUNG,20245090,SK SISWA,287,ORANG,2018
246,32,JAWA BARAT,3273,KOTA BANDUNG,3273090,BUAHBATU,32.73.22,BUAHBATU,SDN 246 MARGACINTA KOTA BANDUNG,20246410,SK SISWA,357,ORANG,2018
247,32,JAWA BARAT,3273,KOTA BANDUNG,3273110,CIBIRU,32.73.25,CIBIRU,SDN 247 SUKAPURA KOTA BANDUNG,20258124,SK SISWA,108,ORANG,2018
248,32,JAWA BARAT,3273,KOTA BANDUNG,3273141,ANTAPANI,32.73.20,ANTAPANI,SDN 248 SINDANGSARI KOTA BANDUNG,20245778,SK SISWA,193,ORANG,2018
249,32,JAWA BARAT,3273,KOTA BANDUNG,3273050,ASTANAANYAR,32.73.10,ASTANA ANYAR,SDN 249 ASTANAANYAR KOTA BANDUNG,20244993,SK SISWA,231,ORANG,2018
250,32,JAWA BARAT,3273,KOTA BANDUNG,3273080,BANDUNG KIDUL,32.73.21,BANDUNG KIDUL,SDN 250 JAKAPURWA KOTA BANDUNG,20245034,SK SISWA,90,ORANG,2018
251,32,JAWA BARAT,3273,KOTA BANDUNG,3273030,BOJONGLOA KALER,32.73.04,BOJONGLOA KALER,SDN 251 JAMIKA KOTA BANDUNG,20244975,SK SISWA,341,ORANG,2018
252,32,JAWA BARAT,3273,KOTA BANDUNG,3273250,SUKASARI,32.73.01,SUKASARI,SDN 252 SETIABUDI KOTA BANDUNG,20244937,SK SISWA,32,ORANG,2018
253,32,JAWA BARAT,3273,KOTA BANDUNG,3273120,UJUNG BERUNG,32.73.26,UJUNGBERUNG,SDN 253 PANGGUNGSARI KOTA BANDUNG,20245731,SK SISWA,339,ORANG,2018
254,32,JAWA BARAT,3273,KOTA BANDUNG,3273141,ANTAPANI,32.73.20,ANTAPANI,SDN 254 GRIYA BUMI ANTAPANI KOTA BANDUNG,20245583,SK SISWA,97,ORANG,2018
255,32,JAWA BARAT,3273,KOTA BANDUNG,3273141,ANTAPANI,32.73.20,ANTAPANI,SDN 255 GRIYA BUMI ANTAPANI KOTA BANDUNG,20245575,SK SISWA,154,ORANG,2018
256,32,JAWA BARAT,3273,KOTA BANDUNG,3273010,BANDUNG KULON,32.73.15,BANDUNG KULON,SDN 256 CIGONDEWAH HILIR KOTA BANDUNG,20244840,SK SISWA,148,ORANG,2018
257,32,JAWA BARAT,3273,KOTA BANDUNG,3273070,LENGKONG,32.73.13,LENGKONG,SDN 257 PELITA KOTA BANDUNG,20245257,SK SISWA,29,ORANG,2018
258,32,JAWA BARAT,3273,KOTA BANDUNG,3273111,PANYILEUKAN,32.73.28,PANYILEUKAN,SDN 258 SUKARELA KOTA BANDUNG,20245792,SK SISWA,211,ORANG,2018
259,32,JAWA BARAT,3273,KOTA BANDUNG,3273141,ANTAPANI,32.73.20,ANTAPANI,SDN 259 GRIYA BUMI ANTAPANI KOTA BANDUNG,20245580,SK SISWA,69,ORANG,2018
260,32,JAWA BARAT,3273,KOTA BANDUNG,3273141,ANTAPANI,32.73.20,ANTAPANI,SDN 260 GRIYA BUMI ANTAPANI KOTA BANDUNG,20245582,SK SISWA,90,ORANG,2018
261,32,JAWA BARAT,3273,KOTA BANDUNG,3273090,BUAHBATU,32.73.22,BUAHBATU,SDN 261 MARGAHAYU RAYA KOTA BANDUNG,20246408,SK SISWA,46,ORANG,2018
262,32,JAWA BARAT,3273,KOTA BANDUNG,3273111,PANYILEUKAN,32.73.28,PANYILEUKAN,SDN 262 PANYILEUKAN KOTA BANDUNG,20245724,SK SISWA,52,ORANG,2018
263,32,JAWA BARAT,3273,KOTA BANDUNG,3273100,RANCASARI,32.73.23,RANCASARI,SDN 263 RANCALOA KOTA BANDUNG,20245756,SK SISWA,254,ORANG,2018
264,32,JAWA BARAT,3273,KOTA BANDUNG,3273141,ANTAPANI,32.73.20,ANTAPANI,SDN 264 GRIYA BUMI ANTAPANI KOTA BANDUNG,20245577,SK SISWA,102,ORANG,2018
265,32,JAWA BARAT,3273,KOTA BANDUNG,3273050,ASTANAANYAR,32.73.10,ASTANA ANYAR,SDN 265 BANDUNGKULON KOTA BANDUNG,20244949,SK SISWA,328,ORANG,2018
266,32,JAWA BARAT,3273,KOTA BANDUNG,3273080,BANDUNG KIDUL,32.73.21,BANDUNG KIDUL,SDN 266 MENGGER KOTA BANDUNG,20245049,SK SISWA,66,ORANG,2018
267,32,JAWA BARAT,3273,KOTA BANDUNG,3273141,ANTAPANI,32.73.20,ANTAPANI,SDN 267 GRIYA BUMI ANTAPANI KOTA BANDUNG,20245573,SK SISWA,114,ORANG,2018
268,32,JAWA BARAT,3273,KOTA BANDUNG,3273111,PANYILEUKAN,32.73.28,PANYILEUKAN,SDN 268 PANYILEUKAN KOTA BANDUNG,20245726,SK SISWA,51,ORANG,2018
269,32,JAWA BARAT,3273,KOTA BANDUNG,3273141,ANTAPANI,32.73.20,ANTAPANI,SDN 269 GRIYA BUMI ANTAPANI KOTA BANDUNG,20245579,SK SISWA,88,ORANG,2018
270,32,JAWA BARAT,3273,KOTA BANDUNG,3273030,BOJONGLOA KALER,32.73.04,BOJONGLOA KALER,SDN 270 GENTRA MASEKDAS KOTA BANDUNG,20244974,SK SISWA,207,ORANG,2018
271,32,JAWA BARAT,3273,KOTA BANDUNG,3273111,PANYILEUKAN,32.73.28,PANYILEUKAN,SDN 271 PANGHEGAR KOTA BANDUNG,20245723,SK SISWA,44,ORANG,2018
272,32,JAWA BARAT,3273,KOTA BANDUNG,3273240,SUKAJADI,32.73.07,SUKAJADI,SDN 272 SUKASARI KOTA BANDUNG,20245274,SK SISWA,131,ORANG,2018
273,32,JAWA BARAT,3273,KOTA BANDUNG,3273010,BANDUNG KULON,32.73.15,BANDUNG KULON,SDN 273 GEMPOL SARI KOTA BANDUNG,20244863,SK SISWA,49,ORANG,2018
274,32,JAWA BARAT,3273,KOTA BANDUNG,3273101,GEDEBAGE,32.73.27,GEDEBAGE,SDN 274 CEMPAKA ARUM KOTA BANDUNG,20245486,SK SISWA,25,ORANG,2018
275,32,JAWA BARAT,3273,KOTA BANDUNG,3273190,CICENDO,32.73.06,CICENDO,SD 1 KRISTEN PAULUS,20219591,SK SISWA,5,ORANG,2018
276,32,JAWA BARAT,3273,KOTA BANDUNG,3273170,SUMUR BANDUNG,32.73.19,SUMUR BANDUNG,SD 3 KRISTEN PAULUS,20219588,SK SISWA,5,ORANG,2018
277,32,JAWA BARAT,3273,KOTA BANDUNG,3273142,MANDALAJATI,32.73.30,MANDALAJATI,SD ABU AZIS,69947473,SK SISWA,1,ORANG,2018
278,32,JAWA BARAT,3273,KOTA BANDUNG,3273180,ANDIR,32.73.05,ANDIR,SD ADVENT CIMINDI,20219531,SK SISWA,11,ORANG,2018
279,32,JAWA BARAT,3273,KOTA BANDUNG,3273230,COBLONG,32.73.02,COBLONG,SD ADVENT II BANDUNG,20258082,SK SISWA,4,ORANG,2018
280,32,JAWA BARAT,3273,KOTA BANDUNG,3273170,SUMUR BANDUNG,32.73.19,SUMUR BANDUNG,SD ADVENT NARIPAN,20219530,SK SISWA,1,ORANG,2018
281,32,JAWA BARAT,3273,KOTA BANDUNG,3273260,CIDADAP,32.73.08,CIDADAP,SD ADZKIA,69932122,SK SISWA,54,ORANG,2018
282,32,JAWA BARAT,3273,KOTA BANDUNG,3273170,SUMUR BANDUNG,32.73.19,SUMUR BANDUNG,SD AL AZHAR 36,69752555,SK SISWA,29,ORANG,2018
283,32,JAWA BARAT,3273,KOTA BANDUNG,3273020,BABAKAN CIPARAY,32.73.03,BABAKAN CIPARAY,SD AL BAROKAH,20219528,SK SISWA,91,ORANG,2018
284,32,JAWA BARAT,3273,KOTA BANDUNG,3273040,BOJONGLOA KIDUL,32.73.17,BOJONGLOA KIDUL,SD AL BASYARIYAH,20219527,SK SISWA,43,ORANG,2018
285,32,JAWA BARAT,3273,KOTA BANDUNG,3273230,COBLONG,32.73.02,COBLONG,SD AL FALAH,20219526,SK SISWA,52,ORANG,2018
286,32,JAWA BARAT,3273,KOTA BANDUNG,3273030,BOJONGLOA KALER,32.73.04,BOJONGLOA KALER,SD AL FATAH,20219525,SK SISWA,191,ORANG,2018
287,32,JAWA BARAT,3273,KOTA BANDUNG,3273190,CICENDO,32.73.06,CICENDO,SD AL FATAH AL HASAN,20219524,SK SISWA,54,ORANG,2018
288,32,JAWA BARAT,3273,KOTA BANDUNG,3273030,BOJONGLOA KALER,32.73.04,BOJONGLOA KALER,SD AL HIDAYAH,20219523,SK SISWA,197,ORANG,2018
289,32,JAWA BARAT,3273,KOTA BANDUNG,3273260,CIDADAP,32.73.08,CIDADAP,SD AL HUSAINIYYAH,20219544,SK SISWA,182,ORANG,2018
290,32,JAWA BARAT,3273,KOTA BANDUNG,3273240,SUKAJADI,32.73.07,SUKAJADI,SD AL IKHLAS,20219532,SK SISWA,130,ORANG,2018
291,32,JAWA BARAT,3273,KOTA BANDUNG,3273260,CIDADAP,32.73.08,CIDADAP,SD AL- HIDAYAH,20252052,SK SISWA,146,ORANG,2018
292,32,JAWA BARAT,3273,KOTA BANDUNG,3273230,COBLONG,32.73.02,COBLONG,SD AL-AMIN,20219529,SK SISWA,66,ORANG,2018
293,32,JAWA BARAT,3273,KOTA BANDUNG,3273130,ARCAMANIK,32.73.24,ARCAMANIK,SD AL-IHSAN ISLAMIC SCHOOL,69969798,SK SISWA,2,ORANG,2018
294,32,JAWA BARAT,3273,KOTA BANDUNG,3273142,MANDALAJATI,32.73.30,MANDALAJATI,SD AL-IRHAAM GLOBAL ISLAMIC SCHOOL,20252083,SK SISWA,3,ORANG,2018
295,32,JAWA BARAT,3273,KOTA BANDUNG,3273230,COBLONG,32.73.02,COBLONG,SD ALAM BANDUNG,20269424,SK SISWA,7,ORANG,2018
296,32,JAWA BARAT,3273,KOTA BANDUNG,3273010,BANDUNG KULON,32.73.15,BANDUNG KULON,SD ANDIR MUKTI,20219533,SK SISWA,138,ORANG,2018
297,32,JAWA BARAT,3273,KOTA BANDUNG,3273190,CICENDO,32.73.06,CICENDO,SD ANGKASA 1,20219534,SK SISWA,22,ORANG,2018
298,32,JAWA BARAT,3273,KOTA BANDUNG,3273190,CICENDO,32.73.06,CICENDO,SD ANGKASA 3,20219542,SK SISWA,4,ORANG,2018
299,32,JAWA BARAT,3273,KOTA BANDUNG,3273230,COBLONG,32.73.02,COBLONG,SD AR-RAHMAN DARUL ILMI,69934958,SK SISWA,2,ORANG,2018
300,32,JAWA BARAT,3273,KOTA BANDUNG,3273150,KIARACONDONG,32.73.16,KIARACONDONG,SD ARRAFI,20247205,SK SISWA,8,ORANG,2018
301,32,JAWA BARAT,3273,KOTA BANDUNG,3273101,GEDEBAGE,32.73.27,GEDEBAGE,SD ASHFIYA,69922041,SK SISWA,2,ORANG,2018
302,32,JAWA BARAT,3273,KOTA BANDUNG,3273060,REGOL,32.73.11,REGOL,SD ASSALAAM,20219541,SK SISWA,16,ORANG,2018
303,32,JAWA BARAT,3273,KOTA BANDUNG,3273100,RANCASARI,32.73.23,RANCASARI,SD ASY-SYIFA 1,20219539,SK SISWA,11,ORANG,2018
304,32,JAWA BARAT,3273,KOTA BANDUNG,3273141,ANTAPANI,32.73.20,ANTAPANI,SD ASY-SYIFA 2,20219580,SK SISWA,9,ORANG,2018
305,32,JAWA BARAT,3273,KOTA BANDUNG,3273010,BANDUNG KULON,32.73.15,BANDUNG KULON,SD ATTAZHIMIYAH,20219538,SK SISWA,84,ORANG,2018
306,32,JAWA BARAT,3273,KOTA BANDUNG,3273090,BUAHBATU,32.73.22,BUAHBATU,SD AZ-ZAKIYAH,20219579,SK SISWA,7,ORANG,2018
307,32,JAWA BARAT,3273,KOTA BANDUNG,3273010,BANDUNG KULON,32.73.15,BANDUNG KULON,SD BAITUL HIKMAH,69947447,SK SISWA,13,ORANG,2018
308,32,JAWA BARAT,3273,KOTA BANDUNG,3273180,ANDIR,32.73.05,ANDIR,SD BALA KESELAMATAN,20219585,SK SISWA,24,ORANG,2018
309,32,JAWA BARAT,3273,KOTA BANDUNG,3273070,LENGKONG,32.73.13,LENGKONG,SD BANDUNG ISLAMIC SCHOOL,69971730,SK SISWA,2,ORANG,2018
310,32,JAWA BARAT,3273,KOTA BANDUNG,3273010,BANDUNG KULON,32.73.15,BANDUNG KULON,SD BANDUNG RAYA,20219537,SK SISWA,80,ORANG,2018
311,32,JAWA BARAT,3273,KOTA BANDUNG,3273060,REGOL,32.73.11,REGOL,SD BINA TALENTA,20247274,SK SISWA,1,ORANG,2018
312,32,JAWA BARAT,3273,KOTA BANDUNG,3273130,ARCAMANIK,32.73.24,ARCAMANIK,SD BINTANG MADANI,20270664,SK SISWA,25,ORANG,2018
313,32,JAWA BARAT,3273,KOTA BANDUNG,3273180,ANDIR,32.73.05,ANDIR,SD BODHI SINAR TERANG,69967567,SK SISWA,1,ORANG,2018
314,32,JAWA BARAT,3273,KOTA BANDUNG,3273070,LENGKONG,32.73.13,LENGKONG,SD BPI,20219536,SK SISWA,9,ORANG,2018
315,32,JAWA BARAT,3273,KOTA BANDUNG,3273180,ANDIR,32.73.05,ANDIR,SD BPMD TARUNA,20219535,SK SISWA,101,ORANG,2018
316,32,JAWA BARAT,3273,KOTA BANDUNG,3273090,BUAHBATU,32.73.22,BUAHBATU,SD BUDI ASIH,20219522,SK SISWA,90,ORANG,2018
317,32,JAWA BARAT,3273,KOTA BANDUNG,3273070,LENGKONG,32.73.13,LENGKONG,SD BUDI ISTRI,20219617,SK SISWA,114,ORANG,2018
318,32,JAWA BARAT,3273,KOTA BANDUNG,3273040,BOJONGLOA KIDUL,32.73.17,BOJONGLOA KIDUL,SD BUDI SASTRA,20219604,SK SISWA,145,ORANG,2018
319,32,JAWA BARAT,3273,KOTA BANDUNG,3273010,BANDUNG KULON,32.73.15,BANDUNG KULON,SD CAHAYA NUSANTARA,20258325,SK SISWA,1,ORANG,2018
320,32,JAWA BARAT,3273,KOTA BANDUNG,3273020,BABAKAN CIPARAY,32.73.03,BABAKAN CIPARAY,SD CAHAYA PELITA,20219603,SK SISWA,220,ORANG,2018
321,32,JAWA BARAT,3273,KOTA BANDUNG,3273240,SUKAJADI,32.73.07,SUKAJADI,SD CEMARA,20219601,SK SISWA,28,ORANG,2018
322,32,JAWA BARAT,3273,KOTA BANDUNG,3273130,ARCAMANIK,32.73.24,ARCAMANIK,SD CENDEKIA MUDA,20255299,SK SISWA,2,ORANG,2018
323,32,JAWA BARAT,3273,KOTA BANDUNG,3273100,RANCASARI,32.73.23,RANCASARI,SD CERDAS MULIA EKSELENSIA,69949228,SK SISWA,2,ORANG,2018
324,32,JAWA BARAT,3273,KOTA BANDUNG,3273130,ARCAMANIK,32.73.24,ARCAMANIK,SD CERDAS MUTHAHHARI,20267679,SK SISWA,2,ORANG,2018
325,32,JAWA BARAT,3273,KOTA BANDUNG,3273070,LENGKONG,32.73.13,LENGKONG,SD CIPAERA,20219599,SK SISWA,62,ORANG,2018
326,32,JAWA BARAT,3273,KOTA BANDUNG,3273160,BATUNUNGGAL,32.73.12,BATUNUNGGAL,SD CIPTA KARYA,20246315,SK SISWA,80,ORANG,2018
327,32,JAWA BARAT,3273,KOTA BANDUNG,3273010,BANDUNG KULON,32.73.15,BANDUNG KULON,SD CITRA CEMARA,20269306,SK SISWA,5,ORANG,2018
328,32,JAWA BARAT,3273,KOTA BANDUNG,3273240,SUKAJADI,32.73.07,SUKAJADI,SD CITRA WINAYA,20219598,SK SISWA,63,ORANG,2018
329,32,JAWA BARAT,3273,KOTA BANDUNG,3273230,COBLONG,32.73.02,COBLONG,SD DARUL HIKAM,20219597,SK SISWA,14,ORANG,2018
330,32,JAWA BARAT,3273,KOTA BANDUNG,3273060,REGOL,32.73.11,REGOL,SD DEWI SARTIKA,20219596,SK SISWA,8,ORANG,2018
331,32,JAWA BARAT,3273,KOTA BANDUNG,3273060,REGOL,32.73.11,REGOL,SD DIAN KENCANA,20219606,SK SISWA,29,ORANG,2018
332,32,JAWA BARAT,3273,KOTA BANDUNG,3273030,BOJONGLOA KALER,32.73.04,BOJONGLOA KALER,SD DWI AMANAT,20219607,SK SISWA,105,ORANG,2018
333,32,JAWA BARAT,3273,KOTA BANDUNG,3273180,ANDIR,32.73.05,ANDIR,SD DWISAKTI,20219616,SK SISWA,4,ORANG,2018
334,32,JAWA BARAT,3273,KOTA BANDUNG,3273141,ANTAPANI,32.73.20,ANTAPANI,SD EL FITRA,69948519,SK SISWA,27,ORANG,2018
335,32,JAWA BARAT,3273,KOTA BANDUNG,3273070,LENGKONG,32.73.13,LENGKONG,SD GAGAS CERIA,20247207,SK SISWA,2,ORANG,2018
336,32,JAWA BARAT,3273,KOTA BANDUNG,3273050,ASTANAANYAR,32.73.10,ASTANA ANYAR,SD GANESHA,20219615,SK SISWA,30,ORANG,2018
337,32,JAWA BARAT,3273,KOTA BANDUNG,3273240,SUKAJADI,32.73.07,SUKAJADI,SD GIKI,20219614,SK SISWA,3,ORANG,2018
338,32,JAWA BARAT,3273,KOTA BANDUNG,3273180,ANDIR,32.73.05,ANDIR,SD GRACIA 2,20219612,SK SISWA,5,ORANG,2018
339,32,JAWA BARAT,3273,KOTA BANDUNG,3273040,BOJONGLOA KIDUL,32.73.17,BOJONGLOA KIDUL,SD HARAPAN KASIH,69895387,SK SISWA,18,ORANG,2018
340,32,JAWA BARAT,3273,KOTA BANDUNG,3273150,KIARACONDONG,32.73.16,KIARACONDONG,SD HAS DARUL ILMI,69947365,SK SISWA,51,ORANG,2018
341,32,JAWA BARAT,3273,KOTA BANDUNG,3273240,SUKAJADI,32.73.07,SUKAJADI,SD IBNU TAIMIYAH,20219610,SK SISWA,14,ORANG,2018
342,32,JAWA BARAT,3273,KOTA BANDUNG,3273160,BATUNUNGGAL,32.73.12,BATUNUNGGAL,SD IGNATIUS SLAMET RIYADI,20219609,SK SISWA,10,ORANG,2018
343,32,JAWA BARAT,3273,KOTA BANDUNG,3273150,KIARACONDONG,32.73.16,KIARACONDONG,SD IGNATIUS SLAMET RIYADI 2,20219608,SK SISWA,5,ORANG,2018
344,32,JAWA BARAT,3273,KOTA BANDUNG,3273190,CICENDO,32.73.06,CICENDO,SD INDUSTRI,20219595,SK SISWA,31,ORANG,2018
345,32,JAWA BARAT,3273,KOTA BANDUNG,3273110,CIBIRU,32.73.25,CIBIRU,SD INTAN AL-SALI,69952860,SK SISWA,6,ORANG,2018
346,32,JAWA BARAT,3273,KOTA BANDUNG,3273070,LENGKONG,32.73.13,LENGKONG,SD IRK,20219594,SK SISWA,39,ORANG,2018
347,32,JAWA BARAT,3273,KOTA BANDUNG,3273250,SUKASARI,32.73.01,SUKASARI,SD ISLAM AL AZHAR 30,20253348,SK SISWA,8,ORANG,2018
348,32,JAWA BARAT,3273,KOTA BANDUNG,3273141,ANTAPANI,32.73.20,ANTAPANI,SD ISLAM MUTIARA HATI,20254714,SK SISWA,6,ORANG,2018
349,32,JAWA BARAT,3273,KOTA BANDUNG,3273220,CIBEUNYING KALER,32.73.18,CIBEUNYING KALER,SD ISLAM TERPADU AL IRSYAD,20253818,SK SISWA,3,ORANG,2018
350,32,JAWA BARAT,3273,KOTA BANDUNG,3273130,ARCAMANIK,32.73.24,ARCAMANIK,SD ISLAM TERPADU LUQMANUL HAKIM,20219577,SK SISWA,100,ORANG,2018
351,32,JAWA BARAT,3273,KOTA BANDUNG,3273200,BANDUNG WETAN,32.73.09,BANDUNG WETAN,SD ISTIQAMAH,20219578,SK SISWA,3,ORANG,2018
352,32,JAWA BARAT,3273,KOTA BANDUNG,3273100,RANCASARI,32.73.23,RANCASARI,SD IT AL FITRAH,20269138,SK SISWA,24,ORANG,2018
353,32,JAWA BARAT,3273,KOTA BANDUNG,3273080,BANDUNG KIDUL,32.73.21,BANDUNG KIDUL,SD IT AL-FAJAR,20267927,SK SISWA,10,ORANG,2018
354,32,JAWA BARAT,3273,KOTA BANDUNG,3273210,CIBEUNYING KIDUL,32.73.14,CIBEUNYING KIDUL,SD ITQAN ISLAMIC SCHOOL,69946543,SK SISWA,13,ORANG,2018
355,32,JAWA BARAT,3273,KOTA BANDUNG,3273160,BATUNUNGGAL,32.73.12,BATUNUNGGAL,SD JEMBAR,20219576,SK SISWA,33,ORANG,2018
356,32,JAWA BARAT,3273,KOTA BANDUNG,3273111,PANYILEUKAN,32.73.28,PANYILEUKAN,SD JUARA,69734138,SK SISWA,164,ORANG,2018
357,32,JAWA BARAT,3273,KOTA BANDUNG,3273210,CIBEUNYING KIDUL,32.73.14,CIBEUNYING KIDUL,SD KARAKTER AZ-ZAHRA,20279824,SK SISWA,22,ORANG,2018
358,32,JAWA BARAT,3273,KOTA BANDUNG,3273070,LENGKONG,32.73.13,LENGKONG,SD KARTIKA X-1,20219574,SK SISWA,11,ORANG,2018
359,32,JAWA BARAT,3273,KOTA BANDUNG,3273070,LENGKONG,32.73.13,LENGKONG,SD KARTIKA X-2,20219573,SK SISWA,6,ORANG,2018
360,32,JAWA BARAT,3273,KOTA BANDUNG,3273170,SUMUR BANDUNG,32.73.19,SUMUR BANDUNG,SD KARTIKA XIX - 1,20219575,SK SISWA,2,ORANG,2018
361,32,JAWA BARAT,3273,KOTA BANDUNG,3273010,BANDUNG KULON,32.73.15,BANDUNG KULON,SD KASIH BANGSA,69894361,SK SISWA,2,ORANG,2018
362,32,JAWA BARAT,3273,KOTA BANDUNG,3273050,ASTANAANYAR,32.73.10,ASTANA ANYAR,SD KEMAH INDONESIA,20219572,SK SISWA,49,ORANG,2018
363,32,JAWA BARAT,3273,KOTA BANDUNG,3273070,LENGKONG,32.73.13,LENGKONG,SD KEMALA BHAYANGKARI 1,20219581,SK SISWA,9,ORANG,2018
364,32,JAWA BARAT,3273,KOTA BANDUNG,3273190,CICENDO,32.73.06,CICENDO,SD KRISTEN 1 BINA BAKTI,20219583,SK SISWA,4,ORANG,2018
365,32,JAWA BARAT,3273,KOTA BANDUNG,3273190,CICENDO,32.73.06,CICENDO,SD KRISTEN 2 BINA BAKTI,20219590,SK SISWA,3,ORANG,2018
366,32,JAWA BARAT,3273,KOTA BANDUNG,3273070,LENGKONG,32.73.13,LENGKONG,SD KRISTEN 5 BPK PENABUR,20219587,SK SISWA,6,ORANG,2018
367,32,JAWA BARAT,3273,KOTA BANDUNG,3273180,ANDIR,32.73.05,ANDIR,SD KRISTEN 6 BPK PENABUR,20219586,SK SISWA,10,ORANG,2018
368,32,JAWA BARAT,3273,KOTA BANDUNG,3273200,BANDUNG WETAN,32.73.09,BANDUNG WETAN,SD KRISTEN BAPTIS,20219584,SK SISWA,8,ORANG,2018
369,32,JAWA BARAT,3273,KOTA BANDUNG,3273200,BANDUNG WETAN,32.73.09,BANDUNG WETAN,SD KRISTEN BPK PENABUR BANDA,20268647,SK SISWA,1,ORANG,2018
370,32,JAWA BARAT,3273,KOTA BANDUNG,3273040,BOJONGLOA KIDUL,32.73.17,BOJONGLOA KIDUL,SD KRISTEN BPK PENABUR SINGGASANA,69760835,SK SISWA,4,ORANG,2018
371,32,JAWA BARAT,3273,KOTA BANDUNG,3273010,BANDUNG KULON,32.73.15,BANDUNG KULON,SD KRISTEN BPK PENABUR TAMAN HOLIS INDAH,20219822,SK SISWA,8,ORANG,2018
372,32,JAWA BARAT,3273,KOTA BANDUNG,3273190,CICENDO,32.73.06,CICENDO,SD KRISTEN BPPK,20219858,SK SISWA,6,ORANG,2018
373,32,JAWA BARAT,3273,KOTA BANDUNG,3273040,BOJONGLOA KIDUL,32.73.17,BOJONGLOA KIDUL,SD KRISTEN DIAN EMAS,20219845,SK SISWA,2,ORANG,2018
374,32,JAWA BARAT,3273,KOTA BANDUNG,3273050,ASTANAANYAR,32.73.10,ASTANA ANYAR,SD KRISTEN GAMALIEL,20219844,SK SISWA,13,ORANG,2018
375,32,JAWA BARAT,3273,KOTA BANDUNG,3273260,CIDADAP,32.73.08,CIDADAP,SD KRISTEN HIDUP BARU,20258399,SK SISWA,4,ORANG,2018
376,32,JAWA BARAT,3273,KOTA BANDUNG,3273010,BANDUNG KULON,32.73.15,BANDUNG KULON,SD KRISTEN PELITA,20219842,SK SISWA,4,ORANG,2018
377,32,JAWA BARAT,3273,KOTA BANDUNG,3273180,ANDIR,32.73.05,ANDIR,SD KRISTEN TRIMULIA,20219840,SK SISWA,3,ORANG,2018
378,32,JAWA BARAT,3273,KOTA BANDUNG,3273200,BANDUNG WETAN,32.73.09,BANDUNG WETAN,SD KRISTEN YAHYA,20219839,SK SISWA,9,ORANG,2018
379,32,JAWA BARAT,3273,KOTA BANDUNG,3273260,CIDADAP,32.73.08,CIDADAP,SD KUNTUM CEMERLANG,20255260,SK SISWA,2,ORANG,2018
380,32,JAWA BARAT,3273,KOTA BANDUNG,3273250,SUKASARI,32.73.01,SUKASARI,SD LABORATORIUM PERCONTOHAN UPI,20252973,SK SISWA,9,ORANG,2018
381,32,JAWA BARAT,3273,KOTA BANDUNG,3273200,BANDUNG WETAN,32.73.09,BANDUNG WETAN,SD LINGGAWASTU,20219838,SK SISWA,114,ORANG,2018
382,32,JAWA BARAT,3273,KOTA BANDUNG,3273180,ANDIR,32.73.05,ANDIR,SD LPPN,20219837,SK SISWA,144,ORANG,2018
383,32,JAWA BARAT,3273,KOTA BANDUNG,3273180,ANDIR,32.73.05,ANDIR,SD MALEBER BARAT,20219846,SK SISWA,62,ORANG,2018
384,32,JAWA BARAT,3273,KOTA BANDUNG,3273180,ANDIR,32.73.05,ANDIR,SD MALEBER SELATAN,20219847,SK SISWA,159,ORANG,2018
385,32,JAWA BARAT,3273,KOTA BANDUNG,3273180,ANDIR,32.73.05,ANDIR,SD MALEBER UTARA,20219848,SK SISWA,70,ORANG,2018
386,32,JAWA BARAT,3273,KOTA BANDUNG,3273180,ANDIR,32.73.05,ANDIR,SD MARIA BINTANG LAUT,20219857,SK SISWA,6,ORANG,2018
387,32,JAWA BARAT,3273,KOTA BANDUNG,3273200,BANDUNG WETAN,32.73.09,BANDUNG WETAN,SD MATHLAUL KHAIRIYAH,20219856,SK SISWA,92,ORANG,2018
388,32,JAWA BARAT,3273,KOTA BANDUNG,3273220,CIBEUNYING KALER,32.73.18,CIBEUNYING KALER,SD MELANIA,20219883,SK SISWA,12,ORANG,2018
389,32,JAWA BARAT,3273,KOTA BANDUNG,3273250,SUKASARI,32.73.01,SUKASARI,SD MIFTAHUL IMAN,20219855,SK SISWA,34,ORANG,2018
390,32,JAWA BARAT,3273,KOTA BANDUNG,3273070,LENGKONG,32.73.13,LENGKONG,SD MUHAMMADIYAH 1,20219854,SK SISWA,11,ORANG,2018
391,32,JAWA BARAT,3273,KOTA BANDUNG,3273150,KIARACONDONG,32.73.16,KIARACONDONG,SD MUHAMMADIYAH 2 BANDUNG,20219853,SK SISWA,80,ORANG,2018
392,32,JAWA BARAT,3273,KOTA BANDUNG,3273210,CIBEUNYING KIDUL,32.73.14,CIBEUNYING KIDUL,SD MUHAMMADIYAH 3,20219852,SK SISWA,49,ORANG,2018
393,32,JAWA BARAT,3273,KOTA BANDUNG,3273240,SUKAJADI,32.73.07,SUKAJADI,SD MUHAMMADIYAH 4,20219851,SK SISWA,94,ORANG,2018
394,32,JAWA BARAT,3273,KOTA BANDUNG,3273040,BOJONGLOA KIDUL,32.73.17,BOJONGLOA KIDUL,SD MUHAMMADIYAH 5,20219850,SK SISWA,145,ORANG,2018
395,32,JAWA BARAT,3273,KOTA BANDUNG,3273260,CIDADAP,32.73.08,CIDADAP,SD MUHAMMADIYAH 6,20219849,SK SISWA,137,ORANG,2018
396,32,JAWA BARAT,3273,KOTA BANDUNG,3273141,ANTAPANI,32.73.20,ANTAPANI,SD MUHAMMADIYAH 7,20219836,SK SISWA,38,ORANG,2018
397,32,JAWA BARAT,3273,KOTA BANDUNG,3273111,PANYILEUKAN,32.73.28,PANYILEUKAN,SD MUHAMMADIYAH 8,20219835,SK SISWA,104,ORANG,2018
398,32,JAWA BARAT,3273,KOTA BANDUNG,3273180,ANDIR,32.73.05,ANDIR,SD MUTIARA,20219834,SK SISWA,131,ORANG,2018
399,32,JAWA BARAT,3273,KOTA BANDUNG,3273130,ARCAMANIK,32.73.24,ARCAMANIK,SD MUTIARA BUNDA,20253757,SK SISWA,12,ORANG,2018
400,32,JAWA BARAT,3273,KOTA BANDUNG,3273060,REGOL,32.73.11,REGOL,SD NUGRAHA,20219821,SK SISWA,69,ORANG,2018
401,32,JAWA BARAT,3273,KOTA BANDUNG,3273190,CICENDO,32.73.06,CICENDO,SD PANDU,20219820,SK SISWA,5,ORANG,2018
402,32,JAWA BARAT,3273,KOTA BANDUNG,3273020,BABAKAN CIPARAY,32.73.03,BABAKAN CIPARAY,SD PANGKALAN,20219819,SK SISWA,38,ORANG,2018
403,32,JAWA BARAT,3273,KOTA BANDUNG,3273170,SUMUR BANDUNG,32.73.19,SUMUR BANDUNG,SD PARDOMUAN,20219818,SK SISWA,13,ORANG,2018
404,32,JAWA BARAT,3273,KOTA BANDUNG,3273170,SUMUR BANDUNG,32.73.19,SUMUR BANDUNG,SD PASUNDAN 1,20219817,SK SISWA,7,ORANG,2018
405,32,JAWA BARAT,3273,KOTA BANDUNG,3273020,BABAKAN CIPARAY,32.73.03,BABAKAN CIPARAY,SD PASUNDAN 2,20219816,SK SISWA,199,ORANG,2018
406,32,JAWA BARAT,3273,KOTA BANDUNG,3273020,BABAKAN CIPARAY,32.73.03,BABAKAN CIPARAY,SD PASUNDAN 3,20219815,SK SISWA,206,ORANG,2018
407,32,JAWA BARAT,3273,KOTA BANDUNG,3273210,CIBEUNYING KIDUL,32.73.14,CIBEUNYING KIDUL,SD PELITA,20219814,SK SISWA,140,ORANG,2018
408,32,JAWA BARAT,3273,KOTA BANDUNG,3273050,ASTANAANYAR,32.73.10,ASTANA ANYAR,SD PELITA BANGSA,20253917,SK SISWA,8,ORANG,2018
409,32,JAWA BARAT,3273,KOTA BANDUNG,3273030,BOJONGLOA KALER,32.73.04,BOJONGLOA KALER,SD PELITA FAJAR,60728783,SK SISWA,3,ORANG,2018
410,32,JAWA BARAT,3273,KOTA BANDUNG,3273190,CICENDO,32.73.06,CICENDO,SD PELITA JASA,20219813,SK SISWA,92,ORANG,2018
411,32,JAWA BARAT,3273,KOTA BANDUNG,3273250,SUKASARI,32.73.01,SUKASARI,SD PELITA NUSANTARA,20247253,SK SISWA,3,ORANG,2018
412,32,JAWA BARAT,3273,KOTA BANDUNG,3273200,BANDUNG WETAN,32.73.09,BANDUNG WETAN,SD PERTIWI,20219823,SK SISWA,106,ORANG,2018
413,32,JAWA BARAT,3273,KOTA BANDUNG,3273060,REGOL,32.73.11,REGOL,SD PLUS AL FATWA,20246728,SK SISWA,70,ORANG,2018
414,32,JAWA BARAT,3273,KOTA BANDUNG,3273130,ARCAMANIK,32.73.24,ARCAMANIK,SD PLUS AL GHIFARI,20219824,SK SISWA,4,ORANG,2018
415,32,JAWA BARAT,3273,KOTA BANDUNG,3273120,UJUNG BERUNG,32.73.26,UJUNGBERUNG,SD PLUS BAITURRAHMAN,20247254,SK SISWA,61,ORANG,2018
416,32,JAWA BARAT,3273,KOTA BANDUNG,3273180,ANDIR,32.73.05,ANDIR,SD PRASISTHA,20219833,SK SISWA,19,ORANG,2018
417,32,JAWA BARAT,3273,KOTA BANDUNG,3273200,BANDUNG WETAN,32.73.09,BANDUNG WETAN,SD PRIANGAN,20219832,SK SISWA,2,ORANG,2018
418,32,JAWA BARAT,3273,KOTA BANDUNG,3273230,COBLONG,32.73.02,COBLONG,SD PROF. DR. MOESTOPO,20219830,SK SISWA,3,ORANG,2018
419,32,JAWA BARAT,3273,KOTA BANDUNG,3273180,ANDIR,32.73.05,ANDIR,SD RAJAWALI,20219829,SK SISWA,24,ORANG,2018
420,32,JAWA BARAT,3273,KOTA BANDUNG,3273130,ARCAMANIK,32.73.24,ARCAMANIK,SD RANCAKASUMBA,20219828,SK SISWA,114,ORANG,2018
421,32,JAWA BARAT,3273,KOTA BANDUNG,3273060,REGOL,32.73.11,REGOL,SD REHOBOTH,20219841,SK SISWA,5,ORANG,2018
422,32,JAWA BARAT,3273,KOTA BANDUNG,3273111,PANYILEUKAN,32.73.28,PANYILEUKAN,SD SAINS AL BIRUNI,20219827,SK SISWA,5,ORANG,2018
423,32,JAWA BARAT,3273,KOTA BANDUNG,3273230,COBLONG,32.73.02,COBLONG,SD SALMAN AL FARISI,20253819,SK SISWA,7,ORANG,2018
424,32,JAWA BARAT,3273,KOTA BANDUNG,3273020,BABAKAN CIPARAY,32.73.03,BABAKAN CIPARAY,SD SALUYU,20219826,SK SISWA,50,ORANG,2018
425,32,JAWA BARAT,3273,KOTA BANDUNG,3273170,SUMUR BANDUNG,32.73.19,SUMUR BANDUNG,SD SANTA ANGELA,20219825,SK SISWA,4,ORANG,2018
426,32,JAWA BARAT,3273,KOTA BANDUNG,3273200,BANDUNG WETAN,32.73.09,BANDUNG WETAN,SD SANTA URSULA,20219812,SK SISWA,4,ORANG,2018
427,32,JAWA BARAT,3273,KOTA BANDUNG,3273200,BANDUNG WETAN,32.73.09,BANDUNG WETAN,SD SANTO AGUSTINUS,20219894,SK SISWA,3,ORANG,2018
428,32,JAWA BARAT,3273,KOTA BANDUNG,3273200,BANDUNG WETAN,32.73.09,BANDUNG WETAN,SD SANTO ALOYSIUS TR,20219893,SK SISWA,10,ORANG,2018
429,32,JAWA BARAT,3273,KOTA BANDUNG,3273170,SUMUR BANDUNG,32.73.19,SUMUR BANDUNG,SD SANTO YUSUP,20219892,SK SISWA,5,ORANG,2018
430,32,JAWA BARAT,3273,KOTA BANDUNG,3273210,CIBEUNYING KIDUL,32.73.14,CIBEUNYING KIDUL,SD SANTO YUSUP I,20253862,SK SISWA,8,ORANG,2018
431,32,JAWA BARAT,3273,KOTA BANDUNG,3273220,CIBEUNYING KALER,32.73.18,CIBEUNYING KALER,SD SEJATI,20219891,SK SISWA,100,ORANG,2018
432,32,JAWA BARAT,3273,KOTA BANDUNG,3273240,SUKAJADI,32.73.07,SUKAJADI,SD SEMI PALAR,69883610,SK SISWA,1,ORANG,2018
433,32,JAWA BARAT,3273,KOTA BANDUNG,3273260,CIDADAP,32.73.08,CIDADAP,SD SURUUR,20219887,SK SISWA,62,ORANG,2018
434,32,JAWA BARAT,3273,KOTA BANDUNG,3273010,BANDUNG KULON,32.73.15,BANDUNG KULON,SD SURYANI DWI MARGA,20219889,SK SISWA,98,ORANG,2018
435,32,JAWA BARAT,3273,KOTA BANDUNG,3273030,BOJONGLOA KALER,32.73.04,BOJONGLOA KALER,SD SWADAYA 1,20219886,SK SISWA,125,ORANG,2018
436,32,JAWA BARAT,3273,KOTA BANDUNG,3273200,BANDUNG WETAN,32.73.09,BANDUNG WETAN,SD TARUNA BAKTI,20219885,SK SISWA,2,ORANG,2018
437,32,JAWA BARAT,3273,KOTA BANDUNG,3273250,SUKASARI,32.73.01,SUKASARI,SD TEMASEK INDEPENDENT SCHOOL,69935556,SK SISWA,3,ORANG,2018
438,32,JAWA BARAT,3273,KOTA BANDUNG,3273110,CIBIRU,32.73.25,CIBIRU,SD TERPADU KRIDA NUSANTARA,20246469,SK SISWA,3,ORANG,2018
439,32,JAWA BARAT,3273,KOTA BANDUNG,3273080,BANDUNG KIDUL,32.73.21,BANDUNG KIDUL,SD TIARA BUNDA,20268416,SK SISWA,3,ORANG,2018
440,32,JAWA BARAT,3273,KOTA BANDUNG,3273160,BATUNUNGGAL,32.73.12,BATUNUNGGAL,SD TRIKARSA,20219884,SK SISWA,62,ORANG,2018
441,32,JAWA BARAT,3273,KOTA BANDUNG,3273090,BUAHBATU,32.73.22,BUAHBATU,SD TULUS KARTIKA,20219895,SK SISWA,4,ORANG,2018
442,32,JAWA BARAT,3273,KOTA BANDUNG,3273142,MANDALAJATI,32.73.30,MANDALAJATI,SD TUNAS UNGGUL,20219896,SK SISWA,6,ORANG,2018
443,32,JAWA BARAT,3273,KOTA BANDUNG,3273240,SUKAJADI,32.73.07,SUKAJADI,SD UCHUWWATUL ISLAM,20219897,SK SISWA,57,ORANG,2018
444,32,JAWA BARAT,3273,KOTA BANDUNG,3273180,ANDIR,32.73.05,ANDIR,SD WINDU PUTRA,20219907,SK SISWA,124,ORANG,2018
445,32,JAWA BARAT,3273,KOTA BANDUNG,3273200,BANDUNG WETAN,32.73.09,BANDUNG WETAN,SD YAKESWA,20219906,SK SISWA,21,ORANG,2018
446,32,JAWA BARAT,3273,KOTA BANDUNG,3273050,ASTANAANYAR,32.73.10,ASTANA ANYAR,SD YAMI,20219905,SK SISWA,126,ORANG,2018
447,32,JAWA BARAT,3273,KOTA BANDUNG,3273210,CIBEUNYING KIDUL,32.73.14,CIBEUNYING KIDUL,SD YAYASAN ATIKAN SUNDA,20219904,SK SISWA,54,ORANG,2018
448,32,JAWA BARAT,3273,KOTA BANDUNG,3273070,LENGKONG,32.73.13,LENGKONG,SD YAYASAN BERIBU,20247256,SK SISWA,32,ORANG,2018
449,32,JAWA BARAT,3273,KOTA BANDUNG,3273200,BANDUNG WETAN,32.73.09,BANDUNG WETAN,SD YKPPK,20253349,SK SISWA,36,ORANG,2018
450,32,JAWA BARAT,3273,KOTA BANDUNG,3273060,REGOL,32.73.11,REGOL,SD YOS SUDARSO,20246460,SK SISWA,13,ORANG,2018
451,32,JAWA BARAT,3273,KOTA BANDUNG,3273190,CICENDO,32.73.06,CICENDO,SD YPI,20253257,SK SISWA,26,ORANG,2018
452,32,JAWA BARAT,3273,KOTA BANDUNG,3273160,BATUNUNGGAL,32.73.12,BATUNUNGGAL,SD YPU,20219902,SK SISWA,94,ORANG,2018
453,32,JAWA BARAT,3273,KOTA BANDUNG,3273180,ANDIR,32.73.05,ANDIR,SD YWKA REL HOMY SCHOOL,20219901,SK SISWA,31,ORANG,2018
454,32,JAWA BARAT,3273,KOTA BANDUNG,3273060,REGOL,32.73.11,REGOL,SDK KALAM KUDUS,20219843,SK SISWA,6,ORANG,2018
455,32,JAWA BARAT,3273,KOTA BANDUNG,3273020,BABAKAN CIPARAY,32.73.03,BABAKAN CIPARAY,SKB UPT KOTA BANDUNG,P9962758,SK SISWA,6,ORANG,2018
456,32,JAWA BARAT,3273,KOTA BANDUNG,3273111,PANYILEUKAN,32.73.28,PANYILEUKAN,SLB ABC BINA MANDIRI,20219868,SK SISWA,2,ORANG,2018
457,32,JAWA BARAT,3273,KOTA BANDUNG,3273100,RANCASARI,32.73.23,RANCASARI,SLB ARRAHMAN,20219866,SK SISWA,12,ORANG,2018
458,32,JAWA BARAT,3273,KOTA BANDUNG,3273080,BANDUNG KIDUL,32.73.21,BANDUNG KIDUL,SLB AUTIS PRANANDA,20280598,SK SISWA,2,ORANG,2018
459,32,JAWA BARAT,3273,KOTA BANDUNG,3273150,KIARACONDONG,32.73.16,KIARACONDONG,SLB B SUKAPURA,20219863,SK SISWA,23,ORANG,2018
460,32,JAWA BARAT,3273,KOTA BANDUNG,3273100,RANCASARI,32.73.23,RANCASARI,SLB BC BINA KASIH,20219877,SK SISWA,19,ORANG,2018
461,32,JAWA BARAT,3273,KOTA BANDUNG,3273090,BUAHBATU,32.73.22,BUAHBATU,SLB BC HIKMAT,20219879,SK SISWA,14,ORANG,2018
462,32,JAWA BARAT,3273,KOTA BANDUNG,3273070,LENGKONG,32.73.13,LENGKONG,SLB BC YPLAB WARTAWAN,20219875,SK SISWA,10,ORANG,2018
463,32,JAWA BARAT,3273,KOTA BANDUNG,3273110,CIBIRU,32.73.25,CIBIRU,SLB C SILIH ASIH,20219882,SK SISWA,15,ORANG,2018
464,32,JAWA BARAT,3273,KOTA BANDUNG,3273150,KIARACONDONG,32.73.16,KIARACONDONG,SLB C SUKAPURA,20219811,SK SISWA,15,ORANG,2018
465,32,JAWA BARAT,3273,KOTA BANDUNG,3273230,COBLONG,32.73.02,COBLONG,SPLB C YPLB,20219746,SK SISWA,14,ORANG,2018
466,32,JAWA BARAT,3273,KOTA BANDUNG,3273120,UJUNG BERUNG,32.73.26,UJUNGBERUNG,HS HAYAT SCHOOL,P9970624,SK SISWA,3,ORANG,2018
467,32,JAWA BARAT,3273,KOTA BANDUNG,3273100,RANCASARI,32.73.23,RANCASARI,PKBM AKSI,P2960324,SK SISWA,4,ORANG,2018
468,32,JAWA BARAT,3273,KOTA BANDUNG,3273180,ANDIR,32.73.05,ANDIR,PKBM AL-AMIN,P2960910,SK SISWA,6,ORANG,2018
469,32,JAWA BARAT,3273,KOTA BANDUNG,3273240,SUKAJADI,32.73.07,SUKAJADI,PKBM AL-LATHIF,P2961011,SK SISWA,62,ORANG,2018
470,32,JAWA BARAT,3273,KOTA BANDUNG,3273120,UJUNG BERUNG,32.73.26,UJUNGBERUNG,PKBM ALDYKA PUTRA,P2961063,SK SISWA,12,ORANG,2018
471,32,JAWA BARAT,3273,KOTA BANDUNG,3273220,CIBEUNYING KALER,32.73.18,CIBEUNYING KALER,PKBM AMANAH,P2961028,SK SISWA,5,ORANG,2018
472,32,JAWA BARAT,3273,KOTA BANDUNG,3273210,CIBEUNYING KIDUL,32.73.14,CIBEUNYING KIDUL,PKBM AS SYAADAH,P9908904,SK SISWA,44,ORANG,2018
473,32,JAWA BARAT,3273,KOTA BANDUNG,3273020,BABAKAN CIPARAY,32.73.03,BABAKAN CIPARAY,PKBM BAHTERA,P2961050,SK SISWA,3,ORANG,2018
474,32,JAWA BARAT,3273,KOTA BANDUNG,3273120,UJUNG BERUNG,32.73.26,UJUNGBERUNG,PKBM BINA CIPTA,P2962425,SK SISWA,3,ORANG,2018
475,32,JAWA BARAT,3273,KOTA BANDUNG,3273170,SUMUR BANDUNG,32.73.19,SUMUR BANDUNG,PKBM BINA EKAMULIA,P2961002,SK SISWA,1,ORANG,2018
476,32,JAWA BARAT,3273,KOTA BANDUNG,3273230,COBLONG,32.73.02,COBLONG,PKBM BINA MANDIRI CENTER,P9926276,SK SISWA,4,ORANG,2018
477,32,JAWA BARAT,3273,KOTA BANDUNG,3273010,BANDUNG KULON,32.73.15,BANDUNG KULON,PKBM BINTANG HARAPAN,P9952573,SK SISWA,69,ORANG,2018
478,32,JAWA BARAT,3273,KOTA BANDUNG,3273150,KIARACONDONG,32.73.16,KIARACONDONG,PKBM BONTI SUKSES ABADI,P9952613,SK SISWA,6,ORANG,2018
479,32,JAWA BARAT,3273,KOTA BANDUNG,3273030,BOJONGLOA KALER,32.73.04,BOJONGLOA KALER,PKBM BUDAYA BANGSA,P2960320,SK SISWA,2,ORANG,2018
480,32,JAWA BARAT,3273,KOTA BANDUNG,3273150,KIARACONDONG,32.73.16,KIARACONDONG,PKBM CITRA BANGSA,P2961081,SK SISWA,1,ORANG,2018
481,32,JAWA BARAT,3273,KOTA BANDUNG,3273010,BANDUNG KULON,32.73.15,BANDUNG KULON,PKBM CITRA PRIANGAN,P2961055,SK SISWA,7,ORANG,2018
482,32,JAWA BARAT,3273,KOTA BANDUNG,3273210,CIBEUNYING KIDUL,32.73.14,CIBEUNYING KIDUL,PKBM CSBI,P2961023,SK SISWA,9,ORANG,2018
483,32,JAWA BARAT,3273,KOTA BANDUNG,3273142,MANDALAJATI,32.73.30,MANDALAJATI,PKBM DARMA CITA,P9948544,SK SISWA,2,ORANG,2018
484,32,JAWA BARAT,3273,KOTA BANDUNG,3273070,LENGKONG,32.73.13,LENGKONG,PKBM HOME SCHOOLING PEWARIS BANGSA,P2962412,SK SISWA,89,ORANG,2018
485,32,JAWA BARAT,3273,KOTA BANDUNG,3273130,ARCAMANIK,32.73.24,ARCAMANIK,PKBM INTAN,P9948537,SK SISWA,18,ORANG,2018
486,32,JAWA BARAT,3273,KOTA BANDUNG,3273150,KIARACONDONG,32.73.16,KIARACONDONG,PKBM KARYA REMAJA,P9934597,SK SISWA,15,ORANG,2018
487,32,JAWA BARAT,3273,KOTA BANDUNG,3273010,BANDUNG KULON,32.73.15,BANDUNG KULON,PKBM MDC (MASA DEPAN CERAH),P9908903,SK SISWA,20,ORANG,2018
488,32,JAWA BARAT,3273,KOTA BANDUNG,3273070,LENGKONG,32.73.13,LENGKONG,PKBM MINDA UTAMA,P2961035,SK SISWA,16,ORANG,2018
489,32,JAWA BARAT,3273,KOTA BANDUNG,3273030,BOJONGLOA KALER,32.73.04,BOJONGLOA KALER,PKBM MOTEKAR BANGSA,P9970495,SK SISWA,11,ORANG,2018
490,32,JAWA BARAT,3273,KOTA BANDUNG,3273142,MANDALAJATI,32.73.30,MANDALAJATI,PKBM NURA AMALIA,P9952433,SK SISWA,25,ORANG,2018
491,32,JAWA BARAT,3273,KOTA BANDUNG,3273120,UJUNG BERUNG,32.73.26,UJUNGBERUNG,PKBM PATRA KOMALA,P2961059,SK SISWA,1,ORANG,2018
492,32,JAWA BARAT,3273,KOTA BANDUNG,3273230,COBLONG,32.73.02,COBLONG,PKBM PELITA PRATAMA,P2961017,SK SISWA,25,ORANG,2018
493,32,JAWA BARAT,3273,KOTA BANDUNG,3273110,CIBIRU,32.73.25,CIBIRU,PKBM PERCEKA,P2960921,SK SISWA,3,ORANG,2018
494,32,JAWA BARAT,3273,KOTA BANDUNG,3273141,ANTAPANI,32.73.20,ANTAPANI,PKBM RAHARJA,P2961056,SK SISWA,4,ORANG,2018
495,32,JAWA BARAT,3273,KOTA BANDUNG,3273080,BANDUNG KIDUL,32.73.21,BANDUNG KIDUL,PKBM SEKOLAH RUMAH PRIMAGAMA,P2962219,SK SISWA,21,ORANG,2018
496,32,JAWA BARAT,3273,KOTA BANDUNG,3273210,CIBEUNYING KIDUL,32.73.14,CIBEUNYING KIDUL,PKBM SEKOLAH RUMAH TAMAN SEKAR BANDUNG,P2961010,SK SISWA,17,ORANG,2018
497,32,JAWA BARAT,3273,KOTA BANDUNG,3273170,SUMUR BANDUNG,32.73.19,SUMUR BANDUNG,PKBM SILIWANGI 2,P2960317,SK SISWA,20,ORANG,2018
498,32,JAWA BARAT,3273,KOTA BANDUNG,3273240,SUKAJADI,32.73.07,SUKAJADI,PKBM SUKAJADI,P9948546,SK SISWA,4,ORANG,2018
499,32,JAWA BARAT,3273,KOTA BANDUNG,3273121,CINAMBO,32.73.29,CINAMBO,PKBM SUKAMULYA,P2961080,SK SISWA,8,ORANG,2018
500,32,JAWA BARAT,3273,KOTA BANDUNG,3273210,CIBEUNYING KIDUL,32.73.14,CIBEUNYING KIDUL,PKBM TUNAS HARAPAN 1,P2960998,SK SISWA,1,ORANG,2018
501,32,JAWA BARAT,3273,KOTA BANDUNG,3273070,LENGKONG,32.73.13,LENGKONG,PKBM ULUL ALBAB,P2961009,SK SISWA,5,ORANG,2018
502,32,JAWA BARAT,3273,KOTA BANDUNG,3273110,CIBIRU,32.73.25,CIBIRU,PKBM WIJAYAKUSUMAH,P2961065,SK SISWA,7,ORANG,2018
503,32,JAWA BARAT,3273,KOTA BANDUNG,3273170,SUMUR BANDUNG,32.73.19,SUMUR BANDUNG,SDN 001 MERDEKA KOTA BANDUNG,20245231,AKTIVASI SISWA,130,ORANG,2018
504,32,JAWA BARAT,3273,KOTA BANDUNG,3273180,ANDIR,32.73.05,ANDIR,SDN 002 KARANGMULYA KOTA BANDUNG,20245212,AKTIVASI SISWA,142,ORANG,2018
505,32,JAWA BARAT,3273,KOTA BANDUNG,3273050,ASTANAANYAR,32.73.10,ASTANA ANYAR,SDN 003 PAGARSIH KOTA BANDUNG,20245064,AKTIVASI SISWA,352,ORANG,2018
506,32,JAWA BARAT,3273,KOTA BANDUNG,3273130,ARCAMANIK,32.73.24,ARCAMANIK,SDN 004 CISARANTEN KULON KOTA BANDUNG,20245530,AKTIVASI SISWA,205,ORANG,2018
507,32,JAWA BARAT,3273,KOTA BANDUNG,3273020,BABAKAN CIPARAY,32.73.03,BABAKAN CIPARAY,SDN 005 BABAKAN CIPARAY KOTA BANDUNG,20245011,AKTIVASI SISWA,121,ORANG,2018
508,32,JAWA BARAT,3273,KOTA BANDUNG,3273090,BUAHBATU,32.73.22,BUAHBATU,SDN 006 BUAHBATU KOTA BANDUNG,20245122,AKTIVASI SISWA,332,ORANG,2018
509,32,JAWA BARAT,3273,KOTA BANDUNG,3273230,COBLONG,32.73.02,COBLONG,SDN 007 CIPAGANTI KOTA BANDUNG,20245525,AKTIVASI SISWA,97,ORANG,2018
510,32,JAWA BARAT,3273,KOTA BANDUNG,3273060,REGOL,32.73.11,REGOL,SDN 008 MOHAMAD TOHA KOTA BANDUNG,20245238,AKTIVASI SISWA,59,ORANG,2018
511,32,JAWA BARAT,3273,KOTA BANDUNG,3273142,MANDALAJATI,32.73.30,MANDALAJATI,SDN 009 CIKADUT KOTA BANDUNG,20245520,AKTIVASI SISWA,397,ORANG,2018
512,32,JAWA BARAT,3273,KOTA BANDUNG,3273260,CIDADAP,32.73.08,CIDADAP,SDN 010 CIDADAP KOTA BANDUNG,20245138,AKTIVASI SISWA,14,ORANG,2018
513,32,JAWA BARAT,3273,KOTA BANDUNG,3273010,BANDUNG KULON,32.73.15,BANDUNG KULON,SDN 011 CIBUNTU KOTA BANDUNG,20244743,AKTIVASI SISWA,214,ORANG,2018
514,32,JAWA BARAT,3273,KOTA BANDUNG,3273020,BABAKAN CIPARAY,32.73.03,BABAKAN CIPARAY,SDN 012 BABAKAN CIPARAY KOTA BANDUNG,20245013,AKTIVASI SISWA,181,ORANG,2018
515,32,JAWA BARAT,3273,KOTA BANDUNG,3273190,CICENDO,32.73.06,CICENDO,SDN 013 PASIRKALIKI KOTA BANDUNG,20245742,AKTIVASI SISWA,106,ORANG,2018
516,32,JAWA BARAT,3273,KOTA BANDUNG,3273010,BANDUNG KULON,32.73.15,BANDUNG KULON,SDN 014 CIGONDEWAH KOTA BANDUNG,20244836,AKTIVASI SISWA,313,ORANG,2018
517,32,JAWA BARAT,3273,KOTA BANDUNG,3273190,CICENDO,32.73.06,CICENDO,SDN 015 KRESNA KOTA BANDUNG,20245706,AKTIVASI SISWA,307,ORANG,2018
518,32,JAWA BARAT,3273,KOTA BANDUNG,3273190,CICENDO,32.73.06,CICENDO,SDN 016 DR. CIPTO PAJAJARAN KOTA BANDUNG,20245566,AKTIVASI SISWA,104,ORANG,2018
519,32,JAWA BARAT,3273,KOTA BANDUNG,3273150,KIARACONDONG,32.73.16,KIARACONDONG,SDN 017 SEKEJATI KOTA BANDUNG,20245760,AKTIVASI SISWA,84,ORANG,2018
520,32,JAWA BARAT,3273,KOTA BANDUNG,3273240,SUKAJADI,32.73.07,SUKAJADI,SDN 018 SUKAGALIH KOTA BANDUNG,20245266,AKTIVASI SISWA,127,ORANG,2018
521,32,JAWA BARAT,3273,KOTA BANDUNG,3273050,ASTANAANYAR,32.73.10,ASTANA ANYAR,SDN 019 PABAKI KOTA BANDUNG,20245054,AKTIVASI SISWA,782,ORANG,2018
522,32,JAWA BARAT,3273,KOTA BANDUNG,3273060,REGOL,32.73.11,REGOL,SDN 020 LENGKONG BESAR KOTA BANDUNG,20245219,AKTIVASI SISWA,135,ORANG,2018
523,32,JAWA BARAT,3273,KOTA BANDUNG,3273120,UJUNG BERUNG,32.73.26,UJUNGBERUNG,SDN 021 CIPOREAT KOTA BANDUNG,20245527,AKTIVASI SISWA,316,ORANG,2018
524,32,JAWA BARAT,3273,KOTA BANDUNG,3273210,CIBEUNYING KIDUL,32.73.14,CIBEUNYING KIDUL,SDN 022 CICADAS KOTA BANDUNG,20245153,AKTIVASI SISWA,136,ORANG,2018
525,32,JAWA BARAT,3273,KOTA BANDUNG,3273050,ASTANAANYAR,32.73.10,ASTANA ANYAR,SDN 023 PAJAGALAN KOTA BANDUNG,20244745,AKTIVASI SISWA,93,ORANG,2018
526,32,JAWA BARAT,3273,KOTA BANDUNG,3273230,COBLONG,32.73.02,COBLONG,SDN 024 COBLONG KOTA BANDUNG,20245546,AKTIVASI SISWA,136,ORANG,2018
527,32,JAWA BARAT,3273,KOTA BANDUNG,3273220,CIBEUNYING KALER,32.73.18,CIBEUNYING KALER,SDN 025 CIKUTRA KOTA BANDUNG,20245172,AKTIVASI SISWA,254,ORANG,2018
528,32,JAWA BARAT,3273,KOTA BANDUNG,3273040,BOJONGLOA KIDUL,32.73.17,BOJONGLOA KIDUL,SDN 026 BOJONGLOA KOTA BANDUNG,20244953,AKTIVASI SISWA,273,ORANG,2018
529,32,JAWA BARAT,3273,KOTA BANDUNG,3273210,CIBEUNYING KIDUL,32.73.14,CIBEUNYING KIDUL,SDN 027 CICADAS KOTA BANDUNG,20245149,AKTIVASI SISWA,239,ORANG,2018
530,32,JAWA BARAT,3273,KOTA BANDUNG,3273160,BATUNUNGGAL,32.73.12,BATUNUNGGAL,SDN 028 GUMURUH KOTA BANDUNG,20244864,AKTIVASI SISWA,334,ORANG,2018
531,32,JAWA BARAT,3273,KOTA BANDUNG,3273110,CIBIRU,32.73.25,CIBIRU,SDN 029 CILENGKRANG KOTA BANDUNG,20245494,AKTIVASI SISWA,207,ORANG,2018
532,32,JAWA BARAT,3273,KOTA BANDUNG,3273260,CIDADAP,32.73.08,CIDADAP,SDN 030 CIRATEUN KOTA BANDUNG,20245140,AKTIVASI SISWA,25,ORANG,2018
533,32,JAWA BARAT,3273,KOTA BANDUNG,3273230,COBLONG,32.73.02,COBLONG,SDN 031 PELESIRAN KOTA BANDUNG,20245749,AKTIVASI SISWA,171,ORANG,2018
534,32,JAWA BARAT,3273,KOTA BANDUNG,3273230,COBLONG,32.73.02,COBLONG,SDN 032 TILIL KOTA BANDUNG,20245822,AKTIVASI SISWA,238,ORANG,2018
535,32,JAWA BARAT,3273,KOTA BANDUNG,3273060,REGOL,32.73.11,REGOL,SDN 033 ASMI KOTA BANDUNG,20245201,AKTIVASI SISWA,154,ORANG,2018
536,32,JAWA BARAT,3273,KOTA BANDUNG,3273170,SUMUR BANDUNG,32.73.19,SUMUR BANDUNG,SDN 034 PATRAKOMALA KOTA BANDUNG,20245745,AKTIVASI SISWA,62,ORANG,2018
537,32,JAWA BARAT,3273,KOTA BANDUNG,3273170,SUMUR BANDUNG,32.73.19,SUMUR BANDUNG,SDN 035 SOKA KOTA BANDUNG,20245781,AKTIVASI SISWA,33,ORANG,2018
538,32,JAWA BARAT,3273,KOTA BANDUNG,3273120,UJUNG BERUNG,32.73.26,UJUNGBERUNG,SDN 036 UJUNGBERUNG KOTA BANDUNG,20245826,AKTIVASI SISWA,788,ORANG,2018
539,32,JAWA BARAT,3273,KOTA BANDUNG,3273200,BANDUNG WETAN,32.73.09,BANDUNG WETAN,SDN 037 SABANG KOTA BANDUNG,20245285,AKTIVASI SISWA,2,ORANG,2018
540,32,JAWA BARAT,3273,KOTA BANDUNG,3273150,KIARACONDONG,32.73.16,KIARACONDONG,SDN 038 KIARACONDONG KOTA BANDUNG,20245701,AKTIVASI SISWA,163,ORANG,2018
541,32,JAWA BARAT,3273,KOTA BANDUNG,3273050,ASTANAANYAR,32.73.10,ASTANA ANYAR,SDN 039 TEGALEGA KOTA BANDUNG,20245095,AKTIVASI SISWA,109,ORANG,2018
542,32,JAWA BARAT,3273,KOTA BANDUNG,3273080,BANDUNG KIDUL,32.73.21,BANDUNG KIDUL,SDN 040 PASAWAHAN KOTA BANDUNG,20245073,AKTIVASI SISWA,436,ORANG,2018
543,32,JAWA BARAT,3273,KOTA BANDUNG,3273010,BANDUNG KULON,32.73.15,BANDUNG KULON,SDN 041 CIBUNTU WARUNG MUNCANG KOTA BANDUNG,20244744,AKTIVASI SISWA,242,ORANG,2018
544,32,JAWA BARAT,3273,KOTA BANDUNG,3273160,BATUNUNGGAL,32.73.12,BATUNUNGGAL,SDN 042 GAMBIR KOTA BANDUNG,20244857,AKTIVASI SISWA,232,ORANG,2018
545,32,JAWA BARAT,3273,KOTA BANDUNG,3273210,CIBEUNYING KIDUL,32.73.14,CIBEUNYING KIDUL,SDN 043 CIMUNCANG KOTA BANDUNG,20245178,AKTIVASI SISWA,352,ORANG,2018
546,32,JAWA BARAT,3273,KOTA BANDUNG,3273210,CIBEUNYING KIDUL,32.73.14,CIBEUNYING KIDUL,SDN 044 CICADAS AWIGOMBONG KOTA BANDUNG,20245157,AKTIVASI SISWA,395,ORANG,2018
547,32,JAWA BARAT,3273,KOTA BANDUNG,3273190,CICENDO,32.73.06,CICENDO,SDN 045 PASIRKALIKI KOTA BANDUNG,20245735,AKTIVASI SISWA,60,ORANG,2018
548,32,JAWA BARAT,3273,KOTA BANDUNG,3273142,MANDALAJATI,32.73.30,MANDALAJATI,SDN 046 SINDANGLAYA KOTA BANDUNG,20245768,AKTIVASI SISWA,155,ORANG,2018
549,32,JAWA BARAT,3273,KOTA BANDUNG,3273060,REGOL,32.73.11,REGOL,SDN 047 BALONGGEDE KOTA BANDUNG,20251861,AKTIVASI SISWA,228,ORANG,2018
550,32,JAWA BARAT,3273,KOTA BANDUNG,3273240,SUKAJADI,32.73.07,SUKAJADI,SDN 048 SIRNAMANAH KOTA BANDUNG,20244920,AKTIVASI SISWA,150,ORANG,2018
551,32,JAWA BARAT,3273,KOTA BANDUNG,3273180,ANDIR,32.73.05,ANDIR,SDN 049 DURMAN KOTA BANDUNG,20245193,AKTIVASI SISWA,199,ORANG,2018
552,32,JAWA BARAT,3273,KOTA BANDUNG,3273110,CIBIRU,32.73.25,CIBIRU,SDN 050 CIBIRU KOTA BANDUNG,20245488,AKTIVASI SISWA,112,ORANG,2018
553,32,JAWA BARAT,3273,KOTA BANDUNG,3273190,CICENDO,32.73.06,CICENDO,SDN 051 PASIRKALIKI KOTA BANDUNG,20245740,AKTIVASI SISWA,97,ORANG,2018
554,32,JAWA BARAT,3273,KOTA BANDUNG,3273121,CINAMBO,32.73.29,CINAMBO,SDN 052 CISARANTEN WETAN GEDEBAGE KOTA BANDUNG,20245534,AKTIVASI SISWA,289,ORANG,2018
555,32,JAWA BARAT,3273,KOTA BANDUNG,3273230,COBLONG,32.73.02,COBLONG,SDN 053 CISITU KOTA BANDUNG,20245537,AKTIVASI SISWA,147,ORANG,2018
556,32,JAWA BARAT,3273,KOTA BANDUNG,3273230,COBLONG,32.73.02,COBLONG,SDN 054 TIKUKUR KOTA BANDUNG,20245817,AKTIVASI SISWA,173,ORANG,2018
557,32,JAWA BARAT,3273,KOTA BANDUNG,3273142,MANDALAJATI,32.73.30,MANDALAJATI,SDN 055 JATIHANDAP KOTA BANDUNG,20245598,AKTIVASI SISWA,133,ORANG,2018
558,32,JAWA BARAT,3273,KOTA BANDUNG,3273180,ANDIR,32.73.05,ANDIR,SDN 056 GARUDA DADALI KOTA BANDUNG,20245196,AKTIVASI SISWA,326,ORANG,2018
559,32,JAWA BARAT,3273,KOTA BANDUNG,3273130,ARCAMANIK,32.73.24,ARCAMANIK,SDN 057 BINAHARAPAN KOTA BANDUNG,20245481,AKTIVASI SISWA,204,ORANG,2018
560,32,JAWA BARAT,3273,KOTA BANDUNG,3273020,BABAKAN CIPARAY,32.73.03,BABAKAN CIPARAY,SDN 058 BABAKAN CIPARAY KOTA BANDUNG,20245014,AKTIVASI SISWA,143,ORANG,2018
561,32,JAWA BARAT,3273,KOTA BANDUNG,3273020,BABAKAN CIPARAY,32.73.03,BABAKAN CIPARAY,SDN 059 CIRANGRANG KOTA BANDUNG,20245025,AKTIVASI SISWA,201,ORANG,2018
562,32,JAWA BARAT,3273,KOTA BANDUNG,3273020,BABAKAN CIPARAY,32.73.03,BABAKAN CIPARAY,SDN 060 RAYA BARAT KOTA BANDUNG,20245078,AKTIVASI SISWA,203,ORANG,2018
563,32,JAWA BARAT,3273,KOTA BANDUNG,3273010,BANDUNG KULON,32.73.15,BANDUNG KULON,SDN 061 CIJERAH KOTA BANDUNG,20244841,AKTIVASI SISWA,117,ORANG,2018
564,32,JAWA BARAT,3273,KOTA BANDUNG,3273200,BANDUNG WETAN,32.73.09,BANDUNG WETAN,SDN 062 CIUJUNG KOTA BANDUNG,20245187,AKTIVASI SISWA,60,ORANG,2018
565,32,JAWA BARAT,3273,KOTA BANDUNG,3273160,BATUNUNGGAL,32.73.12,BATUNUNGGAL,SDN 063 KEBON GEDANG KOTA BANDUNG,20245950,AKTIVASI SISWA,573,ORANG,2018
566,32,JAWA BARAT,3273,KOTA BANDUNG,3273210,CIBEUNYING KIDUL,32.73.14,CIBEUNYING KIDUL,SDN 064 PADASUKA KOTA BANDUNG,20245247,AKTIVASI SISWA,178,ORANG,2018
567,32,JAWA BARAT,3273,KOTA BANDUNG,3273230,COBLONG,32.73.02,COBLONG,SDN 065 CIHAMPELAS KOTA BANDUNG,20245514,AKTIVASI SISWA,156,ORANG,2018
568,32,JAWA BARAT,3273,KOTA BANDUNG,3273070,LENGKONG,32.73.13,LENGKONG,SDN 066 HALIMUN KOTA BANDUNG,20245031,AKTIVASI SISWA,178,ORANG,2018
569,32,JAWA BARAT,3273,KOTA BANDUNG,3273070,LENGKONG,32.73.13,LENGKONG,SDN 067 NILEM KOTA BANDUNG,20245050,AKTIVASI SISWA,70,ORANG,2018
570,32,JAWA BARAT,3273,KOTA BANDUNG,3273142,MANDALAJATI,32.73.30,MANDALAJATI,SDN 068 SINDANGLAYA KOTA BANDUNG,20245769,AKTIVASI SISWA,214,ORANG,2018
571,32,JAWA BARAT,3273,KOTA BANDUNG,3273100,RANCASARI,32.73.23,RANCASARI,SDN 069 CIPAMOKOLAN DERWATI KOTA BANDUNG,20245502,AKTIVASI SISWA,480,ORANG,2018
572,32,JAWA BARAT,3273,KOTA BANDUNG,3273060,REGOL,32.73.11,REGOL,SDN 070 PASIRLUYU KOTA BANDUNG,20246459,AKTIVASI SISWA,193,ORANG,2018
573,32,JAWA BARAT,3273,KOTA BANDUNG,3273240,SUKAJADI,32.73.07,SUKAJADI,SDN 071 SUKAGALIH KOTA BANDUNG,20245267,AKTIVASI SISWA,286,ORANG,2018
574,32,JAWA BARAT,3273,KOTA BANDUNG,3273240,SUKAJADI,32.73.07,SUKAJADI,SDN 072 SUKASARI KOTA BANDUNG,20245276,AKTIVASI SISWA,23,ORANG,2018
575,32,JAWA BARAT,3273,KOTA BANDUNG,3273050,ASTANAANYAR,32.73.10,ASTANA ANYAR,SDN 073 PAJAGALAN KOTA BANDUNG,20247280,AKTIVASI SISWA,108,ORANG,2018
576,32,JAWA BARAT,3273,KOTA BANDUNG,3273190,CICENDO,32.73.06,CICENDO,SDN 074 AYUDIA KOTA BANDUNG,20245449,AKTIVASI SISWA,156,ORANG,2018
577,32,JAWA BARAT,3273,KOTA BANDUNG,3273190,CICENDO,32.73.06,CICENDO,SDN 075 JATAYU KOTA BANDUNG,20245591,AKTIVASI SISWA,206,ORANG,2018
578,32,JAWA BARAT,3273,KOTA BANDUNG,3273240,SUKAJADI,32.73.07,SUKAJADI,SDN 076 SUKAJADI KOTA BANDUNG,20244925,AKTIVASI SISWA,82,ORANG,2018
579,32,JAWA BARAT,3273,KOTA BANDUNG,3273240,SUKAJADI,32.73.07,SUKAJADI,SDN 077 SEJAHTERA KOTA BANDUNG,20245980,AKTIVASI SISWA,153,ORANG,2018
580,32,JAWA BARAT,3273,KOTA BANDUNG,3273141,ANTAPANI,32.73.20,ANTAPANI,SDN 078 SINDANGSARI ANTAPANI KOTA BANDUNG,20245441,AKTIVASI SISWA,291,ORANG,2018
581,32,JAWA BARAT,3273,KOTA BANDUNG,3273050,ASTANAANYAR,32.73.10,ASTANA ANYAR,SDN 079 KOPO PAJAGALAN KOTA BANDUNG,20245039,AKTIVASI SISWA,340,ORANG,2018
582,32,JAWA BARAT,3273,KOTA BANDUNG,3273010,BANDUNG KULON,32.73.15,BANDUNG KULON,SDN 080 BOJONG INDAH CIBUNTU KOTA BANDUNG,20244740,AKTIVASI SISWA,145,ORANG,2018
583,32,JAWA BARAT,3273,KOTA BANDUNG,3273160,BATUNUNGGAL,32.73.12,BATUNUNGGAL,SDN 081 KEBON GEDANG KRIDAWINAYA KOTA BANDUNG,20245956,AKTIVASI SISWA,147,ORANG,2018
584,32,JAWA BARAT,3273,KOTA BANDUNG,3273220,CIBEUNYING KALER,32.73.18,CIBEUNYING KALER,SDN 082 MUARARAJEUN KOTA BANDUNG,20245242,AKTIVASI SISWA,134,ORANG,2018
585,32,JAWA BARAT,3273,KOTA BANDUNG,3273150,KIARACONDONG,32.73.16,KIARACONDONG,SDN 083 BABAKAN SURABAYA KOTA BANDUNG,20245470,AKTIVASI SISWA,115,ORANG,2018
586,32,JAWA BARAT,3273,KOTA BANDUNG,3273142,MANDALAJATI,32.73.30,MANDALAJATI,SDN 084 CIKADUT KOTA BANDUNG,20245521,AKTIVASI SISWA,204,ORANG,2018
587,32,JAWA BARAT,3273,KOTA BANDUNG,3273260,CIDADAP,32.73.08,CIDADAP,SDN 085 CIUMBULEUIT KOTA BANDUNG,20245142,AKTIVASI SISWA,60,ORANG,2018
588,32,JAWA BARAT,3273,KOTA BANDUNG,3273101,GEDEBAGE,32.73.27,GEDEBAGE,SDN 086 CIMINCRANG KOTA BANDUNG,20245497,AKTIVASI SISWA,109,ORANG,2018
589,32,JAWA BARAT,3273,KOTA BANDUNG,3273100,RANCASARI,32.73.23,RANCASARI,SDN 087 RANCABOLANG KOTA BANDUNG,20246414,AKTIVASI SISWA,336,ORANG,2018
590,32,JAWA BARAT,3273,KOTA BANDUNG,3273170,SUMUR BANDUNG,32.73.19,SUMUR BANDUNG,SDN 088 EMBONG KOTA BANDUNG,20245568,AKTIVASI SISWA,144,ORANG,2018
591,32,JAWA BARAT,3273,KOTA BANDUNG,3273020,BABAKAN CIPARAY,32.73.03,BABAKAN CIPARAY,SDN 089 BABAKAN CIPARAY KOTA BANDUNG,20244998,AKTIVASI SISWA,256,ORANG,2018
592,32,JAWA BARAT,3273,KOTA BANDUNG,3273110,CIBIRU,32.73.25,CIBIRU,SDN 090 CIBIRU KOTA BANDUNG,20245487,AKTIVASI SISWA,152,ORANG,2018
593,32,JAWA BARAT,3273,KOTA BANDUNG,3273180,ANDIR,32.73.05,ANDIR,SDN 091 CIBEUREUM KOTA BANDUNG,20245129,AKTIVASI SISWA,726,ORANG,2018
594,32,JAWA BARAT,3273,KOTA BANDUNG,3273050,ASTANAANYAR,32.73.10,ASTANA ANYAR,SDN 092 CIBADAK ANDIR KOTA BANDUNG,20244961,AKTIVASI SISWA,99,ORANG,2018
595,32,JAWA BARAT,3273,KOTA BANDUNG,3273010,BANDUNG KULON,32.73.15,BANDUNG KULON,SDN 093 TUNAS HARAPAN CIJERAH KOTA BANDUNG,20244933,AKTIVASI SISWA,90,ORANG,2018
596,32,JAWA BARAT,3273,KOTA BANDUNG,3273080,BANDUNG KIDUL,32.73.21,BANDUNG KIDUL,SDN 094 PARAKANWAAS KOTA BANDUNG,20245072,AKTIVASI SISWA,45,ORANG,2018
597,32,JAWA BARAT,3273,KOTA BANDUNG,3273090,BUAHBATU,32.73.22,BUAHBATU,SDN 095 BABAKANJATI KOTA BANDUNG,20246455,AKTIVASI SISWA,493,ORANG,2018
598,32,JAWA BARAT,3273,KOTA BANDUNG,3273240,SUKAJADI,32.73.07,SUKAJADI,SDN 096 SARIJADI SELATAN KOTA BANDUNG,20245260,AKTIVASI SISWA,61,ORANG,2018
599,32,JAWA BARAT,3273,KOTA BANDUNG,3273250,SUKASARI,32.73.01,SUKASARI,SDN 097 CIRATEUN KULON KOTA BANDUNG,20244855,AKTIVASI SISWA,64,ORANG,2018
600,32,JAWA BARAT,3273,KOTA BANDUNG,3273180,ANDIR,32.73.05,ANDIR,SDN 098 CIROYOM KOTA BANDUNG,20245141,AKTIVASI SISWA,131,ORANG,2018
601,32,JAWA BARAT,3273,KOTA BANDUNG,3273030,BOJONGLOA KALER,32.73.04,BOJONGLOA KALER,SDN 099 BABAKAN TAROGONG KOTA BANDUNG,20244943,AKTIVASI SISWA,319,ORANG,2018
602,32,JAWA BARAT,3273,KOTA BANDUNG,3273250,SUKASARI,32.73.01,SUKASARI,SDN 100 CIPEDES KOTA BANDUNG,20245922,AKTIVASI SISWA,42,ORANG,2018
603,32,JAWA BARAT,3273,KOTA BANDUNG,3273130,ARCAMANIK,32.73.24,ARCAMANIK,SDN 101 SUKAKARYA KOTA BANDUNG,20245795,AKTIVASI SISWA,99,ORANG,2018
604,32,JAWA BARAT,3273,KOTA BANDUNG,3273110,CIBIRU,32.73.25,CIBIRU,SDN 102 CIKUDAYASA KOTA BANDUNG,20245492,AKTIVASI SISWA,137,ORANG,2018
605,32,JAWA BARAT,3273,KOTA BANDUNG,3273230,COBLONG,32.73.02,COBLONG,SDN 103 COBLONG KOTA BANDUNG,20245549,AKTIVASI SISWA,81,ORANG,2018
606,32,JAWA BARAT,3273,KOTA BANDUNG,3273230,COBLONG,32.73.02,COBLONG,SDN 104 LANGENSARI SENANGGALIH KOTA BANDUNG,20245710,AKTIVASI SISWA,371,ORANG,2018
607,32,JAWA BARAT,3273,KOTA BANDUNG,3273111,PANYILEUKAN,32.73.28,PANYILEUKAN,SDN 105 SUKARELA KOTA BANDUNG,20245790,AKTIVASI SISWA,270,ORANG,2018
608,32,JAWA BARAT,3273,KOTA BANDUNG,3273120,UJUNG BERUNG,32.73.26,UJUNGBERUNG,SDN 106 AJITUNGGAL CIJAMBE KOTA BANDUNG,20246393,AKTIVASI SISWA,220,ORANG,2018
609,32,JAWA BARAT,3273,KOTA BANDUNG,3273120,UJUNG BERUNG,32.73.26,UJUNGBERUNG,SDN 107 PALEDANG KOTA BANDUNG,20245729,AKTIVASI SISWA,328,ORANG,2018
610,32,JAWA BARAT,3273,KOTA BANDUNG,3273260,CIDADAP,32.73.08,CIDADAP,SDN 108 CIUMBULEUIT KOTA BANDUNG,20245144,AKTIVASI SISWA,45,ORANG,2018
611,32,JAWA BARAT,3273,KOTA BANDUNG,3273160,BATUNUNGGAL,32.73.12,BATUNUNGGAL,SDN 109 CENTEH KOTA BANDUNG,20244829,AKTIVASI SISWA,479,ORANG,2018
612,32,JAWA BARAT,3273,KOTA BANDUNG,3273190,CICENDO,32.73.06,CICENDO,SDN 110 PASIRKALIKI KOMARABUDI KOTA BANDUNG,20245736,AKTIVASI SISWA,86,ORANG,2018
613,32,JAWA BARAT,3273,KOTA BANDUNG,3273150,KIARACONDONG,32.73.16,KIARACONDONG,SDN 111 PINDAD KOTA BANDUNG,20245751,AKTIVASI SISWA,181,ORANG,2018
614,32,JAWA BARAT,3273,KOTA BANDUNG,3273060,REGOL,32.73.11,REGOL,SDN 112 PAMOYANAN KOTA BANDUNG,20245254,AKTIVASI SISWA,130,ORANG,2018
615,32,JAWA BARAT,3273,KOTA BANDUNG,3273170,SUMUR BANDUNG,32.73.19,SUMUR BANDUNG,SDN 113 BANJARSARI KOTA BANDUNG,20245475,AKTIVASI SISWA,7,ORANG,2018
616,32,JAWA BARAT,3273,KOTA BANDUNG,3273210,CIBEUNYING KIDUL,32.73.14,CIBEUNYING KIDUL,SDN 114 BOJONGKONENG CIBEUNYING KOTA BANDUNG,20245119,AKTIVASI SISWA,162,ORANG,2018
617,32,JAWA BARAT,3273,KOTA BANDUNG,3273070,LENGKONG,32.73.13,LENGKONG,SDN 115 TURANGGA KOTA BANDUNG,20245097,AKTIVASI SISWA,26,ORANG,2018
618,32,JAWA BARAT,3273,KOTA BANDUNG,3273150,KIARACONDONG,32.73.16,KIARACONDONG,SDN 116 CICAHEUM KOTA BANDUNG,20245512,AKTIVASI SISWA,180,ORANG,2018
619,32,JAWA BARAT,3273,KOTA BANDUNG,3273080,BANDUNG KIDUL,32.73.21,BANDUNG KIDUL,SDN 117 BATUNUNGGAL KOTA BANDUNG,20245021,AKTIVASI SISWA,280,ORANG,2018
620,32,JAWA BARAT,3273,KOTA BANDUNG,3273030,BOJONGLOA KALER,32.73.04,BOJONGLOA KALER,SDN 118 TANJUNG KOTA BANDUNG,20244990,AKTIVASI SISWA,350,ORANG,2018
621,32,JAWA BARAT,3273,KOTA BANDUNG,3273070,LENGKONG,32.73.13,LENGKONG,SDN 119 CIJAGRA KOTA BANDUNG,20245023,AKTIVASI SISWA,53,ORANG,2018
622,32,JAWA BARAT,3273,KOTA BANDUNG,3273060,REGOL,32.73.11,REGOL,SDN 120 KOTABARU KOTA BANDUNG,20245218,AKTIVASI SISWA,61,ORANG,2018
623,32,JAWA BARAT,3273,KOTA BANDUNG,3273010,BANDUNG KULON,32.73.15,BANDUNG KULON,SDN 121 CARINGIN HOLIS KOTA BANDUNG,20244742,AKTIVASI SISWA,213,ORANG,2018
624,32,JAWA BARAT,3273,KOTA BANDUNG,3273100,RANCASARI,32.73.23,RANCASARI,SDN 122 CIJAWURA KOTA BANDUNG,20245169,AKTIVASI SISWA,210,ORANG,2018
625,32,JAWA BARAT,3273,KOTA BANDUNG,3273060,REGOL,32.73.11,REGOL,SDN 123 BABAKAN PRIANGAN KOTA BANDUNG,20245108,AKTIVASI SISWA,127,ORANG,2018
626,32,JAWA BARAT,3273,KOTA BANDUNG,3273110,CIBIRU,32.73.25,CIBIRU,SDN 124 HANURA KOTA BANDUNG,20245586,AKTIVASI SISWA,199,ORANG,2018
627,32,JAWA BARAT,3273,KOTA BANDUNG,3273110,CIBIRU,32.73.25,CIBIRU,SDN 125 TARUNA KARYA KOTA BANDUNG,20245811,AKTIVASI SISWA,129,ORANG,2018
628,32,JAWA BARAT,3273,KOTA BANDUNG,3273020,BABAKAN CIPARAY,32.73.03,BABAKAN CIPARAY,SDN 126 BABAKAN KOTA BANDUNG,20244995,AKTIVASI SISWA,230,ORANG,2018
629,32,JAWA BARAT,3273,KOTA BANDUNG,3273230,COBLONG,32.73.02,COBLONG,SDN 127 SEKELOA KOTA BANDUNG,20245765,AKTIVASI SISWA,170,ORANG,2018
630,32,JAWA BARAT,3273,KOTA BANDUNG,3273230,COBLONG,32.73.02,COBLONG,SDN 128 HAURPANCUH KOTA BANDUNG,20245587,AKTIVASI SISWA,176,ORANG,2018
631,32,JAWA BARAT,3273,KOTA BANDUNG,3273090,BUAHBATU,32.73.22,BUAHBATU,SDN 129 RANCASAWO MARGASARI KOTA BANDUNG,20246417,AKTIVASI SISWA,224,ORANG,2018
632,32,JAWA BARAT,3273,KOTA BANDUNG,3273080,BANDUNG KIDUL,32.73.21,BANDUNG KIDUL,SDN 130 SEKELIMUS BATUNUNGGAL KOTA BANDUNG,20245084,AKTIVASI SISWA,401,ORANG,2018
633,32,JAWA BARAT,3273,KOTA BANDUNG,3273090,BUAHBATU,32.73.22,BUAHBATU,SDN 131 CIJAWURA KOTA BANDUNG,20245171,AKTIVASI SISWA,209,ORANG,2018
634,32,JAWA BARAT,3273,KOTA BANDUNG,3273220,CIBEUNYING KALER,32.73.18,CIBEUNYING KALER,SDN 132 CIHAURGEULIS KOTA BANDUNG,20245165,AKTIVASI SISWA,56,ORANG,2018
635,32,JAWA BARAT,3273,KOTA BANDUNG,3273210,CIBEUNYING KIDUL,32.73.14,CIBEUNYING KIDUL,SDN 133 JALAN ANYAR KOTA BANDUNG,20245211,AKTIVASI SISWA,76,ORANG,2018
636,32,JAWA BARAT,3273,KOTA BANDUNG,3273260,CIDADAP,32.73.08,CIDADAP,SDN 134 PANORAMA KOTA BANDUNG,20245244,AKTIVASI SISWA,52,ORANG,2018
637,32,JAWA BARAT,3273,KOTA BANDUNG,3273070,LENGKONG,32.73.13,LENGKONG,SDN 135 TURANGGA KOTA BANDUNG,20245098,AKTIVASI SISWA,49,ORANG,2018
638,32,JAWA BARAT,3273,KOTA BANDUNG,3273240,SUKAJADI,32.73.07,SUKAJADI,SDN 136 SUKAWARNA KOTA BANDUNG,20245278,AKTIVASI SISWA,142,ORANG,2018
639,32,JAWA BARAT,3273,KOTA BANDUNG,3273250,SUKASARI,32.73.01,SUKASARI,SDN 137 CIJEROKASO KOTA BANDUNG,20244848,AKTIVASI SISWA,74,ORANG,2018
640,32,JAWA BARAT,3273,KOTA BANDUNG,3273250,SUKASARI,32.73.01,SUKASARI,SDN 138 GEGERKALONG GIRANG KOTA BANDUNG,20247203,AKTIVASI SISWA,98,ORANG,2018
641,32,JAWA BARAT,3273,KOTA BANDUNG,3273250,SUKASARI,32.73.01,SUKASARI,SDN 139 SUKARASA KOTA BANDUNG,20244928,AKTIVASI SISWA,36,ORANG,2018
642,32,JAWA BARAT,3273,KOTA BANDUNG,3273130,ARCAMANIK,32.73.24,ARCAMANIK,SDN 140 ARCAMANIK KOTA BANDUNG,20245447,AKTIVASI SISWA,121,ORANG,2018
643,32,JAWA BARAT,3273,KOTA BANDUNG,3273130,ARCAMANIK,32.73.24,ARCAMANIK,SDN 141 LOKAJAYA KOTA BANDUNG,20245712,AKTIVASI SISWA,264,ORANG,2018
644,32,JAWA BARAT,3273,KOTA BANDUNG,3273050,ASTANAANYAR,32.73.10,ASTANA ANYAR,SDN 142 DWIKORA KOTA BANDUNG,20245029,AKTIVASI SISWA,344,ORANG,2018
645,32,JAWA BARAT,3273,KOTA BANDUNG,3273050,ASTANAANYAR,32.73.10,ASTANA ANYAR,SDN 143 KOPO KOTA BANDUNG,20245043,AKTIVASI SISWA,86,ORANG,2018
646,32,JAWA BARAT,3273,KOTA BANDUNG,3273020,BABAKAN CIPARAY,32.73.03,BABAKAN CIPARAY,SDN 144 SITUGUNTING KOTA BANDUNG,20245089,AKTIVASI SISWA,157,ORANG,2018
647,32,JAWA BARAT,3273,KOTA BANDUNG,3273160,BATUNUNGGAL,32.73.12,BATUNUNGGAL,SDN 145 BINONG JATI KOTA BANDUNG,20244825,AKTIVASI SISWA,182,ORANG,2018
648,32,JAWA BARAT,3273,KOTA BANDUNG,3273160,BATUNUNGGAL,32.73.12,BATUNUNGGAL,SDN 146 GUMURUH KOTA BANDUNG,20244870,AKTIVASI SISWA,211,ORANG,2018
649,32,JAWA BARAT,3273,KOTA BANDUNG,3273030,BOJONGLOA KALER,32.73.04,BOJONGLOA KALER,SDN 147 CITARIP BARAT KOTA BANDUNG,20244969,AKTIVASI SISWA,355,ORANG,2018
650,32,JAWA BARAT,3273,KOTA BANDUNG,3273040,BOJONGLOA KIDUL,32.73.17,BOJONGLOA KIDUL,SDN 148 CIBADUYUT KOTA BANDUNG,20244963,AKTIVASI SISWA,449,ORANG,2018
651,32,JAWA BARAT,3273,KOTA BANDUNG,3273220,CIBEUNYING KALER,32.73.18,CIBEUNYING KALER,SDN 149 CIGADUNG KOTA BANDUNG,20245162,AKTIVASI SISWA,130,ORANG,2018
652,32,JAWA BARAT,3273,KOTA BANDUNG,3273210,CIBEUNYING KIDUL,32.73.14,CIBEUNYING KIDUL,SDN 150 GATOT SUBROTO KOTA BANDUNG,20245206,AKTIVASI SISWA,119,ORANG,2018
653,32,JAWA BARAT,3273,KOTA BANDUNG,3273210,CIBEUNYING KIDUL,32.73.14,CIBEUNYING KIDUL,SDN 151 SUKASENANG KOTA BANDUNG,20245284,AKTIVASI SISWA,57,ORANG,2018
654,32,JAWA BARAT,3273,KOTA BANDUNG,3273110,CIBIRU,32.73.25,CIBIRU,SDN 152 CIGAGAK KOTA BANDUNG,20245838,AKTIVASI SISWA,128,ORANG,2018
655,32,JAWA BARAT,3273,KOTA BANDUNG,3273110,CIBIRU,32.73.25,CIBIRU,SDN 153 TARUNA KARYA KOTA BANDUNG,20245812,AKTIVASI SISWA,286,ORANG,2018
656,32,JAWA BARAT,3273,KOTA BANDUNG,3273190,CICENDO,32.73.06,CICENDO,SDN 154 CITEPUS KOTA BANDUNG,20245541,AKTIVASI SISWA,352,ORANG,2018
657,32,JAWA BARAT,3273,KOTA BANDUNG,3273190,CICENDO,32.73.06,CICENDO,SDN 155 GUNUNG RAHAYU KOTA BANDUNG,20245570,AKTIVASI SISWA,117,ORANG,2018
658,32,JAWA BARAT,3273,KOTA BANDUNG,3273190,CICENDO,32.73.06,CICENDO,SDN 156 PASIRKALIKI KOTA BANDUNG,20245737,AKTIVASI SISWA,280,ORANG,2018
659,32,JAWA BARAT,3273,KOTA BANDUNG,3273190,CICENDO,32.73.06,CICENDO,SDN 157 SUKARAJA KOTA BANDUNG,20245810,AKTIVASI SISWA,17,ORANG,2018
660,32,JAWA BARAT,3273,KOTA BANDUNG,3273150,KIARACONDONG,32.73.16,KIARACONDONG,SDN 158 BABAKAN SARI BABAKAN SURABAYA KOTA BANDUNG,20245452,AKTIVASI SISWA,295,ORANG,2018
661,32,JAWA BARAT,3273,KOTA BANDUNG,3273150,KIARACONDONG,32.73.16,KIARACONDONG,SDN 159 SEKEJATI KOTA BANDUNG,20245762,AKTIVASI SISWA,311,ORANG,2018
662,32,JAWA BARAT,3273,KOTA BANDUNG,3273150,KIARACONDONG,32.73.16,KIARACONDONG,SDN 160 SUKALAKSANA KOTA BANDUNG,20245797,AKTIVASI SISWA,328,ORANG,2018
663,32,JAWA BARAT,3273,KOTA BANDUNG,3273150,KIARACONDONG,32.73.16,KIARACONDONG,SDN 161 SUKAPURA KOTA BANDUNG,20245805,AKTIVASI SISWA,250,ORANG,2018
664,32,JAWA BARAT,3273,KOTA BANDUNG,3273150,KIARACONDONG,32.73.16,KIARACONDONG,SDN 162 WARUNGJAMBU KIARACONDONG KOTA BANDUNG,20245836,AKTIVASI SISWA,277,ORANG,2018
665,32,JAWA BARAT,3273,KOTA BANDUNG,3273070,LENGKONG,32.73.13,LENGKONG,SDN 163 BUAHBATU BARU KOTA BANDUNG,20245022,AKTIVASI SISWA,160,ORANG,2018
666,32,JAWA BARAT,3273,KOTA BANDUNG,3273070,LENGKONG,32.73.13,LENGKONG,SDN 164 KARANGPAWULANG KOTA BANDUNG,20245036,AKTIVASI SISWA,10,ORANG,2018
667,32,JAWA BARAT,3273,KOTA BANDUNG,3273142,MANDALAJATI,32.73.30,MANDALAJATI,SDN 165 JATIHANDAP KOTA BANDUNG,20245596,AKTIVASI SISWA,86,ORANG,2018
668,32,JAWA BARAT,3273,KOTA BANDUNG,3273060,REGOL,32.73.11,REGOL,SDN 166 CIATEUL KOTA BANDUNG,20245146,AKTIVASI SISWA,86,ORANG,2018
669,32,JAWA BARAT,3273,KOTA BANDUNG,3273060,REGOL,32.73.11,REGOL,SDN 167 MENGGER GIRANG KOTA BANDUNG,20245229,AKTIVASI SISWA,332,ORANG,2018
670,32,JAWA BARAT,3273,KOTA BANDUNG,3273110,CIBIRU,32.73.25,CIBIRU,SDN 168 CIPADUNG KOTA BANDUNG,20245500,AKTIVASI SISWA,165,ORANG,2018
671,32,JAWA BARAT,3273,KOTA BANDUNG,3273110,CIBIRU,32.73.25,CIBIRU,SDN 169 PELITA KOTA BANDUNG,20245747,AKTIVASI SISWA,135,ORANG,2018
672,32,JAWA BARAT,3273,KOTA BANDUNG,3273190,CICENDO,32.73.06,CICENDO,SDN 170 DIAN KOTA BANDUNG,20245564,AKTIVASI SISWA,70,ORANG,2018
673,32,JAWA BARAT,3273,KOTA BANDUNG,3273190,CICENDO,32.73.06,CICENDO,SDN 171 LANUMA HUSEIN KOTA BANDUNG,20245709,AKTIVASI SISWA,47,ORANG,2018
674,32,JAWA BARAT,3273,KOTA BANDUNG,3273121,CINAMBO,32.73.29,CINAMBO,SDN 172 ANDIR KIDUL KOTA BANDUNG,20245439,AKTIVASI SISWA,65,ORANG,2018
675,32,JAWA BARAT,3273,KOTA BANDUNG,3273230,COBLONG,32.73.02,COBLONG,SDN 173 NEGLASARI KOTA BANDUNG,20245717,AKTIVASI SISWA,145,ORANG,2018
676,32,JAWA BARAT,3273,KOTA BANDUNG,3273142,MANDALAJATI,32.73.30,MANDALAJATI,SDN 174 PASIR IMPUN KOTA BANDUNG,20245733,AKTIVASI SISWA,332,ORANG,2018
677,32,JAWA BARAT,3273,KOTA BANDUNG,3273142,MANDALAJATI,32.73.30,MANDALAJATI,SDN 175 TANJAKAN KOTA BANDUNG,20245816,AKTIVASI SISWA,127,ORANG,2018
678,32,JAWA BARAT,3273,KOTA BANDUNG,3273250,SUKASARI,32.73.01,SUKASARI,SDN 176 CILANDAK KOTA BANDUNG,20245918,AKTIVASI SISWA,65,ORANG,2018
679,32,JAWA BARAT,3273,KOTA BANDUNG,3273250,SUKASARI,32.73.01,SUKASARI,SDN 177 CIPEDES KOTA BANDUNG,20245919,AKTIVASI SISWA,82,ORANG,2018
680,32,JAWA BARAT,3273,KOTA BANDUNG,3273250,SUKASARI,32.73.01,SUKASARI,SDN 178 GEGERKALONG KPAD KOTA BANDUNG,20244861,AKTIVASI SISWA,52,ORANG,2018
681,32,JAWA BARAT,3273,KOTA BANDUNG,3273250,SUKASARI,32.73.01,SUKASARI,SDN 179 SARIJADI KOTA BANDUNG,20244903,AKTIVASI SISWA,50,ORANG,2018
682,32,JAWA BARAT,3273,KOTA BANDUNG,3273130,ARCAMANIK,32.73.24,ARCAMANIK,SDN 180 PRAKARSA NUGRAHA KOTA BANDUNG,20245754,AKTIVASI SISWA,252,ORANG,2018
683,32,JAWA BARAT,3273,KOTA BANDUNG,3273130,ARCAMANIK,32.73.24,ARCAMANIK,SDN 181 SUKAMISKIN KOTA BANDUNG,20245804,AKTIVASI SISWA,183,ORANG,2018
684,32,JAWA BARAT,3273,KOTA BANDUNG,3273010,BANDUNG KULON,32.73.15,BANDUNG KULON,SDN 182 PERUMNAS CIJERAH KOTA BANDUNG,20244899,AKTIVASI SISWA,99,ORANG,2018
685,32,JAWA BARAT,3273,KOTA BANDUNG,3273010,BANDUNG KULON,32.73.15,BANDUNG KULON,SDN 183 SAYURAN KOTA BANDUNG,20244910,AKTIVASI SISWA,134,ORANG,2018
686,32,JAWA BARAT,3273,KOTA BANDUNG,3273090,BUAHBATU,32.73.22,BUAHBATU,SDN 184 BUAHBATU KOTA BANDUNG,20246396,AKTIVASI SISWA,225,ORANG,2018
687,32,JAWA BARAT,3273,KOTA BANDUNG,3273220,CIBEUNYING KALER,32.73.18,CIBEUNYING KALER,SDN 185 CIHAURGEULIS KOTA BANDUNG,20245166,AKTIVASI SISWA,59,ORANG,2018
688,32,JAWA BARAT,3273,KOTA BANDUNG,3273110,CIBIRU,32.73.25,CIBIRU,SDN 186 CIPADUNG KOTA BANDUNG,20245498,AKTIVASI SISWA,123,ORANG,2018
689,32,JAWA BARAT,3273,KOTA BANDUNG,3273190,CICENDO,32.73.06,CICENDO,SDN 187 LANUMA HUSEIN KOTA BANDUNG,20245707,AKTIVASI SISWA,99,ORANG,2018
690,32,JAWA BARAT,3273,KOTA BANDUNG,3273260,CIDADAP,32.73.08,CIDADAP,SDN 188 BANDUNG BARU KOTA BANDUNG,20245106,AKTIVASI SISWA,182,ORANG,2018
691,32,JAWA BARAT,3273,KOTA BANDUNG,3273230,COBLONG,32.73.02,COBLONG,SDN 189 NEGLASARI KOTA BANDUNG,20245718,AKTIVASI SISWA,65,ORANG,2018
692,32,JAWA BARAT,3273,KOTA BANDUNG,3273101,GEDEBAGE,32.73.27,GEDEBAGE,SDN 190 CISARANTEN KIDUL KOTA BANDUNG,20245505,AKTIVASI SISWA,251,ORANG,2018
693,32,JAWA BARAT,3273,KOTA BANDUNG,3273150,KIARACONDONG,32.73.16,KIARACONDONG,SDN 191 BABAKAN SURABAYA KOTA BANDUNG,20245464,AKTIVASI SISWA,317,ORANG,2018
694,32,JAWA BARAT,3273,KOTA BANDUNG,3273060,REGOL,32.73.11,REGOL,SDN 192 CIBURUY KOTA BANDUNG,20245148,AKTIVASI SISWA,141,ORANG,2018
695,32,JAWA BARAT,3273,KOTA BANDUNG,3273240,SUKAJADI,32.73.07,SUKAJADI,SDN 193 CARINGIN KOTA BANDUNG,20245126,AKTIVASI SISWA,184,ORANG,2018
696,32,JAWA BARAT,3273,KOTA BANDUNG,3273240,SUKAJADI,32.73.07,SUKAJADI,SDN 194 SUKAJADI KOTA BANDUNG,20244926,AKTIVASI SISWA,98,ORANG,2018
697,32,JAWA BARAT,3273,KOTA BANDUNG,3273250,SUKASARI,32.73.01,SUKASARI,SDN 195 ISOLA KOTA BANDUNG,20244878,AKTIVASI SISWA,48,ORANG,2018
698,32,JAWA BARAT,3273,KOTA BANDUNG,3273250,SUKASARI,32.73.01,SUKASARI,SDN 196 SUKARASA KOTA BANDUNG,20244929,AKTIVASI SISWA,52,ORANG,2018
699,32,JAWA BARAT,3273,KOTA BANDUNG,3273180,ANDIR,32.73.05,ANDIR,SDN 197 KARANG TARUNA KARANGSARI KOTA BANDUNG,20245215,AKTIVASI SISWA,187,ORANG,2018
700,32,JAWA BARAT,3273,KOTA BANDUNG,3273130,ARCAMANIK,32.73.24,ARCAMANIK,SDN 198 MEKARJAYA KOTA BANDUNG,20245715,AKTIVASI SISWA,163,ORANG,2018
701,32,JAWA BARAT,3273,KOTA BANDUNG,3273010,BANDUNG KULON,32.73.15,BANDUNG KULON,SDN 199 SAYURAN KOTA BANDUNG,20244909,AKTIVASI SISWA,211,ORANG,2018
702,32,JAWA BARAT,3273,KOTA BANDUNG,3273040,BOJONGLOA KIDUL,32.73.17,BOJONGLOA KIDUL,SDN 200 LEUWIPANJANG KOTA BANDUNG,20244980,AKTIVASI SISWA,269,ORANG,2018
703,32,JAWA BARAT,3273,KOTA BANDUNG,3273220,CIBEUNYING KALER,32.73.18,CIBEUNYING KALER,SDN 201 SUKALUYU KOTA BANDUNG,20245280,AKTIVASI SISWA,131,ORANG,2018
704,32,JAWA BARAT,3273,KOTA BANDUNG,3273070,LENGKONG,32.73.13,LENGKONG,SDN 202 SURYALAYA KOTA BANDUNG,20245094,AKTIVASI SISWA,92,ORANG,2018
705,32,JAWA BARAT,3273,KOTA BANDUNG,3273160,BATUNUNGGAL,32.73.12,BATUNUNGGAL,SDN 203 KACAPIRING KOTA BANDUNG,20244880,AKTIVASI SISWA,194,ORANG,2018
706,32,JAWA BARAT,3273,KOTA BANDUNG,3273260,CIDADAP,32.73.08,CIDADAP,SDN 204 CIDADAP KOTA BANDUNG,20245139,AKTIVASI SISWA,39,ORANG,2018
707,32,JAWA BARAT,3273,KOTA BANDUNG,3273230,COBLONG,32.73.02,COBLONG,SDN 205 NEGLASARI KOTA BANDUNG,20245720,AKTIVASI SISWA,59,ORANG,2018
708,32,JAWA BARAT,3273,KOTA BANDUNG,3273070,LENGKONG,32.73.13,LENGKONG,SDN 206 PUTRACO INDAH KOTA BANDUNG,20245077,AKTIVASI SISWA,1,ORANG,2018
709,32,JAWA BARAT,3273,KOTA BANDUNG,3273240,SUKAJADI,32.73.07,SUKAJADI,SDN 207 CIBOGO KOTA BANDUNG,20245137,AKTIVASI SISWA,30,ORANG,2018
710,32,JAWA BARAT,3273,KOTA BANDUNG,3273240,SUKAJADI,32.73.07,SUKAJADI,SDN 208 LUGINASARI SUKAGALIH KOTA BANDUNG,20245963,AKTIVASI SISWA,210,ORANG,2018
711,32,JAWA BARAT,3273,KOTA BANDUNG,3273141,ANTAPANI,32.73.20,ANTAPANI,SDN 209 ANTAPANI KOTA BANDUNG,20245442,AKTIVASI SISWA,205,ORANG,2018
712,32,JAWA BARAT,3273,KOTA BANDUNG,3273150,KIARACONDONG,32.73.16,KIARACONDONG,SDN 210 BABAKAN SINYAR KOTA BANDUNG,20245460,AKTIVASI SISWA,305,ORANG,2018
713,32,JAWA BARAT,3273,KOTA BANDUNG,3273060,REGOL,32.73.11,REGOL,SDN 211 BABAKAN PRIANGAN KOTA BANDUNG,20245110,AKTIVASI SISWA,148,ORANG,2018
714,32,JAWA BARAT,3273,KOTA BANDUNG,3273250,SUKASARI,32.73.01,SUKASARI,SDN 212 HARAPAN KOTA BANDUNG,20245941,AKTIVASI SISWA,60,ORANG,2018
715,32,JAWA BARAT,3273,KOTA BANDUNG,3273020,BABAKAN CIPARAY,32.73.03,BABAKAN CIPARAY,SDN 213 BABAKAN CIPARAY KOTA BANDUNG,20245008,AKTIVASI SISWA,216,ORANG,2018
716,32,JAWA BARAT,3273,KOTA BANDUNG,3273010,BANDUNG KULON,32.73.15,BANDUNG KULON,SDN 214 PERUMNAS CIJERAH KOTA BANDUNG,20244900,AKTIVASI SISWA,37,ORANG,2018
717,32,JAWA BARAT,3273,KOTA BANDUNG,3273101,GEDEBAGE,32.73.27,GEDEBAGE,SDN 215 RANCASAGATAN KOTA BANDUNG,20245759,AKTIVASI SISWA,106,ORANG,2018
718,32,JAWA BARAT,3273,KOTA BANDUNG,3273101,GEDEBAGE,32.73.27,GEDEBAGE,SDN 216 SONDARIAH KOTA BANDUNG,20245780,AKTIVASI SISWA,91,ORANG,2018
719,32,JAWA BARAT,3273,KOTA BANDUNG,3273250,SUKASARI,32.73.01,SUKASARI,SDN 217 SARIJADI KOTA BANDUNG,20245971,AKTIVASI SISWA,29,ORANG,2018
720,32,JAWA BARAT,3273,KOTA BANDUNG,3273250,SUKASARI,32.73.01,SUKASARI,SDN 218 SARIJADI KOTA BANDUNG,20244907,AKTIVASI SISWA,90,ORANG,2018
721,32,JAWA BARAT,3273,KOTA BANDUNG,3273160,BATUNUNGGAL,32.73.12,BATUNUNGGAL,SDN 219 BABAKANJATI KOTA BANDUNG,20244823,AKTIVASI SISWA,215,ORANG,2018
722,32,JAWA BARAT,3273,KOTA BANDUNG,3273160,BATUNUNGGAL,32.73.12,BATUNUNGGAL,SDN 220 GUMURUH KOTA BANDUNG,20244871,AKTIVASI SISWA,85,ORANG,2018
723,32,JAWA BARAT,3273,KOTA BANDUNG,3273150,KIARACONDONG,32.73.16,KIARACONDONG,SDN 221 BABAKAN SENTRAL KOTA BANDUNG,20245455,AKTIVASI SISWA,289,ORANG,2018
724,32,JAWA BARAT,3273,KOTA BANDUNG,3273100,RANCASARI,32.73.23,RANCASARI,SDN 222 PASIRPOGOR KOTA BANDUNG,20246413,AKTIVASI SISWA,73,ORANG,2018
725,32,JAWA BARAT,3273,KOTA BANDUNG,3273060,REGOL,32.73.11,REGOL,SDN 223 BHAKTI WINAYA KOTA BANDUNG,20245114,AKTIVASI SISWA,249,ORANG,2018
726,32,JAWA BARAT,3273,KOTA BANDUNG,3273120,UJUNG BERUNG,32.73.26,UJUNGBERUNG,SDN 224 CIJAMBE KOTA BANDUNG,20245517,AKTIVASI SISWA,88,ORANG,2018
727,32,JAWA BARAT,3273,KOTA BANDUNG,3273120,UJUNG BERUNG,32.73.26,UJUNGBERUNG,SDN 225 MEKARGALIH KOTA BANDUNG,20245714,AKTIVASI SISWA,189,ORANG,2018
728,32,JAWA BARAT,3273,KOTA BANDUNG,3273130,ARCAMANIK,32.73.24,ARCAMANIK,SDN 226 ARCAMANIK ENDAH KOTA BANDUNG,20245448,AKTIVASI SISWA,19,ORANG,2018
729,32,JAWA BARAT,3273,KOTA BANDUNG,3273020,BABAKAN CIPARAY,32.73.03,BABAKAN CIPARAY,SDN 227 MARGAHAYU UTARA KOTA BANDUNG,20245046,AKTIVASI SISWA,211,ORANG,2018
730,32,JAWA BARAT,3273,KOTA BANDUNG,3273040,BOJONGLOA KIDUL,32.73.17,BOJONGLOA KIDUL,SDN 228 CANGKUANG KOTA BANDUNG,20244959,AKTIVASI SISWA,181,ORANG,2018
731,32,JAWA BARAT,3273,KOTA BANDUNG,3273040,BOJONGLOA KIDUL,32.73.17,BOJONGLOA KIDUL,SDN 229 CIBADUYUT KOTA BANDUNG,20244966,AKTIVASI SISWA,176,ORANG,2018
732,32,JAWA BARAT,3273,KOTA BANDUNG,3273090,BUAHBATU,32.73.22,BUAHBATU,SDN 230 MARGAHAYU RAYA KOTA BANDUNG,20245226,AKTIVASI SISWA,76,ORANG,2018
733,32,JAWA BARAT,3273,KOTA BANDUNG,3273142,MANDALAJATI,32.73.30,MANDALAJATI,SDN 231 SUKAASIH KOTA BANDUNG,20245794,AKTIVASI SISWA,181,ORANG,2018
734,32,JAWA BARAT,3273,KOTA BANDUNG,3273010,BANDUNG KULON,32.73.15,BANDUNG KULON,SDN 232 BLOK SAWAH KOTA BANDUNG,20244739,AKTIVASI SISWA,112,ORANG,2018
735,32,JAWA BARAT,3273,KOTA BANDUNG,3273040,BOJONGLOA KIDUL,32.73.17,BOJONGLOA KIDUL,SDN 233 CIBADUYUT KOTA BANDUNG,20244967,AKTIVASI SISWA,189,ORANG,2018
736,32,JAWA BARAT,3273,KOTA BANDUNG,3273210,CIBEUNYING KIDUL,32.73.14,CIBEUNYING KIDUL,SDN 234 SALUYU KOTA BANDUNG,20245262,AKTIVASI SISWA,173,ORANG,2018
737,32,JAWA BARAT,3273,KOTA BANDUNG,3273070,LENGKONG,32.73.13,LENGKONG,SDN 235 LENGKONG KECIL KOTA BANDUNG,20245045,AKTIVASI SISWA,182,ORANG,2018
738,32,JAWA BARAT,3273,KOTA BANDUNG,3273020,BABAKAN CIPARAY,32.73.03,BABAKAN CIPARAY,SDN 236 BABAKAN CIPARAY KOTA BANDUNG,20245001,AKTIVASI SISWA,163,ORANG,2018
739,32,JAWA BARAT,3273,KOTA BANDUNG,3273020,BABAKAN CIPARAY,32.73.03,BABAKAN CIPARAY,SDN 237 KOPO ELOK KOTA BANDUNG,20245044,AKTIVASI SISWA,100,ORANG,2018
740,32,JAWA BARAT,3273,KOTA BANDUNG,3273010,BANDUNG KULON,32.73.15,BANDUNG KULON,SDN 238 CIGONDEWAH KOTA BANDUNG,20244839,AKTIVASI SISWA,104,ORANG,2018
741,32,JAWA BARAT,3273,KOTA BANDUNG,3273010,BANDUNG KULON,32.73.15,BANDUNG KULON,SDN 239 CIGONDEWAH KOTA BANDUNG,20244838,AKTIVASI SISWA,99,ORANG,2018
742,32,JAWA BARAT,3273,KOTA BANDUNG,3273010,BANDUNG KULON,32.73.15,BANDUNG KULON,SDN 240 CIJERAH INDAH KOTA BANDUNG,20244846,AKTIVASI SISWA,96,ORANG,2018
743,32,JAWA BARAT,3273,KOTA BANDUNG,3273040,BOJONGLOA KIDUL,32.73.17,BOJONGLOA KIDUL,SDN 241 LEUWIANYAR KOTA BANDUNG,20244978,AKTIVASI SISWA,250,ORANG,2018
744,32,JAWA BARAT,3273,KOTA BANDUNG,3273090,BUAHBATU,32.73.22,BUAHBATU,SDN 242 MARGASARI KOTA BANDUNG,20245228,AKTIVASI SISWA,104,ORANG,2018
745,32,JAWA BARAT,3273,KOTA BANDUNG,3273142,MANDALAJATI,32.73.30,MANDALAJATI,SDN 243 CICABE KOTA BANDUNG,20245510,AKTIVASI SISWA,121,ORANG,2018
746,32,JAWA BARAT,3273,KOTA BANDUNG,3273130,ARCAMANIK,32.73.24,ARCAMANIK,SDN 244 GURUMINDA KOTA BANDUNG,20245585,AKTIVASI SISWA,106,ORANG,2018
747,32,JAWA BARAT,3273,KOTA BANDUNG,3273020,BABAKAN CIPARAY,32.73.03,BABAKAN CIPARAY,SDN 245 SUMBERSARI INDAH KOTA BANDUNG,20245090,AKTIVASI SISWA,267,ORANG,2018
748,32,JAWA BARAT,3273,KOTA BANDUNG,3273090,BUAHBATU,32.73.22,BUAHBATU,SDN 246 MARGACINTA KOTA BANDUNG,20246410,AKTIVASI SISWA,314,ORANG,2018
749,32,JAWA BARAT,3273,KOTA BANDUNG,3273110,CIBIRU,32.73.25,CIBIRU,SDN 247 SUKAPURA KOTA BANDUNG,20258124,AKTIVASI SISWA,103,ORANG,2018
750,32,JAWA BARAT,3273,KOTA BANDUNG,3273141,ANTAPANI,32.73.20,ANTAPANI,SDN 248 SINDANGSARI KOTA BANDUNG,20245778,AKTIVASI SISWA,193,ORANG,2018
751,32,JAWA BARAT,3273,KOTA BANDUNG,3273050,ASTANAANYAR,32.73.10,ASTANA ANYAR,SDN 249 ASTANAANYAR KOTA BANDUNG,20244993,AKTIVASI SISWA,221,ORANG,2018
752,32,JAWA BARAT,3273,KOTA BANDUNG,3273080,BANDUNG KIDUL,32.73.21,BANDUNG KIDUL,SDN 250 JAKAPURWA KOTA BANDUNG,20245034,AKTIVASI SISWA,69,ORANG,2018
753,32,JAWA BARAT,3273,KOTA BANDUNG,3273030,BOJONGLOA KALER,32.73.04,BOJONGLOA KALER,SDN 251 JAMIKA KOTA BANDUNG,20244975,AKTIVASI SISWA,329,ORANG,2018
754,32,JAWA BARAT,3273,KOTA BANDUNG,3273250,SUKASARI,32.73.01,SUKASARI,SDN 252 SETIABUDI KOTA BANDUNG,20244937,AKTIVASI SISWA,32,ORANG,2018
755,32,JAWA BARAT,3273,KOTA BANDUNG,3273120,UJUNG BERUNG,32.73.26,UJUNGBERUNG,SDN 253 PANGGUNGSARI KOTA BANDUNG,20245731,AKTIVASI SISWA,338,ORANG,2018
756,32,JAWA BARAT,3273,KOTA BANDUNG,3273141,ANTAPANI,32.73.20,ANTAPANI,SDN 254 GRIYA BUMI ANTAPANI KOTA BANDUNG,20245583,AKTIVASI SISWA,96,ORANG,2018
757,32,JAWA BARAT,3273,KOTA BANDUNG,3273141,ANTAPANI,32.73.20,ANTAPANI,SDN 255 GRIYA BUMI ANTAPANI KOTA BANDUNG,20245575,AKTIVASI SISWA,153,ORANG,2018
758,32,JAWA BARAT,3273,KOTA BANDUNG,3273010,BANDUNG KULON,32.73.15,BANDUNG KULON,SDN 256 CIGONDEWAH HILIR KOTA BANDUNG,20244840,AKTIVASI SISWA,119,ORANG,2018
759,32,JAWA BARAT,3273,KOTA BANDUNG,3273070,LENGKONG,32.73.13,LENGKONG,SDN 257 PELITA KOTA BANDUNG,20245257,AKTIVASI SISWA,16,ORANG,2018
760,32,JAWA BARAT,3273,KOTA BANDUNG,3273111,PANYILEUKAN,32.73.28,PANYILEUKAN,SDN 258 SUKARELA KOTA BANDUNG,20245792,AKTIVASI SISWA,146,ORANG,2018
761,32,JAWA BARAT,3273,KOTA BANDUNG,3273141,ANTAPANI,32.73.20,ANTAPANI,SDN 259 GRIYA BUMI ANTAPANI KOTA BANDUNG,20245580,AKTIVASI SISWA,68,ORANG,2018
762,32,JAWA BARAT,3273,KOTA BANDUNG,3273141,ANTAPANI,32.73.20,ANTAPANI,SDN 260 GRIYA BUMI ANTAPANI KOTA BANDUNG,20245582,AKTIVASI SISWA,89,ORANG,2018
763,32,JAWA BARAT,3273,KOTA BANDUNG,3273090,BUAHBATU,32.73.22,BUAHBATU,SDN 261 MARGAHAYU RAYA KOTA BANDUNG,20246408,AKTIVASI SISWA,32,ORANG,2018
764,32,JAWA BARAT,3273,KOTA BANDUNG,3273111,PANYILEUKAN,32.73.28,PANYILEUKAN,SDN 262 PANYILEUKAN KOTA BANDUNG,20245724,AKTIVASI SISWA,45,ORANG,2018
765,32,JAWA BARAT,3273,KOTA BANDUNG,3273100,RANCASARI,32.73.23,RANCASARI,SDN 263 RANCALOA KOTA BANDUNG,20245756,AKTIVASI SISWA,206,ORANG,2018
766,32,JAWA BARAT,3273,KOTA BANDUNG,3273141,ANTAPANI,32.73.20,ANTAPANI,SDN 264 GRIYA BUMI ANTAPANI KOTA BANDUNG,20245577,AKTIVASI SISWA,101,ORANG,2018
767,32,JAWA BARAT,3273,KOTA BANDUNG,3273050,ASTANAANYAR,32.73.10,ASTANA ANYAR,SDN 265 BANDUNGKULON KOTA BANDUNG,20244949,AKTIVASI SISWA,323,ORANG,2018
768,32,JAWA BARAT,3273,KOTA BANDUNG,3273080,BANDUNG KIDUL,32.73.21,BANDUNG KIDUL,SDN 266 MENGGER KOTA BANDUNG,20245049,AKTIVASI SISWA,36,ORANG,2018
769,32,JAWA BARAT,3273,KOTA BANDUNG,3273141,ANTAPANI,32.73.20,ANTAPANI,SDN 267 GRIYA BUMI ANTAPANI KOTA BANDUNG,20245573,AKTIVASI SISWA,114,ORANG,2018
770,32,JAWA BARAT,3273,KOTA BANDUNG,3273111,PANYILEUKAN,32.73.28,PANYILEUKAN,SDN 268 PANYILEUKAN KOTA BANDUNG,20245726,AKTIVASI SISWA,45,ORANG,2018
771,32,JAWA BARAT,3273,KOTA BANDUNG,3273141,ANTAPANI,32.73.20,ANTAPANI,SDN 269 GRIYA BUMI ANTAPANI KOTA BANDUNG,20245579,AKTIVASI SISWA,88,ORANG,2018
772,32,JAWA BARAT,3273,KOTA BANDUNG,3273030,BOJONGLOA KALER,32.73.04,BOJONGLOA KALER,SDN 270 GENTRA MASEKDAS KOTA BANDUNG,20244974,AKTIVASI SISWA,203,ORANG,2018
773,32,JAWA BARAT,3273,KOTA BANDUNG,3273111,PANYILEUKAN,32.73.28,PANYILEUKAN,SDN 271 PANGHEGAR KOTA BANDUNG,20245723,AKTIVASI SISWA,22,ORANG,2018
774,32,JAWA BARAT,3273,KOTA BANDUNG,3273240,SUKAJADI,32.73.07,SUKAJADI,SDN 272 SUKASARI KOTA BANDUNG,20245274,AKTIVASI SISWA,114,ORANG,2018
775,32,JAWA BARAT,3273,KOTA BANDUNG,3273010,BANDUNG KULON,32.73.15,BANDUNG KULON,SDN 273 GEMPOL SARI KOTA BANDUNG,20244863,AKTIVASI SISWA,41,ORANG,2018
776,32,JAWA BARAT,3273,KOTA BANDUNG,3273101,GEDEBAGE,32.73.27,GEDEBAGE,SDN 274 CEMPAKA ARUM KOTA BANDUNG,20245486,AKTIVASI SISWA,17,ORANG,2018
777,32,JAWA BARAT,3273,KOTA BANDUNG,3273190,CICENDO,32.73.06,CICENDO,SD 1 KRISTEN PAULUS,20219591,AKTIVASI SISWA,5,ORANG,2018
778,32,JAWA BARAT,3273,KOTA BANDUNG,3273170,SUMUR BANDUNG,32.73.19,SUMUR BANDUNG,SD 3 KRISTEN PAULUS,20219588,AKTIVASI SISWA,3,ORANG,2018
779,32,JAWA BARAT,3273,KOTA BANDUNG,3273142,MANDALAJATI,32.73.30,MANDALAJATI,SD ABU AZIS,69947473,AKTIVASI SISWA,0,ORANG,2018
780,32,JAWA BARAT,3273,KOTA BANDUNG,3273180,ANDIR,32.73.05,ANDIR,SD ADVENT CIMINDI,20219531,AKTIVASI SISWA,11,ORANG,2018
781,32,JAWA BARAT,3273,KOTA BANDUNG,3273230,COBLONG,32.73.02,COBLONG,SD ADVENT II BANDUNG,20258082,AKTIVASI SISWA,3,ORANG,2018
782,32,JAWA BARAT,3273,KOTA BANDUNG,3273170,SUMUR BANDUNG,32.73.19,SUMUR BANDUNG,SD ADVENT NARIPAN,20219530,AKTIVASI SISWA,0,ORANG,2018
783,32,JAWA BARAT,3273,KOTA BANDUNG,3273260,CIDADAP,32.73.08,CIDADAP,SD ADZKIA,69932122,AKTIVASI SISWA,44,ORANG,2018
784,32,JAWA BARAT,3273,KOTA BANDUNG,3273170,SUMUR BANDUNG,32.73.19,SUMUR BANDUNG,SD AL AZHAR 36,69752555,AKTIVASI SISWA,5,ORANG,2018
785,32,JAWA BARAT,3273,KOTA BANDUNG,3273020,BABAKAN CIPARAY,32.73.03,BABAKAN CIPARAY,SD AL BAROKAH,20219528,AKTIVASI SISWA,87,ORANG,2018
786,32,JAWA BARAT,3273,KOTA BANDUNG,3273040,BOJONGLOA KIDUL,32.73.17,BOJONGLOA KIDUL,SD AL BASYARIYAH,20219527,AKTIVASI SISWA,38,ORANG,2018
787,32,JAWA BARAT,3273,KOTA BANDUNG,3273230,COBLONG,32.73.02,COBLONG,SD AL FALAH,20219526,AKTIVASI SISWA,39,ORANG,2018
788,32,JAWA BARAT,3273,KOTA BANDUNG,3273030,BOJONGLOA KALER,32.73.04,BOJONGLOA KALER,SD AL FATAH,20219525,AKTIVASI SISWA,170,ORANG,2018
789,32,JAWA BARAT,3273,KOTA BANDUNG,3273190,CICENDO,32.73.06,CICENDO,SD AL FATAH AL HASAN,20219524,AKTIVASI SISWA,52,ORANG,2018
790,32,JAWA BARAT,3273,KOTA BANDUNG,3273030,BOJONGLOA KALER,32.73.04,BOJONGLOA KALER,SD AL HIDAYAH,20219523,AKTIVASI SISWA,167,ORANG,2018
791,32,JAWA BARAT,3273,KOTA BANDUNG,3273260,CIDADAP,32.73.08,CIDADAP,SD AL HUSAINIYYAH,20219544,AKTIVASI SISWA,175,ORANG,2018
792,32,JAWA BARAT,3273,KOTA BANDUNG,3273240,SUKAJADI,32.73.07,SUKAJADI,SD AL IKHLAS,20219532,AKTIVASI SISWA,129,ORANG,2018
793,32,JAWA BARAT,3273,KOTA BANDUNG,3273260,CIDADAP,32.73.08,CIDADAP,SD AL- HIDAYAH,20252052,AKTIVASI SISWA,144,ORANG,2018
794,32,JAWA BARAT,3273,KOTA BANDUNG,3273230,COBLONG,32.73.02,COBLONG,SD AL-AMIN,20219529,AKTIVASI SISWA,65,ORANG,2018
795,32,JAWA BARAT,3273,KOTA BANDUNG,3273130,ARCAMANIK,32.73.24,ARCAMANIK,SD AL-IHSAN ISLAMIC SCHOOL,69969798,AKTIVASI SISWA,0,ORANG,2018
796,32,JAWA BARAT,3273,KOTA BANDUNG,3273142,MANDALAJATI,32.73.30,MANDALAJATI,SD AL-IRHAAM GLOBAL ISLAMIC SCHOOL,20252083,AKTIVASI SISWA,0,ORANG,2018
797,32,JAWA BARAT,3273,KOTA BANDUNG,3273230,COBLONG,32.73.02,COBLONG,SD ALAM BANDUNG,20269424,AKTIVASI SISWA,2,ORANG,2018
798,32,JAWA BARAT,3273,KOTA BANDUNG,3273010,BANDUNG KULON,32.73.15,BANDUNG KULON,SD ANDIR MUKTI,20219533,AKTIVASI SISWA,126,ORANG,2018
799,32,JAWA BARAT,3273,KOTA BANDUNG,3273190,CICENDO,32.73.06,CICENDO,SD ANGKASA 1,20219534,AKTIVASI SISWA,14,ORANG,2018
800,32,JAWA BARAT,3273,KOTA BANDUNG,3273190,CICENDO,32.73.06,CICENDO,SD ANGKASA 3,20219542,AKTIVASI SISWA,1,ORANG,2018
801,32,JAWA BARAT,3273,KOTA BANDUNG,3273230,COBLONG,32.73.02,COBLONG,SD AR-RAHMAN DARUL ILMI,69934958,AKTIVASI SISWA,0,ORANG,2018
802,32,JAWA BARAT,3273,KOTA BANDUNG,3273150,KIARACONDONG,32.73.16,KIARACONDONG,SD ARRAFI,20247205,AKTIVASI SISWA,8,ORANG,2018
803,32,JAWA BARAT,3273,KOTA BANDUNG,3273101,GEDEBAGE,32.73.27,GEDEBAGE,SD ASHFIYA,69922041,AKTIVASI SISWA,0,ORANG,2018
804,32,JAWA BARAT,3273,KOTA BANDUNG,3273060,REGOL,32.73.11,REGOL,SD ASSALAAM,20219541,AKTIVASI SISWA,0,ORANG,2018
805,32,JAWA BARAT,3273,KOTA BANDUNG,3273100,RANCASARI,32.73.23,RANCASARI,SD ASY-SYIFA 1,20219539,AKTIVASI SISWA,4,ORANG,2018
806,32,JAWA BARAT,3273,KOTA BANDUNG,3273141,ANTAPANI,32.73.20,ANTAPANI,SD ASY-SYIFA 2,20219580,AKTIVASI SISWA,9,ORANG,2018
807,32,JAWA BARAT,3273,KOTA BANDUNG,3273010,BANDUNG KULON,32.73.15,BANDUNG KULON,SD ATTAZHIMIYAH,20219538,AKTIVASI SISWA,60,ORANG,2018
808,32,JAWA BARAT,3273,KOTA BANDUNG,3273090,BUAHBATU,32.73.22,BUAHBATU,SD AZ-ZAKIYAH,20219579,AKTIVASI SISWA,5,ORANG,2018
809,32,JAWA BARAT,3273,KOTA BANDUNG,3273010,BANDUNG KULON,32.73.15,BANDUNG KULON,SD BAITUL HIKMAH,69947447,AKTIVASI SISWA,4,ORANG,2018
810,32,JAWA BARAT,3273,KOTA BANDUNG,3273180,ANDIR,32.73.05,ANDIR,SD BALA KESELAMATAN,20219585,AKTIVASI SISWA,24,ORANG,2018
811,32,JAWA BARAT,3273,KOTA BANDUNG,3273070,LENGKONG,32.73.13,LENGKONG,SD BANDUNG ISLAMIC SCHOOL,69971730,AKTIVASI SISWA,0,ORANG,2018
812,32,JAWA BARAT,3273,KOTA BANDUNG,3273010,BANDUNG KULON,32.73.15,BANDUNG KULON,SD BANDUNG RAYA,20219537,AKTIVASI SISWA,80,ORANG,2018
813,32,JAWA BARAT,3273,KOTA BANDUNG,3273060,REGOL,32.73.11,REGOL,SD BINA TALENTA,20247274,AKTIVASI SISWA,0,ORANG,2018
814,32,JAWA BARAT,3273,KOTA BANDUNG,3273130,ARCAMANIK,32.73.24,ARCAMANIK,SD BINTANG MADANI,20270664,AKTIVASI SISWA,17,ORANG,2018
815,32,JAWA BARAT,3273,KOTA BANDUNG,3273180,ANDIR,32.73.05,ANDIR,SD BODHI SINAR TERANG,69967567,AKTIVASI SISWA,1,ORANG,2018
816,32,JAWA BARAT,3273,KOTA BANDUNG,3273070,LENGKONG,32.73.13,LENGKONG,SD BPI,20219536,AKTIVASI SISWA,3,ORANG,2018
817,32,JAWA BARAT,3273,KOTA BANDUNG,3273180,ANDIR,32.73.05,ANDIR,SD BPMD TARUNA,20219535,AKTIVASI SISWA,101,ORANG,2018
818,32,JAWA BARAT,3273,KOTA BANDUNG,3273090,BUAHBATU,32.73.22,BUAHBATU,SD BUDI ASIH,20219522,AKTIVASI SISWA,88,ORANG,2018
819,32,JAWA BARAT,3273,KOTA BANDUNG,3273070,LENGKONG,32.73.13,LENGKONG,SD BUDI ISTRI,20219617,AKTIVASI SISWA,103,ORANG,2018
820,32,JAWA BARAT,3273,KOTA BANDUNG,3273040,BOJONGLOA KIDUL,32.73.17,BOJONGLOA KIDUL,SD BUDI SASTRA,20219604,AKTIVASI SISWA,144,ORANG,2018
821,32,JAWA BARAT,3273,KOTA BANDUNG,3273010,BANDUNG KULON,32.73.15,BANDUNG KULON,SD CAHAYA NUSANTARA,20258325,AKTIVASI SISWA,1,ORANG,2018
822,32,JAWA BARAT,3273,KOTA BANDUNG,3273020,BABAKAN CIPARAY,32.73.03,BABAKAN CIPARAY,SD CAHAYA PELITA,20219603,AKTIVASI SISWA,174,ORANG,2018
823,32,JAWA BARAT,3273,KOTA BANDUNG,3273240,SUKAJADI,32.73.07,SUKAJADI,SD CEMARA,20219601,AKTIVASI SISWA,28,ORANG,2018
824,32,JAWA BARAT,3273,KOTA BANDUNG,3273130,ARCAMANIK,32.73.24,ARCAMANIK,SD CENDEKIA MUDA,20255299,AKTIVASI SISWA,0,ORANG,2018
825,32,JAWA BARAT,3273,KOTA BANDUNG,3273100,RANCASARI,32.73.23,RANCASARI,SD CERDAS MULIA EKSELENSIA,69949228,AKTIVASI SISWA,0,ORANG,2018
826,32,JAWA BARAT,3273,KOTA BANDUNG,3273130,ARCAMANIK,32.73.24,ARCAMANIK,SD CERDAS MUTHAHHARI,20267679,AKTIVASI SISWA,1,ORANG,2018
827,32,JAWA BARAT,3273,KOTA BANDUNG,3273070,LENGKONG,32.73.13,LENGKONG,SD CIPAERA,20219599,AKTIVASI SISWA,56,ORANG,2018
828,32,JAWA BARAT,3273,KOTA BANDUNG,3273160,BATUNUNGGAL,32.73.12,BATUNUNGGAL,SD CIPTA KARYA,20246315,AKTIVASI SISWA,74,ORANG,2018
829,32,JAWA BARAT,3273,KOTA BANDUNG,3273010,BANDUNG KULON,32.73.15,BANDUNG KULON,SD CITRA CEMARA,20269306,AKTIVASI SISWA,5,ORANG,2018
830,32,JAWA BARAT,3273,KOTA BANDUNG,3273240,SUKAJADI,32.73.07,SUKAJADI,SD CITRA WINAYA,20219598,AKTIVASI SISWA,63,ORANG,2018
831,32,JAWA BARAT,3273,KOTA BANDUNG,3273230,COBLONG,32.73.02,COBLONG,SD DARUL HIKAM,20219597,AKTIVASI SISWA,9,ORANG,2018
832,32,JAWA BARAT,3273,KOTA BANDUNG,3273060,REGOL,32.73.11,REGOL,SD DEWI SARTIKA,20219596,AKTIVASI SISWA,8,ORANG,2018
833,32,JAWA BARAT,3273,KOTA BANDUNG,3273060,REGOL,32.73.11,REGOL,SD DIAN KENCANA,20219606,AKTIVASI SISWA,29,ORANG,2018
834,32,JAWA BARAT,3273,KOTA BANDUNG,3273030,BOJONGLOA KALER,32.73.04,BOJONGLOA KALER,SD DWI AMANAT,20219607,AKTIVASI SISWA,102,ORANG,2018
835,32,JAWA BARAT,3273,KOTA BANDUNG,3273180,ANDIR,32.73.05,ANDIR,SD DWISAKTI,20219616,AKTIVASI SISWA,4,ORANG,2018
836,32,JAWA BARAT,3273,KOTA BANDUNG,3273141,ANTAPANI,32.73.20,ANTAPANI,SD EL FITRA,69948519,AKTIVASI SISWA,25,ORANG,2018
837,32,JAWA BARAT,3273,KOTA BANDUNG,3273070,LENGKONG,32.73.13,LENGKONG,SD GAGAS CERIA,20247207,AKTIVASI SISWA,0,ORANG,2018
838,32,JAWA BARAT,3273,KOTA BANDUNG,3273050,ASTANAANYAR,32.73.10,ASTANA ANYAR,SD GANESHA,20219615,AKTIVASI SISWA,30,ORANG,2018
839,32,JAWA BARAT,3273,KOTA BANDUNG,3273240,SUKAJADI,32.73.07,SUKAJADI,SD GIKI,20219614,AKTIVASI SISWA,3,ORANG,2018
840,32,JAWA BARAT,3273,KOTA BANDUNG,3273180,ANDIR,32.73.05,ANDIR,SD GRACIA 2,20219612,AKTIVASI SISWA,5,ORANG,2018
841,32,JAWA BARAT,3273,KOTA BANDUNG,3273040,BOJONGLOA KIDUL,32.73.17,BOJONGLOA KIDUL,SD HARAPAN KASIH,69895387,AKTIVASI SISWA,0,ORANG,2018
842,32,JAWA BARAT,3273,KOTA BANDUNG,3273150,KIARACONDONG,32.73.16,KIARACONDONG,SD HAS DARUL ILMI,69947365,AKTIVASI SISWA,51,ORANG,2018
843,32,JAWA BARAT,3273,KOTA BANDUNG,3273240,SUKAJADI,32.73.07,SUKAJADI,SD IBNU TAIMIYAH,20219610,AKTIVASI SISWA,14,ORANG,2018
844,32,JAWA BARAT,3273,KOTA BANDUNG,3273160,BATUNUNGGAL,32.73.12,BATUNUNGGAL,SD IGNATIUS SLAMET RIYADI,20219609,AKTIVASI SISWA,8,ORANG,2018
845,32,JAWA BARAT,3273,KOTA BANDUNG,3273150,KIARACONDONG,32.73.16,KIARACONDONG,SD IGNATIUS SLAMET RIYADI 2,20219608,AKTIVASI SISWA,5,ORANG,2018
846,32,JAWA BARAT,3273,KOTA BANDUNG,3273190,CICENDO,32.73.06,CICENDO,SD INDUSTRI,20219595,AKTIVASI SISWA,27,ORANG,2018
847,32,JAWA BARAT,3273,KOTA BANDUNG,3273110,CIBIRU,32.73.25,CIBIRU,SD INTAN AL-SALI,69952860,AKTIVASI SISWA,5,ORANG,2018
848,32,JAWA BARAT,3273,KOTA BANDUNG,3273070,LENGKONG,32.73.13,LENGKONG,SD IRK,20219594,AKTIVASI SISWA,39,ORANG,2018
849,32,JAWA BARAT,3273,KOTA BANDUNG,3273250,SUKASARI,32.73.01,SUKASARI,SD ISLAM AL AZHAR 30,20253348,AKTIVASI SISWA,3,ORANG,2018
850,32,JAWA BARAT,3273,KOTA BANDUNG,3273141,ANTAPANI,32.73.20,ANTAPANI,SD ISLAM MUTIARA HATI,20254714,AKTIVASI SISWA,6,ORANG,2018
851,32,JAWA BARAT,3273,KOTA BANDUNG,3273220,CIBEUNYING KALER,32.73.18,CIBEUNYING KALER,SD ISLAM TERPADU AL IRSYAD,20253818,AKTIVASI SISWA,3,ORANG,2018
852,32,JAWA BARAT,3273,KOTA BANDUNG,3273130,ARCAMANIK,32.73.24,ARCAMANIK,SD ISLAM TERPADU LUQMANUL HAKIM,20219577,AKTIVASI SISWA,84,ORANG,2018
853,32,JAWA BARAT,3273,KOTA BANDUNG,3273200,BANDUNG WETAN,32.73.09,BANDUNG WETAN,SD ISTIQAMAH,20219578,AKTIVASI SISWA,0,ORANG,2018
854,32,JAWA BARAT,3273,KOTA BANDUNG,3273100,RANCASARI,32.73.23,RANCASARI,SD IT AL FITRAH,20269138,AKTIVASI SISWA,22,ORANG,2018
855,32,JAWA BARAT,3273,KOTA BANDUNG,3273080,BANDUNG KIDUL,32.73.21,BANDUNG KIDUL,SD IT AL-FAJAR,20267927,AKTIVASI SISWA,9,ORANG,2018
856,32,JAWA BARAT,3273,KOTA BANDUNG,3273210,CIBEUNYING KIDUL,32.73.14,CIBEUNYING KIDUL,SD ITQAN ISLAMIC SCHOOL,69946543,AKTIVASI SISWA,3,ORANG,2018
857,32,JAWA BARAT,3273,KOTA BANDUNG,3273160,BATUNUNGGAL,32.73.12,BATUNUNGGAL,SD JEMBAR,20219576,AKTIVASI SISWA,33,ORANG,2018
858,32,JAWA BARAT,3273,KOTA BANDUNG,3273111,PANYILEUKAN,32.73.28,PANYILEUKAN,SD JUARA,69734138,AKTIVASI SISWA,164,ORANG,2018
859,32,JAWA BARAT,3273,KOTA BANDUNG,3273210,CIBEUNYING KIDUL,32.73.14,CIBEUNYING KIDUL,SD KARAKTER AZ-ZAHRA,20279824,AKTIVASI SISWA,22,ORANG,2018
860,32,JAWA BARAT,3273,KOTA BANDUNG,3273070,LENGKONG,32.73.13,LENGKONG,SD KARTIKA X-1,20219574,AKTIVASI SISWA,11,ORANG,2018
861,32,JAWA BARAT,3273,KOTA BANDUNG,3273070,LENGKONG,32.73.13,LENGKONG,SD KARTIKA X-2,20219573,AKTIVASI SISWA,6,ORANG,2018
862,32,JAWA BARAT,3273,KOTA BANDUNG,3273170,SUMUR BANDUNG,32.73.19,SUMUR BANDUNG,SD KARTIKA XIX - 1,20219575,AKTIVASI SISWA,0,ORANG,2018
863,32,JAWA BARAT,3273,KOTA BANDUNG,3273010,BANDUNG KULON,32.73.15,BANDUNG KULON,SD KASIH BANGSA,69894361,AKTIVASI SISWA,1,ORANG,2018
864,32,JAWA BARAT,3273,KOTA BANDUNG,3273050,ASTANAANYAR,32.73.10,ASTANA ANYAR,SD KEMAH INDONESIA,20219572,AKTIVASI SISWA,48,ORANG,2018
865,32,JAWA BARAT,3273,KOTA BANDUNG,3273070,LENGKONG,32.73.13,LENGKONG,SD KEMALA BHAYANGKARI 1,20219581,AKTIVASI SISWA,7,ORANG,2018
866,32,JAWA BARAT,3273,KOTA BANDUNG,3273190,CICENDO,32.73.06,CICENDO,SD KRISTEN 1 BINA BAKTI,20219583,AKTIVASI SISWA,0,ORANG,2018
867,32,JAWA BARAT,3273,KOTA BANDUNG,3273190,CICENDO,32.73.06,CICENDO,SD KRISTEN 2 BINA BAKTI,20219590,AKTIVASI SISWA,0,ORANG,2018
868,32,JAWA BARAT,3273,KOTA BANDUNG,3273070,LENGKONG,32.73.13,LENGKONG,SD KRISTEN 5 BPK PENABUR,20219587,AKTIVASI SISWA,0,ORANG,2018
869,32,JAWA BARAT,3273,KOTA BANDUNG,3273180,ANDIR,32.73.05,ANDIR,SD KRISTEN 6 BPK PENABUR,20219586,AKTIVASI SISWA,10,ORANG,2018
870,32,JAWA BARAT,3273,KOTA BANDUNG,3273200,BANDUNG WETAN,32.73.09,BANDUNG WETAN,SD KRISTEN BAPTIS,20219584,AKTIVASI SISWA,6,ORANG,2018
871,32,JAWA BARAT,3273,KOTA BANDUNG,3273200,BANDUNG WETAN,32.73.09,BANDUNG WETAN,SD KRISTEN BPK PENABUR BANDA,20268647,AKTIVASI SISWA,0,ORANG,2018
872,32,JAWA BARAT,3273,KOTA BANDUNG,3273040,BOJONGLOA KIDUL,32.73.17,BOJONGLOA KIDUL,SD KRISTEN BPK PENABUR SINGGASANA,69760835,AKTIVASI SISWA,1,ORANG,2018
873,32,JAWA BARAT,3273,KOTA BANDUNG,3273010,BANDUNG KULON,32.73.15,BANDUNG KULON,SD KRISTEN BPK PENABUR TAMAN HOLIS INDAH,20219822,AKTIVASI SISWA,0,ORANG,2018
874,32,JAWA BARAT,3273,KOTA BANDUNG,3273190,CICENDO,32.73.06,CICENDO,SD KRISTEN BPPK,20219858,AKTIVASI SISWA,5,ORANG,2018
875,32,JAWA BARAT,3273,KOTA BANDUNG,3273040,BOJONGLOA KIDUL,32.73.17,BOJONGLOA KIDUL,SD KRISTEN DIAN EMAS,20219845,AKTIVASI SISWA,2,ORANG,2018
876,32,JAWA BARAT,3273,KOTA BANDUNG,3273050,ASTANAANYAR,32.73.10,ASTANA ANYAR,SD KRISTEN GAMALIEL,20219844,AKTIVASI SISWA,5,ORANG,2018
877,32,JAWA BARAT,3273,KOTA BANDUNG,3273260,CIDADAP,32.73.08,CIDADAP,SD KRISTEN HIDUP BARU,20258399,AKTIVASI SISWA,3,ORANG,2018
878,32,JAWA BARAT,3273,KOTA BANDUNG,3273010,BANDUNG KULON,32.73.15,BANDUNG KULON,SD KRISTEN PELITA,20219842,AKTIVASI SISWA,4,ORANG,2018
879,32,JAWA BARAT,3273,KOTA BANDUNG,3273180,ANDIR,32.73.05,ANDIR,SD KRISTEN TRIMULIA,20219840,AKTIVASI SISWA,3,ORANG,2018
880,32,JAWA BARAT,3273,KOTA BANDUNG,3273200,BANDUNG WETAN,32.73.09,BANDUNG WETAN,SD KRISTEN YAHYA,20219839,AKTIVASI SISWA,7,ORANG,2018
881,32,JAWA BARAT,3273,KOTA BANDUNG,3273260,CIDADAP,32.73.08,CIDADAP,SD KUNTUM CEMERLANG,20255260,AKTIVASI SISWA,0,ORANG,2018
882,32,JAWA BARAT,3273,KOTA BANDUNG,3273250,SUKASARI,32.73.01,SUKASARI,SD LABORATORIUM PERCONTOHAN UPI,20252973,AKTIVASI SISWA,4,ORANG,2018
883,32,JAWA BARAT,3273,KOTA BANDUNG,3273200,BANDUNG WETAN,32.73.09,BANDUNG WETAN,SD LINGGAWASTU,20219838,AKTIVASI SISWA,102,ORANG,2018
884,32,JAWA BARAT,3273,KOTA BANDUNG,3273180,ANDIR,32.73.05,ANDIR,SD LPPN,20219837,AKTIVASI SISWA,144,ORANG,2018
885,32,JAWA BARAT,3273,KOTA BANDUNG,3273180,ANDIR,32.73.05,ANDIR,SD MALEBER BARAT,20219846,AKTIVASI SISWA,62,ORANG,2018
886,32,JAWA BARAT,3273,KOTA BANDUNG,3273180,ANDIR,32.73.05,ANDIR,SD MALEBER SELATAN,20219847,AKTIVASI SISWA,159,ORANG,2018
887,32,JAWA BARAT,3273,KOTA BANDUNG,3273180,ANDIR,32.73.05,ANDIR,SD MALEBER UTARA,20219848,AKTIVASI SISWA,70,ORANG,2018
888,32,JAWA BARAT,3273,KOTA BANDUNG,3273180,ANDIR,32.73.05,ANDIR,SD MARIA BINTANG LAUT,20219857,AKTIVASI SISWA,6,ORANG,2018
889,32,JAWA BARAT,3273,KOTA BANDUNG,3273200,BANDUNG WETAN,32.73.09,BANDUNG WETAN,SD MATHLAUL KHAIRIYAH,20219856,AKTIVASI SISWA,91,ORANG,2018
890,32,JAWA BARAT,3273,KOTA BANDUNG,3273220,CIBEUNYING KALER,32.73.18,CIBEUNYING KALER,SD MELANIA,20219883,AKTIVASI SISWA,12,ORANG,2018
891,32,JAWA BARAT,3273,KOTA BANDUNG,3273250,SUKASARI,32.73.01,SUKASARI,SD MIFTAHUL IMAN,20219855,AKTIVASI SISWA,32,ORANG,2018
892,32,JAWA BARAT,3273,KOTA BANDUNG,3273070,LENGKONG,32.73.13,LENGKONG,SD MUHAMMADIYAH 1,20219854,AKTIVASI SISWA,9,ORANG,2018
893,32,JAWA BARAT,3273,KOTA BANDUNG,3273150,KIARACONDONG,32.73.16,KIARACONDONG,SD MUHAMMADIYAH 2 BANDUNG,20219853,AKTIVASI SISWA,78,ORANG,2018
894,32,JAWA BARAT,3273,KOTA BANDUNG,3273210,CIBEUNYING KIDUL,32.73.14,CIBEUNYING KIDUL,SD MUHAMMADIYAH 3,20219852,AKTIVASI SISWA,34,ORANG,2018
895,32,JAWA BARAT,3273,KOTA BANDUNG,3273240,SUKAJADI,32.73.07,SUKAJADI,SD MUHAMMADIYAH 4,20219851,AKTIVASI SISWA,94,ORANG,2018
896,32,JAWA BARAT,3273,KOTA BANDUNG,3273040,BOJONGLOA KIDUL,32.73.17,BOJONGLOA KIDUL,SD MUHAMMADIYAH 5,20219850,AKTIVASI SISWA,133,ORANG,2018
897,32,JAWA BARAT,3273,KOTA BANDUNG,3273260,CIDADAP,32.73.08,CIDADAP,SD MUHAMMADIYAH 6,20219849,AKTIVASI SISWA,132,ORANG,2018
898,32,JAWA BARAT,3273,KOTA BANDUNG,3273141,ANTAPANI,32.73.20,ANTAPANI,SD MUHAMMADIYAH 7,20219836,AKTIVASI SISWA,38,ORANG,2018
899,32,JAWA BARAT,3273,KOTA BANDUNG,3273111,PANYILEUKAN,32.73.28,PANYILEUKAN,SD MUHAMMADIYAH 8,20219835,AKTIVASI SISWA,102,ORANG,2018
900,32,JAWA BARAT,3273,KOTA BANDUNG,3273180,ANDIR,32.73.05,ANDIR,SD MUTIARA,20219834,AKTIVASI SISWA,131,ORANG,2018
901,32,JAWA BARAT,3273,KOTA BANDUNG,3273130,ARCAMANIK,32.73.24,ARCAMANIK,SD MUTIARA BUNDA,20253757,AKTIVASI SISWA,0,ORANG,2018
902,32,JAWA BARAT,3273,KOTA BANDUNG,3273060,REGOL,32.73.11,REGOL,SD NUGRAHA,20219821,AKTIVASI SISWA,59,ORANG,2018
903,32,JAWA BARAT,3273,KOTA BANDUNG,3273190,CICENDO,32.73.06,CICENDO,SD PANDU,20219820,AKTIVASI SISWA,1,ORANG,2018
904,32,JAWA BARAT,3273,KOTA BANDUNG,3273020,BABAKAN CIPARAY,32.73.03,BABAKAN CIPARAY,SD PANGKALAN,20219819,AKTIVASI SISWA,22,ORANG,2018
905,32,JAWA BARAT,3273,KOTA BANDUNG,3273170,SUMUR BANDUNG,32.73.19,SUMUR BANDUNG,SD PARDOMUAN,20219818,AKTIVASI SISWA,11,ORANG,2018
906,32,JAWA BARAT,3273,KOTA BANDUNG,3273170,SUMUR BANDUNG,32.73.19,SUMUR BANDUNG,SD PASUNDAN 1,20219817,AKTIVASI SISWA,7,ORANG,2018
907,32,JAWA BARAT,3273,KOTA BANDUNG,3273020,BABAKAN CIPARAY,32.73.03,BABAKAN CIPARAY,SD PASUNDAN 2,20219816,AKTIVASI SISWA,143,ORANG,2018
908,32,JAWA BARAT,3273,KOTA BANDUNG,3273020,BABAKAN CIPARAY,32.73.03,BABAKAN CIPARAY,SD PASUNDAN 3,20219815,AKTIVASI SISWA,201,ORANG,2018
909,32,JAWA BARAT,3273,KOTA BANDUNG,3273210,CIBEUNYING KIDUL,32.73.14,CIBEUNYING KIDUL,SD PELITA,20219814,AKTIVASI SISWA,134,ORANG,2018
910,32,JAWA BARAT,3273,KOTA BANDUNG,3273050,ASTANAANYAR,32.73.10,ASTANA ANYAR,SD PELITA BANGSA,20253917,AKTIVASI SISWA,8,ORANG,2018
911,32,JAWA BARAT,3273,KOTA BANDUNG,3273030,BOJONGLOA KALER,32.73.04,BOJONGLOA KALER,SD PELITA FAJAR,60728783,AKTIVASI SISWA,1,ORANG,2018
912,32,JAWA BARAT,3273,KOTA BANDUNG,3273190,CICENDO,32.73.06,CICENDO,SD PELITA JASA,20219813,AKTIVASI SISWA,78,ORANG,2018
913,32,JAWA BARAT,3273,KOTA BANDUNG,3273250,SUKASARI,32.73.01,SUKASARI,SD PELITA NUSANTARA,20247253,AKTIVASI SISWA,0,ORANG,2018
914,32,JAWA BARAT,3273,KOTA BANDUNG,3273200,BANDUNG WETAN,32.73.09,BANDUNG WETAN,SD PERTIWI,20219823,AKTIVASI SISWA,98,ORANG,2018
915,32,JAWA BARAT,3273,KOTA BANDUNG,3273060,REGOL,32.73.11,REGOL,SD PLUS AL FATWA,20246728,AKTIVASI SISWA,47,ORANG,2018
916,32,JAWA BARAT,3273,KOTA BANDUNG,3273130,ARCAMANIK,32.73.24,ARCAMANIK,SD PLUS AL GHIFARI,20219824,AKTIVASI SISWA,0,ORANG,2018
917,32,JAWA BARAT,3273,KOTA BANDUNG,3273120,UJUNG BERUNG,32.73.26,UJUNGBERUNG,SD PLUS BAITURRAHMAN,20247254,AKTIVASI SISWA,51,ORANG,2018
918,32,JAWA BARAT,3273,KOTA BANDUNG,3273180,ANDIR,32.73.05,ANDIR,SD PRASISTHA,20219833,AKTIVASI SISWA,19,ORANG,2018
919,32,JAWA BARAT,3273,KOTA BANDUNG,3273200,BANDUNG WETAN,32.73.09,BANDUNG WETAN,SD PRIANGAN,20219832,AKTIVASI SISWA,0,ORANG,2018
920,32,JAWA BARAT,3273,KOTA BANDUNG,3273230,COBLONG,32.73.02,COBLONG,SD PROF. DR. MOESTOPO,20219830,AKTIVASI SISWA,0,ORANG,2018
921,32,JAWA BARAT,3273,KOTA BANDUNG,3273180,ANDIR,32.73.05,ANDIR,SD RAJAWALI,20219829,AKTIVASI SISWA,24,ORANG,2018
922,32,JAWA BARAT,3273,KOTA BANDUNG,3273130,ARCAMANIK,32.73.24,ARCAMANIK,SD RANCAKASUMBA,20219828,AKTIVASI SISWA,98,ORANG,2018
923,32,JAWA BARAT,3273,KOTA BANDUNG,3273060,REGOL,32.73.11,REGOL,SD REHOBOTH,20219841,AKTIVASI SISWA,5,ORANG,2018
924,32,JAWA BARAT,3273,KOTA BANDUNG,3273111,PANYILEUKAN,32.73.28,PANYILEUKAN,SD SAINS AL BIRUNI,20219827,AKTIVASI SISWA,0,ORANG,2018
925,32,JAWA BARAT,3273,KOTA BANDUNG,3273230,COBLONG,32.73.02,COBLONG,SD SALMAN AL FARISI,20253819,AKTIVASI SISWA,3,ORANG,2018
926,32,JAWA BARAT,3273,KOTA BANDUNG,3273020,BABAKAN CIPARAY,32.73.03,BABAKAN CIPARAY,SD SALUYU,20219826,AKTIVASI SISWA,48,ORANG,2018
927,32,JAWA BARAT,3273,KOTA BANDUNG,3273170,SUMUR BANDUNG,32.73.19,SUMUR BANDUNG,SD SANTA ANGELA,20219825,AKTIVASI SISWA,0,ORANG,2018
928,32,JAWA BARAT,3273,KOTA BANDUNG,3273200,BANDUNG WETAN,32.73.09,BANDUNG WETAN,SD SANTA URSULA,20219812,AKTIVASI SISWA,3,ORANG,2018
929,32,JAWA BARAT,3273,KOTA BANDUNG,3273200,BANDUNG WETAN,32.73.09,BANDUNG WETAN,SD SANTO AGUSTINUS,20219894,AKTIVASI SISWA,1,ORANG,2018
930,32,JAWA BARAT,3273,KOTA BANDUNG,3273200,BANDUNG WETAN,32.73.09,BANDUNG WETAN,SD SANTO ALOYSIUS TR,20219893,AKTIVASI SISWA,0,ORANG,2018
931,32,JAWA BARAT,3273,KOTA BANDUNG,3273170,SUMUR BANDUNG,32.73.19,SUMUR BANDUNG,SD SANTO YUSUP,20219892,AKTIVASI SISWA,2,ORANG,2018
932,32,JAWA BARAT,3273,KOTA BANDUNG,3273210,CIBEUNYING KIDUL,32.73.14,CIBEUNYING KIDUL,SD SANTO YUSUP I,20253862,AKTIVASI SISWA,6,ORANG,2018
933,32,JAWA BARAT,3273,KOTA BANDUNG,3273220,CIBEUNYING KALER,32.73.18,CIBEUNYING KALER,SD SEJATI,20219891,AKTIVASI SISWA,99,ORANG,2018
934,32,JAWA BARAT,3273,KOTA BANDUNG,3273240,SUKAJADI,32.73.07,SUKAJADI,SD SEMI PALAR,69883610,AKTIVASI SISWA,0,ORANG,2018
935,32,JAWA BARAT,3273,KOTA BANDUNG,3273260,CIDADAP,32.73.08,CIDADAP,SD SURUUR,20219887,AKTIVASI SISWA,60,ORANG,2018
936,32,JAWA BARAT,3273,KOTA BANDUNG,3273010,BANDUNG KULON,32.73.15,BANDUNG KULON,SD SURYANI DWI MARGA,20219889,AKTIVASI SISWA,96,ORANG,2018
937,32,JAWA BARAT,3273,KOTA BANDUNG,3273030,BOJONGLOA KALER,32.73.04,BOJONGLOA KALER,SD SWADAYA 1,20219886,AKTIVASI SISWA,103,ORANG,2018
938,32,JAWA BARAT,3273,KOTA BANDUNG,3273200,BANDUNG WETAN,32.73.09,BANDUNG WETAN,SD TARUNA BAKTI,20219885,AKTIVASI SISWA,0,ORANG,2018
939,32,JAWA BARAT,3273,KOTA BANDUNG,3273250,SUKASARI,32.73.01,SUKASARI,SD TEMASEK INDEPENDENT SCHOOL,69935556,AKTIVASI SISWA,0,ORANG,2018
940,32,JAWA BARAT,3273,KOTA BANDUNG,3273110,CIBIRU,32.73.25,CIBIRU,SD TERPADU KRIDA NUSANTARA,20246469,AKTIVASI SISWA,0,ORANG,2018
941,32,JAWA BARAT,3273,KOTA BANDUNG,3273080,BANDUNG KIDUL,32.73.21,BANDUNG KIDUL,SD TIARA BUNDA,20268416,AKTIVASI SISWA,0,ORANG,2018
942,32,JAWA BARAT,3273,KOTA BANDUNG,3273160,BATUNUNGGAL,32.73.12,BATUNUNGGAL,SD TRIKARSA,20219884,AKTIVASI SISWA,60,ORANG,2018
943,32,JAWA BARAT,3273,KOTA BANDUNG,3273090,BUAHBATU,32.73.22,BUAHBATU,SD TULUS KARTIKA,20219895,AKTIVASI SISWA,0,ORANG,2018
944,32,JAWA BARAT,3273,KOTA BANDUNG,3273142,MANDALAJATI,32.73.30,MANDALAJATI,SD TUNAS UNGGUL,20219896,AKTIVASI SISWA,0,ORANG,2018
945,32,JAWA BARAT,3273,KOTA BANDUNG,3273240,SUKAJADI,32.73.07,SUKAJADI,SD UCHUWWATUL ISLAM,20219897,AKTIVASI SISWA,49,ORANG,2018
946,32,JAWA BARAT,3273,KOTA BANDUNG,3273180,ANDIR,32.73.05,ANDIR,SD WINDU PUTRA,20219907,AKTIVASI SISWA,124,ORANG,2018
947,32,JAWA BARAT,3273,KOTA BANDUNG,3273200,BANDUNG WETAN,32.73.09,BANDUNG WETAN,SD YAKESWA,20219906,AKTIVASI SISWA,21,ORANG,2018
948,32,JAWA BARAT,3273,KOTA BANDUNG,3273050,ASTANAANYAR,32.73.10,ASTANA ANYAR,SD YAMI,20219905,AKTIVASI SISWA,122,ORANG,2018
949,32,JAWA BARAT,3273,KOTA BANDUNG,3273210,CIBEUNYING KIDUL,32.73.14,CIBEUNYING KIDUL,SD YAYASAN ATIKAN SUNDA,20219904,AKTIVASI SISWA,50,ORANG,2018
950,32,JAWA BARAT,3273,KOTA BANDUNG,3273070,LENGKONG,32.73.13,LENGKONG,SD YAYASAN BERIBU,20247256,AKTIVASI SISWA,19,ORANG,2018
951,32,JAWA BARAT,3273,KOTA BANDUNG,3273200,BANDUNG WETAN,32.73.09,BANDUNG WETAN,SD YKPPK,20253349,AKTIVASI SISWA,34,ORANG,2018
952,32,JAWA BARAT,3273,KOTA BANDUNG,3273060,REGOL,32.73.11,REGOL,SD YOS SUDARSO,20246460,AKTIVASI SISWA,7,ORANG,2018
953,32,JAWA BARAT,3273,KOTA BANDUNG,3273190,CICENDO,32.73.06,CICENDO,SD YPI,20253257,AKTIVASI SISWA,21,ORANG,2018
954,32,JAWA BARAT,3273,KOTA BANDUNG,3273160,BATUNUNGGAL,32.73.12,BATUNUNGGAL,SD YPU,20219902,AKTIVASI SISWA,90,ORANG,2018
955,32,JAWA BARAT,3273,KOTA BANDUNG,3273180,ANDIR,32.73.05,ANDIR,SD YWKA REL HOMY SCHOOL,20219901,AKTIVASI SISWA,31,ORANG,2018
956,32,JAWA BARAT,3273,KOTA BANDUNG,3273060,REGOL,32.73.11,REGOL,SDK KALAM KUDUS,20219843,AKTIVASI SISWA,6,ORANG,2018
957,32,JAWA BARAT,3273,KOTA BANDUNG,3273020,BABAKAN CIPARAY,32.73.03,BABAKAN CIPARAY,SKB UPT KOTA BANDUNG,P9962758,AKTIVASI SISWA,0,ORANG,2018
958,32,JAWA BARAT,3273,KOTA BANDUNG,3273111,PANYILEUKAN,32.73.28,PANYILEUKAN,SLB ABC BINA MANDIRI,20219868,AKTIVASI SISWA,0,ORANG,2018
959,32,JAWA BARAT,3273,KOTA BANDUNG,3273100,RANCASARI,32.73.23,RANCASARI,SLB ARRAHMAN,20219866,AKTIVASI SISWA,12,ORANG,2018
960,32,JAWA BARAT,3273,KOTA BANDUNG,3273080,BANDUNG KIDUL,32.73.21,BANDUNG KIDUL,SLB AUTIS PRANANDA,20280598,AKTIVASI SISWA,2,ORANG,2018
961,32,JAWA BARAT,3273,KOTA BANDUNG,3273150,KIARACONDONG,32.73.16,KIARACONDONG,SLB B SUKAPURA,20219863,AKTIVASI SISWA,22,ORANG,2018
962,32,JAWA BARAT,3273,KOTA BANDUNG,3273100,RANCASARI,32.73.23,RANCASARI,SLB BC BINA KASIH,20219877,AKTIVASI SISWA,19,ORANG,2018
963,32,JAWA BARAT,3273,KOTA BANDUNG,3273090,BUAHBATU,32.73.22,BUAHBATU,SLB BC HIKMAT,20219879,AKTIVASI SISWA,14,ORANG,2018
964,32,JAWA BARAT,3273,KOTA BANDUNG,3273070,LENGKONG,32.73.13,LENGKONG,SLB BC YPLAB WARTAWAN,20219875,AKTIVASI SISWA,6,ORANG,2018
965,32,JAWA BARAT,3273,KOTA BANDUNG,3273110,CIBIRU,32.73.25,CIBIRU,SLB C SILIH ASIH,20219882,AKTIVASI SISWA,14,ORANG,2018
966,32,JAWA BARAT,3273,KOTA BANDUNG,3273150,KIARACONDONG,32.73.16,KIARACONDONG,SLB C SUKAPURA,20219811,AKTIVASI SISWA,14,ORANG,2018
967,32,JAWA BARAT,3273,KOTA BANDUNG,3273230,COBLONG,32.73.02,COBLONG,SPLB C YPLB,20219746,AKTIVASI SISWA,10,ORANG,2018
968,32,JAWA BARAT,3273,KOTA BANDUNG,3273120,UJUNG BERUNG,32.73.26,UJUNGBERUNG,HS HAYAT SCHOOL,P9970624,AKTIVASI SISWA,3,ORANG,2018
969,32,JAWA BARAT,3273,KOTA BANDUNG,3273100,RANCASARI,32.73.23,RANCASARI,PKBM AKSI,P2960324,AKTIVASI SISWA,2,ORANG,2018
970,32,JAWA BARAT,3273,KOTA BANDUNG,3273180,ANDIR,32.73.05,ANDIR,PKBM AL-AMIN,P2960910,AKTIVASI SISWA,6,ORANG,2018
971,32,JAWA BARAT,3273,KOTA BANDUNG,3273240,SUKAJADI,32.73.07,SUKAJADI,PKBM AL-LATHIF,P2961011,AKTIVASI SISWA,53,ORANG,2018
972,32,JAWA BARAT,3273,KOTA BANDUNG,3273120,UJUNG BERUNG,32.73.26,UJUNGBERUNG,PKBM ALDYKA PUTRA,P2961063,AKTIVASI SISWA,0,ORANG,2018
973,32,JAWA BARAT,3273,KOTA BANDUNG,3273220,CIBEUNYING KALER,32.73.18,CIBEUNYING KALER,PKBM AMANAH,P2961028,AKTIVASI SISWA,0,ORANG,2018
974,32,JAWA BARAT,3273,KOTA BANDUNG,3273210,CIBEUNYING KIDUL,32.73.14,CIBEUNYING KIDUL,PKBM AS SYAADAH,P9908904,AKTIVASI SISWA,18,ORANG,2018
975,32,JAWA BARAT,3273,KOTA BANDUNG,3273020,BABAKAN CIPARAY,32.73.03,BABAKAN CIPARAY,PKBM BAHTERA,P2961050,AKTIVASI SISWA,0,ORANG,2018
976,32,JAWA BARAT,3273,KOTA BANDUNG,3273120,UJUNG BERUNG,32.73.26,UJUNGBERUNG,PKBM BINA CIPTA,P2962425,AKTIVASI SISWA,3,ORANG,2018
977,32,JAWA BARAT,3273,KOTA BANDUNG,3273170,SUMUR BANDUNG,32.73.19,SUMUR BANDUNG,PKBM BINA EKAMULIA,P2961002,AKTIVASI SISWA,0,ORANG,2018
978,32,JAWA BARAT,3273,KOTA BANDUNG,3273230,COBLONG,32.73.02,COBLONG,PKBM BINA MANDIRI CENTER,P9926276,AKTIVASI SISWA,3,ORANG,2018
979,32,JAWA BARAT,3273,KOTA BANDUNG,3273010,BANDUNG KULON,32.73.15,BANDUNG KULON,PKBM BINTANG HARAPAN,P9952573,AKTIVASI SISWA,49,ORANG,2018
980,32,JAWA BARAT,3273,KOTA BANDUNG,3273150,KIARACONDONG,32.73.16,KIARACONDONG,PKBM BONTI SUKSES ABADI,P9952613,AKTIVASI SISWA,0,ORANG,2018
981,32,JAWA BARAT,3273,KOTA BANDUNG,3273030,BOJONGLOA KALER,32.73.04,BOJONGLOA KALER,PKBM BUDAYA BANGSA,P2960320,AKTIVASI SISWA,1,ORANG,2018
982,32,JAWA BARAT,3273,KOTA BANDUNG,3273150,KIARACONDONG,32.73.16,KIARACONDONG,PKBM CITRA BANGSA,P2961081,AKTIVASI SISWA,1,ORANG,2018
983,32,JAWA BARAT,3273,KOTA BANDUNG,3273010,BANDUNG KULON,32.73.15,BANDUNG KULON,PKBM CITRA PRIANGAN,P2961055,AKTIVASI SISWA,7,ORANG,2018
984,32,JAWA BARAT,3273,KOTA BANDUNG,3273210,CIBEUNYING KIDUL,32.73.14,CIBEUNYING KIDUL,PKBM CSBI,P2961023,AKTIVASI SISWA,0,ORANG,2018
985,32,JAWA BARAT,3273,KOTA BANDUNG,3273142,MANDALAJATI,32.73.30,MANDALAJATI,PKBM DARMA CITA,P9948544,AKTIVASI SISWA,0,ORANG,2018
986,32,JAWA BARAT,3273,KOTA BANDUNG,3273070,LENGKONG,32.73.13,LENGKONG,PKBM HOME SCHOOLING PEWARIS BANGSA,P2962412,AKTIVASI SISWA,46,ORANG,2018
987,32,JAWA BARAT,3273,KOTA BANDUNG,3273130,ARCAMANIK,32.73.24,ARCAMANIK,PKBM INTAN,P9948537,AKTIVASI SISWA,0,ORANG,2018
988,32,JAWA BARAT,3273,KOTA BANDUNG,3273150,KIARACONDONG,32.73.16,KIARACONDONG,PKBM KARYA REMAJA,P9934597,AKTIVASI SISWA,8,ORANG,2018
989,32,JAWA BARAT,3273,KOTA BANDUNG,3273010,BANDUNG KULON,32.73.15,BANDUNG KULON,PKBM MDC (MASA DEPAN CERAH),P9908903,AKTIVASI SISWA,18,ORANG,2018
990,32,JAWA BARAT,3273,KOTA BANDUNG,3273070,LENGKONG,32.73.13,LENGKONG,PKBM MINDA UTAMA,P2961035,AKTIVASI SISWA,7,ORANG,2018
991,32,JAWA BARAT,3273,KOTA BANDUNG,3273030,BOJONGLOA KALER,32.73.04,BOJONGLOA KALER,PKBM MOTEKAR BANGSA,P9970495,AKTIVASI SISWA,0,ORANG,2018
992,32,JAWA BARAT,3273,KOTA BANDUNG,3273142,MANDALAJATI,32.73.30,MANDALAJATI,PKBM NURA AMALIA,P9952433,AKTIVASI SISWA,1,ORANG,2018
993,32,JAWA BARAT,3273,KOTA BANDUNG,3273120,UJUNG BERUNG,32.73.26,UJUNGBERUNG,PKBM PATRA KOMALA,P2961059,AKTIVASI SISWA,1,ORANG,2018
994,32,JAWA BARAT,3273,KOTA BANDUNG,3273230,COBLONG,32.73.02,COBLONG,PKBM PELITA PRATAMA,P2961017,AKTIVASI SISWA,23,ORANG,2018
995,32,JAWA BARAT,3273,KOTA BANDUNG,3273110,CIBIRU,32.73.25,CIBIRU,PKBM PERCEKA,P2960921,AKTIVASI SISWA,0,ORANG,2018
996,32,JAWA BARAT,3273,KOTA BANDUNG,3273141,ANTAPANI,32.73.20,ANTAPANI,PKBM RAHARJA,P2961056,AKTIVASI SISWA,4,ORANG,2018
997,32,JAWA BARAT,3273,KOTA BANDUNG,3273080,BANDUNG KIDUL,32.73.21,BANDUNG KIDUL,PKBM SEKOLAH RUMAH PRIMAGAMA,P2962219,AKTIVASI SISWA,5,ORANG,2018
998,32,JAWA BARAT,3273,KOTA BANDUNG,3273210,CIBEUNYING KIDUL,32.73.14,CIBEUNYING KIDUL,PKBM SEKOLAH RUMAH TAMAN SEKAR BANDUNG,P2961010,AKTIVASI SISWA,8,ORANG,2018
999,32,JAWA BARAT,3273,KOTA BANDUNG,3273170,SUMUR BANDUNG,32.73.19,SUMUR BANDUNG,PKBM SILIWANGI 2,P2960317,AKTIVASI SISWA,0,ORANG,2018
1000,32,JAWA BARAT,3273,KOTA BANDUNG,3273240,SUKAJADI,32.73.07,SUKAJADI,PKBM SUKAJADI,P9948546,AKTIVASI SISWA,4,ORANG,2018
1001,32,JAWA BARAT,3273,KOTA BANDUNG,3273121,CINAMBO,32.73.29,CINAMBO,PKBM SUKAMULYA,P2961080,AKTIVASI SISWA,6,ORANG,2018
1002,32,JAWA BARAT,3273,KOTA BANDUNG,3273210,CIBEUNYING KIDUL,32.73.14,CIBEUNYING KIDUL,PKBM TUNAS HARAPAN 1,P2960998,AKTIVASI SISWA,1,ORANG,2018
1003,32,JAWA BARAT,3273,KOTA BANDUNG,3273070,LENGKONG,32.73.13,LENGKONG,PKBM ULUL ALBAB,P2961009,AKTIVASI SISWA,5,ORANG,2018
1004,32,JAWA BARAT,3273,KOTA BANDUNG,3273110,CIBIRU,32.73.25,CIBIRU,PKBM WIJAYAKUSUMAH,P2961065,AKTIVASI SISWA,7,ORANG,2018
1005,32,JAWA BARAT,3273,KOTA BANDUNG,3273170,SUMUR BANDUNG,32.73.19,SUMUR BANDUNG,SDN 001 MERDEKA KOTA BANDUNG,20245231,SK SISWA,90,ORANG,2019
1006,32,JAWA BARAT,3273,KOTA BANDUNG,3273180,ANDIR,32.73.05,ANDIR,SDN 002 KARANGMULYA KOTA BANDUNG,20245212,SK SISWA,119,ORANG,2019
1007,32,JAWA BARAT,3273,KOTA BANDUNG,3273050,ASTANAANYAR,32.73.10,ASTANA ANYAR,SDN 003 PAGARSIH KOTA BANDUNG,20245064,SK SISWA,407,ORANG,2019
1008,32,JAWA BARAT,3273,KOTA BANDUNG,3273130,ARCAMANIK,32.73.24,ARCAMANIK,SDN 004 CISARANTEN KULON KOTA BANDUNG,20245530,SK SISWA,229,ORANG,2019
1009,32,JAWA BARAT,3273,KOTA BANDUNG,3273020,BABAKAN CIPARAY,32.73.03,BABAKAN CIPARAY,SDN 005 BABAKAN CIPARAY KOTA BANDUNG,20245011,SK SISWA,230,ORANG,2019
1010,32,JAWA BARAT,3273,KOTA BANDUNG,3273090,BUAHBATU,32.73.22,BUAHBATU,SDN 006 BUAHBATU KOTA BANDUNG,20245122,SK SISWA,344,ORANG,2019
1011,32,JAWA BARAT,3273,KOTA BANDUNG,3273230,COBLONG,32.73.02,COBLONG,SDN 007 CIPAGANTI KOTA BANDUNG,20245525,SK SISWA,98,ORANG,2019
1012,32,JAWA BARAT,3273,KOTA BANDUNG,3273060,REGOL,32.73.11,REGOL,SDN 008 MOHAMAD TOHA KOTA BANDUNG,20245238,SK SISWA,69,ORANG,2019
1013,32,JAWA BARAT,3273,KOTA BANDUNG,3273142,MANDALAJATI,32.73.30,MANDALAJATI,SDN 009 CIKADUT KOTA BANDUNG,20245520,SK SISWA,166,ORANG,2019
1014,32,JAWA BARAT,3273,KOTA BANDUNG,3273260,CIDADAP,32.73.08,CIDADAP,SDN 010 CIDADAP KOTA BANDUNG,20245138,SK SISWA,23,ORANG,2019
1015,32,JAWA BARAT,3273,KOTA BANDUNG,3273010,BANDUNG KULON,32.73.15,BANDUNG KULON,SDN 011 CIBUNTU KOTA BANDUNG,20244743,SK SISWA,147,ORANG,2019
1016,32,JAWA BARAT,3273,KOTA BANDUNG,3273020,BABAKAN CIPARAY,32.73.03,BABAKAN CIPARAY,SDN 012 BABAKAN CIPARAY KOTA BANDUNG,20245013,SK SISWA,161,ORANG,2019
1017,32,JAWA BARAT,3273,KOTA BANDUNG,3273190,CICENDO,32.73.06,CICENDO,SDN 013 PASIRKALIKI KOTA BANDUNG,20245742,SK SISWA,120,ORANG,2019
1018,32,JAWA BARAT,3273,KOTA BANDUNG,3273010,BANDUNG KULON,32.73.15,BANDUNG KULON,SDN 014 CIGONDEWAH KOTA BANDUNG,20244836,SK SISWA,457,ORANG,2019
1019,32,JAWA BARAT,3273,KOTA BANDUNG,3273190,CICENDO,32.73.06,CICENDO,SDN 015 KRESNA KOTA BANDUNG,20245706,SK SISWA,178,ORANG,2019
1020,32,JAWA BARAT,3273,KOTA BANDUNG,3273190,CICENDO,32.73.06,CICENDO,SDN 016 DR. CIPTO PAJAJARAN KOTA BANDUNG,20245566,SK SISWA,84,ORANG,2019
1021,32,JAWA BARAT,3273,KOTA BANDUNG,3273150,KIARACONDONG,32.73.16,KIARACONDONG,SDN 017 SEKEJATI KOTA BANDUNG,20245760,SK SISWA,194,ORANG,2019
1022,32,JAWA BARAT,3273,KOTA BANDUNG,3273240,SUKAJADI,32.73.07,SUKAJADI,SDN 018 SUKAGALIH KOTA BANDUNG,20245266,SK SISWA,112,ORANG,2019
1023,32,JAWA BARAT,3273,KOTA BANDUNG,3273050,ASTANAANYAR,32.73.10,ASTANA ANYAR,SDN 019 PABAKI KOTA BANDUNG,20245054,SK SISWA,843,ORANG,2019
1024,32,JAWA BARAT,3273,KOTA BANDUNG,3273060,REGOL,32.73.11,REGOL,SDN 020 LENGKONG BESAR KOTA BANDUNG,20245219,SK SISWA,269,ORANG,2019
1025,32,JAWA BARAT,3273,KOTA BANDUNG,3273120,UJUNG BERUNG,32.73.26,UJUNGBERUNG,SDN 021 CIPOREAT KOTA BANDUNG,20245527,SK SISWA,289,ORANG,2019
1026,32,JAWA BARAT,3273,KOTA BANDUNG,3273210,CIBEUNYING KIDUL,32.73.14,CIBEUNYING KIDUL,SDN 022 CICADAS KOTA BANDUNG,20245153,SK SISWA,245,ORANG,2019
1027,32,JAWA BARAT,3273,KOTA BANDUNG,3273050,ASTANAANYAR,32.73.10,ASTANA ANYAR,SDN 023 PAJAGALAN KOTA BANDUNG,20244745,SK SISWA,128,ORANG,2019
1028,32,JAWA BARAT,3273,KOTA BANDUNG,3273230,COBLONG,32.73.02,COBLONG,SDN 024 COBLONG KOTA BANDUNG,20245546,SK SISWA,158,ORANG,2019
1029,32,JAWA BARAT,3273,KOTA BANDUNG,3273220,CIBEUNYING KALER,32.73.18,CIBEUNYING KALER,SDN 025 CIKUTRA KOTA BANDUNG,20245172,SK SISWA,369,ORANG,2019
1030,32,JAWA BARAT,3273,KOTA BANDUNG,3273040,BOJONGLOA KIDUL,32.73.17,BOJONGLOA KIDUL,SDN 026 BOJONGLOA KOTA BANDUNG,20244953,SK SISWA,255,ORANG,2019
1031,32,JAWA BARAT,3273,KOTA BANDUNG,3273210,CIBEUNYING KIDUL,32.73.14,CIBEUNYING KIDUL,SDN 027 CICADAS KOTA BANDUNG,20245149,SK SISWA,186,ORANG,2019
1032,32,JAWA BARAT,3273,KOTA BANDUNG,3273160,BATUNUNGGAL,32.73.12,BATUNUNGGAL,SDN 028 GUMURUH KOTA BANDUNG,20244864,SK SISWA,322,ORANG,2019
1033,32,JAWA BARAT,3273,KOTA BANDUNG,3273110,CIBIRU,32.73.25,CIBIRU,SDN 029 CILENGKRANG KOTA BANDUNG,20245494,SK SISWA,204,ORANG,2019
1034,32,JAWA BARAT,3273,KOTA BANDUNG,3273260,CIDADAP,32.73.08,CIDADAP,SDN 030 CIRATEUN KOTA BANDUNG,20245140,SK SISWA,130,ORANG,2019
1035,32,JAWA BARAT,3273,KOTA BANDUNG,3273230,COBLONG,32.73.02,COBLONG,SDN 031 PELESIRAN KOTA BANDUNG,20245749,SK SISWA,170,ORANG,2019
1036,32,JAWA BARAT,3273,KOTA BANDUNG,3273230,COBLONG,32.73.02,COBLONG,SDN 032 TILIL KOTA BANDUNG,20245822,SK SISWA,242,ORANG,2019
1037,32,JAWA BARAT,3273,KOTA BANDUNG,3273060,REGOL,32.73.11,REGOL,SDN 033 ASMI KOTA BANDUNG,20245201,SK SISWA,180,ORANG,2019
1038,32,JAWA BARAT,3273,KOTA BANDUNG,3273170,SUMUR BANDUNG,32.73.19,SUMUR BANDUNG,SDN 034 PATRAKOMALA KOTA BANDUNG,20245745,SK SISWA,81,ORANG,2019
1039,32,JAWA BARAT,3273,KOTA BANDUNG,3273170,SUMUR BANDUNG,32.73.19,SUMUR BANDUNG,SDN 035 SOKA KOTA BANDUNG,20245781,SK SISWA,45,ORANG,2019
1040,32,JAWA BARAT,3273,KOTA BANDUNG,3273120,UJUNG BERUNG,32.73.26,UJUNGBERUNG,SDN 036 UJUNGBERUNG KOTA BANDUNG,20245826,SK SISWA,624,ORANG,2019
1041,32,JAWA BARAT,3273,KOTA BANDUNG,3273200,BANDUNG WETAN,32.73.09,BANDUNG WETAN,SDN 037 SABANG KOTA BANDUNG,20245285,SK SISWA,39,ORANG,2019
1042,32,JAWA BARAT,3273,KOTA BANDUNG,3273150,KIARACONDONG,32.73.16,KIARACONDONG,SDN 038 KIARACONDONG KOTA BANDUNG,20245701,SK SISWA,168,ORANG,2019
1043,32,JAWA BARAT,3273,KOTA BANDUNG,3273050,ASTANAANYAR,32.73.10,ASTANA ANYAR,SDN 039 TEGALEGA KOTA BANDUNG,20245095,SK SISWA,94,ORANG,2019
1044,32,JAWA BARAT,3273,KOTA BANDUNG,3273080,BANDUNG KIDUL,32.73.21,BANDUNG KIDUL,SDN 040 PASAWAHAN KOTA BANDUNG,20245073,SK SISWA,491,ORANG,2019
1045,32,JAWA BARAT,3273,KOTA BANDUNG,3273010,BANDUNG KULON,32.73.15,BANDUNG KULON,SDN 041 CIBUNTU WARUNG MUNCANG KOTA BANDUNG,20244744,SK SISWA,183,ORANG,2019
1046,32,JAWA BARAT,3273,KOTA BANDUNG,3273160,BATUNUNGGAL,32.73.12,BATUNUNGGAL,SDN 042 GAMBIR KOTA BANDUNG,20244857,SK SISWA,346,ORANG,2019
1047,32,JAWA BARAT,3273,KOTA BANDUNG,3273210,CIBEUNYING KIDUL,32.73.14,CIBEUNYING KIDUL,SDN 043 CIMUNCANG KOTA BANDUNG,20245178,SK SISWA,348,ORANG,2019
1048,32,JAWA BARAT,3273,KOTA BANDUNG,3273210,CIBEUNYING KIDUL,32.73.14,CIBEUNYING KIDUL,SDN 044 CICADAS AWIGOMBONG KOTA BANDUNG,20245157,SK SISWA,516,ORANG,2019
1049,32,JAWA BARAT,3273,KOTA BANDUNG,3273190,CICENDO,32.73.06,CICENDO,SDN 045 PASIRKALIKI KOTA BANDUNG,20245735,SK SISWA,91,ORANG,2019
1050,32,JAWA BARAT,3273,KOTA BANDUNG,3273142,MANDALAJATI,32.73.30,MANDALAJATI,SDN 046 SINDANGLAYA KOTA BANDUNG,20245768,SK SISWA,133,ORANG,2019
1051,32,JAWA BARAT,3273,KOTA BANDUNG,3273060,REGOL,32.73.11,REGOL,SDN 047 BALONGGEDE KOTA BANDUNG,20251861,SK SISWA,202,ORANG,2019
1052,32,JAWA BARAT,3273,KOTA BANDUNG,3273240,SUKAJADI,32.73.07,SUKAJADI,SDN 048 SIRNAMANAH KOTA BANDUNG,20244920,SK SISWA,170,ORANG,2019
1053,32,JAWA BARAT,3273,KOTA BANDUNG,3273180,ANDIR,32.73.05,ANDIR,SDN 049 DURMAN KOTA BANDUNG,20245193,SK SISWA,134,ORANG,2019
1054,32,JAWA BARAT,3273,KOTA BANDUNG,3273110,CIBIRU,32.73.25,CIBIRU,SDN 050 CIBIRU KOTA BANDUNG,20245488,SK SISWA,113,ORANG,2019
1055,32,JAWA BARAT,3273,KOTA BANDUNG,3273190,CICENDO,32.73.06,CICENDO,SDN 051 PASIRKALIKI KOTA BANDUNG,20245740,SK SISWA,102,ORANG,2019
1056,32,JAWA BARAT,3273,KOTA BANDUNG,3273121,CINAMBO,32.73.29,CINAMBO,SDN 052 CISARANTEN WETAN GEDEBAGE KOTA BANDUNG,20245534,SK SISWA,369,ORANG,2019
1057,32,JAWA BARAT,3273,KOTA BANDUNG,3273230,COBLONG,32.73.02,COBLONG,SDN 053 CISITU KOTA BANDUNG,20245537,SK SISWA,200,ORANG,2019
1058,32,JAWA BARAT,3273,KOTA BANDUNG,3273230,COBLONG,32.73.02,COBLONG,SDN 054 TIKUKUR KOTA BANDUNG,20245817,SK SISWA,196,ORANG,2019
1059,32,JAWA BARAT,3273,KOTA BANDUNG,3273142,MANDALAJATI,32.73.30,MANDALAJATI,SDN 055 JATIHANDAP KOTA BANDUNG,20245598,SK SISWA,125,ORANG,2019
1060,32,JAWA BARAT,3273,KOTA BANDUNG,3273180,ANDIR,32.73.05,ANDIR,SDN 056 GARUDA DADALI KOTA BANDUNG,20245196,SK SISWA,268,ORANG,2019
1061,32,JAWA BARAT,3273,KOTA BANDUNG,3273130,ARCAMANIK,32.73.24,ARCAMANIK,SDN 057 BINAHARAPAN KOTA BANDUNG,20245481,SK SISWA,437,ORANG,2019
1062,32,JAWA BARAT,3273,KOTA BANDUNG,3273020,BABAKAN CIPARAY,32.73.03,BABAKAN CIPARAY,SDN 058 BABAKAN CIPARAY KOTA BANDUNG,20245014,SK SISWA,125,ORANG,2019
1063,32,JAWA BARAT,3273,KOTA BANDUNG,3273020,BABAKAN CIPARAY,32.73.03,BABAKAN CIPARAY,SDN 059 CIRANGRANG KOTA BANDUNG,20245025,SK SISWA,277,ORANG,2019
1064,32,JAWA BARAT,3273,KOTA BANDUNG,3273020,BABAKAN CIPARAY,32.73.03,BABAKAN CIPARAY,SDN 060 RAYA BARAT KOTA BANDUNG,20245078,SK SISWA,302,ORANG,2019
1065,32,JAWA BARAT,3273,KOTA BANDUNG,3273010,BANDUNG KULON,32.73.15,BANDUNG KULON,SDN 061 CIJERAH KOTA BANDUNG,20244841,SK SISWA,118,ORANG,2019
1066,32,JAWA BARAT,3273,KOTA BANDUNG,3273200,BANDUNG WETAN,32.73.09,BANDUNG WETAN,SDN 062 CIUJUNG KOTA BANDUNG,20245187,SK SISWA,59,ORANG,2019
1067,32,JAWA BARAT,3273,KOTA BANDUNG,3273160,BATUNUNGGAL,32.73.12,BATUNUNGGAL,SDN 063 KEBON GEDANG KOTA BANDUNG,20245950,SK SISWA,501,ORANG,2019
1068,32,JAWA BARAT,3273,KOTA BANDUNG,3273210,CIBEUNYING KIDUL,32.73.14,CIBEUNYING KIDUL,SDN 064 PADASUKA KOTA BANDUNG,20245247,SK SISWA,231,ORANG,2019
1069,32,JAWA BARAT,3273,KOTA BANDUNG,3273230,COBLONG,32.73.02,COBLONG,SDN 065 CIHAMPELAS KOTA BANDUNG,20245514,SK SISWA,145,ORANG,2019
1070,32,JAWA BARAT,3273,KOTA BANDUNG,3273070,LENGKONG,32.73.13,LENGKONG,SDN 066 HALIMUN KOTA BANDUNG,20245031,SK SISWA,443,ORANG,2019
1071,32,JAWA BARAT,3273,KOTA BANDUNG,3273070,LENGKONG,32.73.13,LENGKONG,SDN 067 NILEM KOTA BANDUNG,20245050,SK SISWA,169,ORANG,2019
1072,32,JAWA BARAT,3273,KOTA BANDUNG,3273142,MANDALAJATI,32.73.30,MANDALAJATI,SDN 068 SINDANGLAYA KOTA BANDUNG,20245769,SK SISWA,213,ORANG,2019
1073,32,JAWA BARAT,3273,KOTA BANDUNG,3273100,RANCASARI,32.73.23,RANCASARI,SDN 069 CIPAMOKOLAN DERWATI KOTA BANDUNG,20245502,SK SISWA,481,ORANG,2019
1074,32,JAWA BARAT,3273,KOTA BANDUNG,3273060,REGOL,32.73.11,REGOL,SDN 070 PASIRLUYU KOTA BANDUNG,20246459,SK SISWA,167,ORANG,2019
1075,32,JAWA BARAT,3273,KOTA BANDUNG,3273240,SUKAJADI,32.73.07,SUKAJADI,SDN 071 SUKAGALIH KOTA BANDUNG,20245267,SK SISWA,306,ORANG,2019
1076,32,JAWA BARAT,3273,KOTA BANDUNG,3273240,SUKAJADI,32.73.07,SUKAJADI,SDN 072 SUKASARI KOTA BANDUNG,20245276,SK SISWA,22,ORANG,2019
1077,32,JAWA BARAT,3273,KOTA BANDUNG,3273050,ASTANAANYAR,32.73.10,ASTANA ANYAR,SDN 073 PAJAGALAN KOTA BANDUNG,20247280,SK SISWA,137,ORANG,2019
1078,32,JAWA BARAT,3273,KOTA BANDUNG,3273190,CICENDO,32.73.06,CICENDO,SDN 074 AYUDIA KOTA BANDUNG,20245449,SK SISWA,142,ORANG,2019
1079,32,JAWA BARAT,3273,KOTA BANDUNG,3273190,CICENDO,32.73.06,CICENDO,SDN 075 JATAYU KOTA BANDUNG,20245591,SK SISWA,171,ORANG,2019
1080,32,JAWA BARAT,3273,KOTA BANDUNG,3273240,SUKAJADI,32.73.07,SUKAJADI,SDN 076 SUKAJADI KOTA BANDUNG,20244925,SK SISWA,80,ORANG,2019
1081,32,JAWA BARAT,3273,KOTA BANDUNG,3273240,SUKAJADI,32.73.07,SUKAJADI,SDN 077 SEJAHTERA KOTA BANDUNG,20245980,SK SISWA,130,ORANG,2019
1082,32,JAWA BARAT,3273,KOTA BANDUNG,3273141,ANTAPANI,32.73.20,ANTAPANI,SDN 078 SINDANGSARI ANTAPANI KOTA BANDUNG,20245441,SK SISWA,341,ORANG,2019
1083,32,JAWA BARAT,3273,KOTA BANDUNG,3273050,ASTANAANYAR,32.73.10,ASTANA ANYAR,SDN 079 KOPO PAJAGALAN KOTA BANDUNG,20245039,SK SISWA,317,ORANG,2019
1084,32,JAWA BARAT,3273,KOTA BANDUNG,3273010,BANDUNG KULON,32.73.15,BANDUNG KULON,SDN 080 BOJONG INDAH CIBUNTU KOTA BANDUNG,20244740,SK SISWA,177,ORANG,2019
1085,32,JAWA BARAT,3273,KOTA BANDUNG,3273160,BATUNUNGGAL,32.73.12,BATUNUNGGAL,SDN 081 KEBON GEDANG KRIDAWINAYA KOTA BANDUNG,20245956,SK SISWA,241,ORANG,2019
1086,32,JAWA BARAT,3273,KOTA BANDUNG,3273220,CIBEUNYING KALER,32.73.18,CIBEUNYING KALER,SDN 082 MUARARAJEUN KOTA BANDUNG,20245242,SK SISWA,64,ORANG,2019
1087,32,JAWA BARAT,3273,KOTA BANDUNG,3273150,KIARACONDONG,32.73.16,KIARACONDONG,SDN 083 BABAKAN SURABAYA KOTA BANDUNG,20245470,SK SISWA,104,ORANG,2019
1088,32,JAWA BARAT,3273,KOTA BANDUNG,3273142,MANDALAJATI,32.73.30,MANDALAJATI,SDN 084 CIKADUT KOTA BANDUNG,20245521,SK SISWA,139,ORANG,2019
1089,32,JAWA BARAT,3273,KOTA BANDUNG,3273260,CIDADAP,32.73.08,CIDADAP,SDN 085 CIUMBULEUIT KOTA BANDUNG,20245142,SK SISWA,139,ORANG,2019
1090,32,JAWA BARAT,3273,KOTA BANDUNG,3273101,GEDEBAGE,32.73.27,GEDEBAGE,SDN 086 CIMINCRANG KOTA BANDUNG,20245497,SK SISWA,126,ORANG,2019
1091,32,JAWA BARAT,3273,KOTA BANDUNG,3273100,RANCASARI,32.73.23,RANCASARI,SDN 087 RANCABOLANG KOTA BANDUNG,20246414,SK SISWA,273,ORANG,2019
1092,32,JAWA BARAT,3273,KOTA BANDUNG,3273170,SUMUR BANDUNG,32.73.19,SUMUR BANDUNG,SDN 088 EMBONG KOTA BANDUNG,20245568,SK SISWA,127,ORANG,2019
1093,32,JAWA BARAT,3273,KOTA BANDUNG,3273020,BABAKAN CIPARAY,32.73.03,BABAKAN CIPARAY,SDN 089 BABAKAN CIPARAY KOTA BANDUNG,20244998,SK SISWA,213,ORANG,2019
1094,32,JAWA BARAT,3273,KOTA BANDUNG,3273110,CIBIRU,32.73.25,CIBIRU,SDN 090 CIBIRU KOTA BANDUNG,20245487,SK SISWA,156,ORANG,2019
1095,32,JAWA BARAT,3273,KOTA BANDUNG,3273180,ANDIR,32.73.05,ANDIR,SDN 091 CIBEUREUM KOTA BANDUNG,20245129,SK SISWA,521,ORANG,2019
1096,32,JAWA BARAT,3273,KOTA BANDUNG,3273050,ASTANAANYAR,32.73.10,ASTANA ANYAR,SDN 092 CIBADAK ANDIR KOTA BANDUNG,20244961,SK SISWA,132,ORANG,2019
1097,32,JAWA BARAT,3273,KOTA BANDUNG,3273010,BANDUNG KULON,32.73.15,BANDUNG KULON,SDN 093 TUNAS HARAPAN CIJERAH KOTA BANDUNG,20244933,SK SISWA,72,ORANG,2019
1098,32,JAWA BARAT,3273,KOTA BANDUNG,3273080,BANDUNG KIDUL,32.73.21,BANDUNG KIDUL,SDN 094 PARAKANWAAS KOTA BANDUNG,20245072,SK SISWA,58,ORANG,2019
1099,32,JAWA BARAT,3273,KOTA BANDUNG,3273090,BUAHBATU,32.73.22,BUAHBATU,SDN 095 BABAKANJATI KOTA BANDUNG,20246455,SK SISWA,578,ORANG,2019
1100,32,JAWA BARAT,3273,KOTA BANDUNG,3273240,SUKAJADI,32.73.07,SUKAJADI,SDN 096 SARIJADI SELATAN KOTA BANDUNG,20245260,SK SISWA,59,ORANG,2019
1101,32,JAWA BARAT,3273,KOTA BANDUNG,3273250,SUKASARI,32.73.01,SUKASARI,SDN 097 CIRATEUN KULON KOTA BANDUNG,20244855,SK SISWA,62,ORANG,2019
1102,32,JAWA BARAT,3273,KOTA BANDUNG,3273180,ANDIR,32.73.05,ANDIR,SDN 098 CIROYOM KOTA BANDUNG,20245141,SK SISWA,189,ORANG,2019
1103,32,JAWA BARAT,3273,KOTA BANDUNG,3273030,BOJONGLOA KALER,32.73.04,BOJONGLOA KALER,SDN 099 BABAKAN TAROGONG KOTA BANDUNG,20244943,SK SISWA,358,ORANG,2019
1104,32,JAWA BARAT,3273,KOTA BANDUNG,3273250,SUKASARI,32.73.01,SUKASARI,SDN 100 CIPEDES KOTA BANDUNG,20245922,SK SISWA,53,ORANG,2019
1105,32,JAWA BARAT,3273,KOTA BANDUNG,3273130,ARCAMANIK,32.73.24,ARCAMANIK,SDN 101 SUKAKARYA KOTA BANDUNG,20245795,SK SISWA,84,ORANG,2019
1106,32,JAWA BARAT,3273,KOTA BANDUNG,3273110,CIBIRU,32.73.25,CIBIRU,SDN 102 CIKUDAYASA KOTA BANDUNG,20245492,SK SISWA,127,ORANG,2019
1107,32,JAWA BARAT,3273,KOTA BANDUNG,3273230,COBLONG,32.73.02,COBLONG,SDN 103 COBLONG KOTA BANDUNG,20245549,SK SISWA,98,ORANG,2019
1108,32,JAWA BARAT,3273,KOTA BANDUNG,3273230,COBLONG,32.73.02,COBLONG,SDN 104 LANGENSARI SENANGGALIH KOTA BANDUNG,20245710,SK SISWA,154,ORANG,2019
1109,32,JAWA BARAT,3273,KOTA BANDUNG,3273111,PANYILEUKAN,32.73.28,PANYILEUKAN,SDN 105 SUKARELA KOTA BANDUNG,20245790,SK SISWA,250,ORANG,2019
1110,32,JAWA BARAT,3273,KOTA BANDUNG,3273120,UJUNG BERUNG,32.73.26,UJUNGBERUNG,SDN 106 AJITUNGGAL CIJAMBE KOTA BANDUNG,20246393,SK SISWA,314,ORANG,2019
1111,32,JAWA BARAT,3273,KOTA BANDUNG,3273120,UJUNG BERUNG,32.73.26,UJUNGBERUNG,SDN 107 PALEDANG KOTA BANDUNG,20245729,SK SISWA,624,ORANG,2019
1112,32,JAWA BARAT,3273,KOTA BANDUNG,3273260,CIDADAP,32.73.08,CIDADAP,SDN 108 CIUMBULEUIT KOTA BANDUNG,20245144,SK SISWA,58,ORANG,2019
1113,32,JAWA BARAT,3273,KOTA BANDUNG,3273160,BATUNUNGGAL,32.73.12,BATUNUNGGAL,SDN 109 CENTEH KOTA BANDUNG,20244829,SK SISWA,591,ORANG,2019
1114,32,JAWA BARAT,3273,KOTA BANDUNG,3273190,CICENDO,32.73.06,CICENDO,SDN 110 PASIRKALIKI KOMARABUDI KOTA BANDUNG,20245736,SK SISWA,73,ORANG,2019
1115,32,JAWA BARAT,3273,KOTA BANDUNG,3273150,KIARACONDONG,32.73.16,KIARACONDONG,SDN 111 PINDAD KOTA BANDUNG,20245751,SK SISWA,236,ORANG,2019
1116,32,JAWA BARAT,3273,KOTA BANDUNG,3273060,REGOL,32.73.11,REGOL,SDN 112 PAMOYANAN KOTA BANDUNG,20245254,SK SISWA,155,ORANG,2019
1117,32,JAWA BARAT,3273,KOTA BANDUNG,3273170,SUMUR BANDUNG,32.73.19,SUMUR BANDUNG,SDN 113 BANJARSARI KOTA BANDUNG,20245475,SK SISWA,15,ORANG,2019
1118,32,JAWA BARAT,3273,KOTA BANDUNG,3273210,CIBEUNYING KIDUL,32.73.14,CIBEUNYING KIDUL,SDN 114 BOJONGKONENG CIBEUNYING KOTA BANDUNG,20245119,SK SISWA,156,ORANG,2019
1119,32,JAWA BARAT,3273,KOTA BANDUNG,3273070,LENGKONG,32.73.13,LENGKONG,SDN 115 TURANGGA KOTA BANDUNG,20245097,SK SISWA,32,ORANG,2019
1120,32,JAWA BARAT,3273,KOTA BANDUNG,3273150,KIARACONDONG,32.73.16,KIARACONDONG,SDN 116 CICAHEUM KOTA BANDUNG,20245512,SK SISWA,178,ORANG,2019
1121,32,JAWA BARAT,3273,KOTA BANDUNG,3273080,BANDUNG KIDUL,32.73.21,BANDUNG KIDUL,SDN 117 BATUNUNGGAL KOTA BANDUNG,20245021,SK SISWA,358,ORANG,2019
1122,32,JAWA BARAT,3273,KOTA BANDUNG,3273030,BOJONGLOA KALER,32.73.04,BOJONGLOA KALER,SDN 118 TANJUNG KOTA BANDUNG,20244990,SK SISWA,332,ORANG,2019
1123,32,JAWA BARAT,3273,KOTA BANDUNG,3273070,LENGKONG,32.73.13,LENGKONG,SDN 119 CIJAGRA KOTA BANDUNG,20245023,SK SISWA,79,ORANG,2019
1124,32,JAWA BARAT,3273,KOTA BANDUNG,3273060,REGOL,32.73.11,REGOL,SDN 120 KOTABARU KOTA BANDUNG,20245218,SK SISWA,50,ORANG,2019
1125,32,JAWA BARAT,3273,KOTA BANDUNG,3273010,BANDUNG KULON,32.73.15,BANDUNG KULON,SDN 121 CARINGIN HOLIS KOTA BANDUNG,20244742,SK SISWA,190,ORANG,2019
1126,32,JAWA BARAT,3273,KOTA BANDUNG,3273100,RANCASARI,32.73.23,RANCASARI,SDN 122 CIJAWURA KOTA BANDUNG,20245169,SK SISWA,205,ORANG,2019
1127,32,JAWA BARAT,3273,KOTA BANDUNG,3273060,REGOL,32.73.11,REGOL,SDN 123 BABAKAN PRIANGAN KOTA BANDUNG,20245108,SK SISWA,181,ORANG,2019
1128,32,JAWA BARAT,3273,KOTA BANDUNG,3273110,CIBIRU,32.73.25,CIBIRU,SDN 124 HANURA KOTA BANDUNG,20245586,SK SISWA,365,ORANG,2019
1129,32,JAWA BARAT,3273,KOTA BANDUNG,3273110,CIBIRU,32.73.25,CIBIRU,SDN 125 TARUNA KARYA KOTA BANDUNG,20245811,SK SISWA,241,ORANG,2019
1130,32,JAWA BARAT,3273,KOTA BANDUNG,3273020,BABAKAN CIPARAY,32.73.03,BABAKAN CIPARAY,SDN 126 BABAKAN KOTA BANDUNG,20244995,SK SISWA,215,ORANG,2019
1131,32,JAWA BARAT,3273,KOTA BANDUNG,3273230,COBLONG,32.73.02,COBLONG,SDN 127 SEKELOA KOTA BANDUNG,20245765,SK SISWA,183,ORANG,2019
1132,32,JAWA BARAT,3273,KOTA BANDUNG,3273230,COBLONG,32.73.02,COBLONG,SDN 128 HAURPANCUH KOTA BANDUNG,20245587,SK SISWA,170,ORANG,2019
1133,32,JAWA BARAT,3273,KOTA BANDUNG,3273090,BUAHBATU,32.73.22,BUAHBATU,SDN 129 RANCASAWO MARGASARI KOTA BANDUNG,20246417,SK SISWA,353,ORANG,2019
1134,32,JAWA BARAT,3273,KOTA BANDUNG,3273080,BANDUNG KIDUL,32.73.21,BANDUNG KIDUL,SDN 130 SEKELIMUS BATUNUNGGAL KOTA BANDUNG,20245084,SK SISWA,318,ORANG,2019
1135,32,JAWA BARAT,3273,KOTA BANDUNG,3273090,BUAHBATU,32.73.22,BUAHBATU,SDN 131 CIJAWURA KOTA BANDUNG,20245171,SK SISWA,528,ORANG,2019
1136,32,JAWA BARAT,3273,KOTA BANDUNG,3273220,CIBEUNYING KALER,32.73.18,CIBEUNYING KALER,SDN 132 CIHAURGEULIS KOTA BANDUNG,20245165,SK SISWA,147,ORANG,2019
1137,32,JAWA BARAT,3273,KOTA BANDUNG,3273210,CIBEUNYING KIDUL,32.73.14,CIBEUNYING KIDUL,SDN 133 JALAN ANYAR KOTA BANDUNG,20245211,SK SISWA,95,ORANG,2019
1138,32,JAWA BARAT,3273,KOTA BANDUNG,3273260,CIDADAP,32.73.08,CIDADAP,SDN 134 PANORAMA KOTA BANDUNG,20245244,SK SISWA,42,ORANG,2019
1139,32,JAWA BARAT,3273,KOTA BANDUNG,3273070,LENGKONG,32.73.13,LENGKONG,SDN 135 TURANGGA KOTA BANDUNG,20245098,SK SISWA,55,ORANG,2019
1140,32,JAWA BARAT,3273,KOTA BANDUNG,3273240,SUKAJADI,32.73.07,SUKAJADI,SDN 136 SUKAWARNA KOTA BANDUNG,20245278,SK SISWA,207,ORANG,2019
1141,32,JAWA BARAT,3273,KOTA BANDUNG,3273250,SUKASARI,32.73.01,SUKASARI,SDN 137 CIJEROKASO KOTA BANDUNG,20244848,SK SISWA,57,ORANG,2019
1142,32,JAWA BARAT,3273,KOTA BANDUNG,3273250,SUKASARI,32.73.01,SUKASARI,SDN 138 GEGERKALONG GIRANG KOTA BANDUNG,20247203,SK SISWA,156,ORANG,2019
1143,32,JAWA BARAT,3273,KOTA BANDUNG,3273250,SUKASARI,32.73.01,SUKASARI,SDN 139 SUKARASA KOTA BANDUNG,20244928,SK SISWA,50,ORANG,2019
1144,32,JAWA BARAT,3273,KOTA BANDUNG,3273130,ARCAMANIK,32.73.24,ARCAMANIK,SDN 140 ARCAMANIK KOTA BANDUNG,20245447,SK SISWA,110,ORANG,2019
1145,32,JAWA BARAT,3273,KOTA BANDUNG,3273130,ARCAMANIK,32.73.24,ARCAMANIK,SDN 141 LOKAJAYA KOTA BANDUNG,20245712,SK SISWA,243,ORANG,2019
1146,32,JAWA BARAT,3273,KOTA BANDUNG,3273050,ASTANAANYAR,32.73.10,ASTANA ANYAR,SDN 142 DWIKORA KOTA BANDUNG,20245029,SK SISWA,213,ORANG,2019
1147,32,JAWA BARAT,3273,KOTA BANDUNG,3273050,ASTANAANYAR,32.73.10,ASTANA ANYAR,SDN 143 KOPO KOTA BANDUNG,20245043,SK SISWA,140,ORANG,2019
1148,32,JAWA BARAT,3273,KOTA BANDUNG,3273020,BABAKAN CIPARAY,32.73.03,BABAKAN CIPARAY,SDN 144 SITUGUNTING KOTA BANDUNG,20245089,SK SISWA,178,ORANG,2019
1149,32,JAWA BARAT,3273,KOTA BANDUNG,3273160,BATUNUNGGAL,32.73.12,BATUNUNGGAL,SDN 145 BINONG JATI KOTA BANDUNG,20244825,SK SISWA,203,ORANG,2019
1150,32,JAWA BARAT,3273,KOTA BANDUNG,3273160,BATUNUNGGAL,32.73.12,BATUNUNGGAL,SDN 146 GUMURUH KOTA BANDUNG,20244870,SK SISWA,199,ORANG,2019
1151,32,JAWA BARAT,3273,KOTA BANDUNG,3273030,BOJONGLOA KALER,32.73.04,BOJONGLOA KALER,SDN 147 CITARIP BARAT KOTA BANDUNG,20244969,SK SISWA,351,ORANG,2019
1152,32,JAWA BARAT,3273,KOTA BANDUNG,3273040,BOJONGLOA KIDUL,32.73.17,BOJONGLOA KIDUL,SDN 148 CIBADUYUT KOTA BANDUNG,20244963,SK SISWA,282,ORANG,2019
1153,32,JAWA BARAT,3273,KOTA BANDUNG,3273220,CIBEUNYING KALER,32.73.18,CIBEUNYING KALER,SDN 149 CIGADUNG KOTA BANDUNG,20245162,SK SISWA,126,ORANG,2019
1154,32,JAWA BARAT,3273,KOTA BANDUNG,3273210,CIBEUNYING KIDUL,32.73.14,CIBEUNYING KIDUL,SDN 150 GATOT SUBROTO KOTA BANDUNG,20245206,SK SISWA,94,ORANG,2019
1155,32,JAWA BARAT,3273,KOTA BANDUNG,3273210,CIBEUNYING KIDUL,32.73.14,CIBEUNYING KIDUL,SDN 151 SUKASENANG KOTA BANDUNG,20245284,SK SISWA,60,ORANG,2019
1156,32,JAWA BARAT,3273,KOTA BANDUNG,3273110,CIBIRU,32.73.25,CIBIRU,SDN 152 CIGAGAK KOTA BANDUNG,20245838,SK SISWA,124,ORANG,2019
1157,32,JAWA BARAT,3273,KOTA BANDUNG,3273110,CIBIRU,32.73.25,CIBIRU,SDN 153 TARUNA KARYA KOTA BANDUNG,20245812,SK SISWA,209,ORANG,2019
1158,32,JAWA BARAT,3273,KOTA BANDUNG,3273190,CICENDO,32.73.06,CICENDO,SDN 154 CITEPUS KOTA BANDUNG,20245541,SK SISWA,304,ORANG,2019
1159,32,JAWA BARAT,3273,KOTA BANDUNG,3273190,CICENDO,32.73.06,CICENDO,SDN 155 GUNUNG RAHAYU KOTA BANDUNG,20245570,SK SISWA,139,ORANG,2019
1160,32,JAWA BARAT,3273,KOTA BANDUNG,3273190,CICENDO,32.73.06,CICENDO,SDN 156 PASIRKALIKI KOTA BANDUNG,20245737,SK SISWA,101,ORANG,2019
1161,32,JAWA BARAT,3273,KOTA BANDUNG,3273190,CICENDO,32.73.06,CICENDO,SDN 157 SUKARAJA KOTA BANDUNG,20245810,SK SISWA,29,ORANG,2019
1162,32,JAWA BARAT,3273,KOTA BANDUNG,3273150,KIARACONDONG,32.73.16,KIARACONDONG,SDN 158 BABAKAN SARI BABAKAN SURABAYA KOTA BANDUNG,20245452,SK SISWA,237,ORANG,2019
1163,32,JAWA BARAT,3273,KOTA BANDUNG,3273150,KIARACONDONG,32.73.16,KIARACONDONG,SDN 159 SEKEJATI KOTA BANDUNG,20245762,SK SISWA,245,ORANG,2019
1164,32,JAWA BARAT,3273,KOTA BANDUNG,3273150,KIARACONDONG,32.73.16,KIARACONDONG,SDN 160 SUKALAKSANA KOTA BANDUNG,20245797,SK SISWA,302,ORANG,2019
1165,32,JAWA BARAT,3273,KOTA BANDUNG,3273150,KIARACONDONG,32.73.16,KIARACONDONG,SDN 161 SUKAPURA KOTA BANDUNG,20245805,SK SISWA,274,ORANG,2019
1166,32,JAWA BARAT,3273,KOTA BANDUNG,3273150,KIARACONDONG,32.73.16,KIARACONDONG,SDN 162 WARUNGJAMBU KIARACONDONG KOTA BANDUNG,20245836,SK SISWA,228,ORANG,2019
1167,32,JAWA BARAT,3273,KOTA BANDUNG,3273070,LENGKONG,32.73.13,LENGKONG,SDN 163 BUAHBATU BARU KOTA BANDUNG,20245022,SK SISWA,177,ORANG,2019
1168,32,JAWA BARAT,3273,KOTA BANDUNG,3273070,LENGKONG,32.73.13,LENGKONG,SDN 164 KARANGPAWULANG KOTA BANDUNG,20245036,SK SISWA,60,ORANG,2019
1169,32,JAWA BARAT,3273,KOTA BANDUNG,3273142,MANDALAJATI,32.73.30,MANDALAJATI,SDN 165 JATIHANDAP KOTA BANDUNG,20245596,SK SISWA,66,ORANG,2019
1170,32,JAWA BARAT,3273,KOTA BANDUNG,3273060,REGOL,32.73.11,REGOL,SDN 166 CIATEUL KOTA BANDUNG,20245146,SK SISWA,78,ORANG,2019
1171,32,JAWA BARAT,3273,KOTA BANDUNG,3273060,REGOL,32.73.11,REGOL,SDN 167 MENGGER GIRANG KOTA BANDUNG,20245229,SK SISWA,310,ORANG,2019
1172,32,JAWA BARAT,3273,KOTA BANDUNG,3273110,CIBIRU,32.73.25,CIBIRU,SDN 168 CIPADUNG KOTA BANDUNG,20245500,SK SISWA,273,ORANG,2019
1173,32,JAWA BARAT,3273,KOTA BANDUNG,3273110,CIBIRU,32.73.25,CIBIRU,SDN 169 PELITA KOTA BANDUNG,20245747,SK SISWA,138,ORANG,2019
1174,32,JAWA BARAT,3273,KOTA BANDUNG,3273190,CICENDO,32.73.06,CICENDO,SDN 170 DIAN KOTA BANDUNG,20245564,SK SISWA,63,ORANG,2019
1175,32,JAWA BARAT,3273,KOTA BANDUNG,3273190,CICENDO,32.73.06,CICENDO,SDN 171 LANUMA HUSEIN KOTA BANDUNG,20245709,SK SISWA,41,ORANG,2019
1176,32,JAWA BARAT,3273,KOTA BANDUNG,3273121,CINAMBO,32.73.29,CINAMBO,SDN 172 ANDIR KIDUL KOTA BANDUNG,20245439,SK SISWA,54,ORANG,2019
1177,32,JAWA BARAT,3273,KOTA BANDUNG,3273230,COBLONG,32.73.02,COBLONG,SDN 173 NEGLASARI KOTA BANDUNG,20245717,SK SISWA,124,ORANG,2019
1178,32,JAWA BARAT,3273,KOTA BANDUNG,3273142,MANDALAJATI,32.73.30,MANDALAJATI,SDN 174 PASIR IMPUN KOTA BANDUNG,20245733,SK SISWA,203,ORANG,2019
1179,32,JAWA BARAT,3273,KOTA BANDUNG,3273142,MANDALAJATI,32.73.30,MANDALAJATI,SDN 175 TANJAKAN KOTA BANDUNG,20245816,SK SISWA,133,ORANG,2019
1180,32,JAWA BARAT,3273,KOTA BANDUNG,3273250,SUKASARI,32.73.01,SUKASARI,SDN 176 CILANDAK KOTA BANDUNG,20245918,SK SISWA,68,ORANG,2019
1181,32,JAWA BARAT,3273,KOTA BANDUNG,3273250,SUKASARI,32.73.01,SUKASARI,SDN 177 CIPEDES KOTA BANDUNG,20245919,SK SISWA,82,ORANG,2019
1182,32,JAWA BARAT,3273,KOTA BANDUNG,3273250,SUKASARI,32.73.01,SUKASARI,SDN 178 GEGERKALONG KPAD KOTA BANDUNG,20244861,SK SISWA,45,ORANG,2019
1183,32,JAWA BARAT,3273,KOTA BANDUNG,3273250,SUKASARI,32.73.01,SUKASARI,SDN 179 SARIJADI KOTA BANDUNG,20244903,SK SISWA,48,ORANG,2019
1184,32,JAWA BARAT,3273,KOTA BANDUNG,3273130,ARCAMANIK,32.73.24,ARCAMANIK,SDN 180 PRAKARSA NUGRAHA KOTA BANDUNG,20245754,SK SISWA,236,ORANG,2019
1185,32,JAWA BARAT,3273,KOTA BANDUNG,3273130,ARCAMANIK,32.73.24,ARCAMANIK,SDN 181 SUKAMISKIN KOTA BANDUNG,20245804,SK SISWA,183,ORANG,2019
1186,32,JAWA BARAT,3273,KOTA BANDUNG,3273010,BANDUNG KULON,32.73.15,BANDUNG KULON,SDN 182 PERUMNAS CIJERAH KOTA BANDUNG,20244899,SK SISWA,134,ORANG,2019
1187,32,JAWA BARAT,3273,KOTA BANDUNG,3273010,BANDUNG KULON,32.73.15,BANDUNG KULON,SDN 183 SAYURAN KOTA BANDUNG,20244910,SK SISWA,116,ORANG,2019
1188,32,JAWA BARAT,3273,KOTA BANDUNG,3273090,BUAHBATU,32.73.22,BUAHBATU,SDN 184 BUAHBATU KOTA BANDUNG,20246396,SK SISWA,290,ORANG,2019
1189,32,JAWA BARAT,3273,KOTA BANDUNG,3273220,CIBEUNYING KALER,32.73.18,CIBEUNYING KALER,SDN 185 CIHAURGEULIS KOTA BANDUNG,20245166,SK SISWA,51,ORANG,2019
1190,32,JAWA BARAT,3273,KOTA BANDUNG,3273110,CIBIRU,32.73.25,CIBIRU,SDN 186 CIPADUNG KOTA BANDUNG,20245498,SK SISWA,125,ORANG,2019
1191,32,JAWA BARAT,3273,KOTA BANDUNG,3273190,CICENDO,32.73.06,CICENDO,SDN 187 LANUMA HUSEIN KOTA BANDUNG,20245707,SK SISWA,106,ORANG,2019
1192,32,JAWA BARAT,3273,KOTA BANDUNG,3273260,CIDADAP,32.73.08,CIDADAP,SDN 188 BANDUNG BARU KOTA BANDUNG,20245106,SK SISWA,148,ORANG,2019
1193,32,JAWA BARAT,3273,KOTA BANDUNG,3273230,COBLONG,32.73.02,COBLONG,SDN 189 NEGLASARI KOTA BANDUNG,20245718,SK SISWA,105,ORANG,2019
1194,32,JAWA BARAT,3273,KOTA BANDUNG,3273101,GEDEBAGE,32.73.27,GEDEBAGE,SDN 190 CISARANTEN KIDUL KOTA BANDUNG,20245505,SK SISWA,243,ORANG,2019
1195,32,JAWA BARAT,3273,KOTA BANDUNG,3273150,KIARACONDONG,32.73.16,KIARACONDONG,SDN 191 BABAKAN SURABAYA KOTA BANDUNG,20245464,SK SISWA,332,ORANG,2019
1196,32,JAWA BARAT,3273,KOTA BANDUNG,3273060,REGOL,32.73.11,REGOL,SDN 192 CIBURUY KOTA BANDUNG,20245148,SK SISWA,212,ORANG,2019
1197,32,JAWA BARAT,3273,KOTA BANDUNG,3273240,SUKAJADI,32.73.07,SUKAJADI,SDN 193 CARINGIN KOTA BANDUNG,20245126,SK SISWA,201,ORANG,2019
1198,32,JAWA BARAT,3273,KOTA BANDUNG,3273240,SUKAJADI,32.73.07,SUKAJADI,SDN 194 SUKAJADI KOTA BANDUNG,20244926,SK SISWA,98,ORANG,2019
1199,32,JAWA BARAT,3273,KOTA BANDUNG,3273250,SUKASARI,32.73.01,SUKASARI,SDN 195 ISOLA KOTA BANDUNG,20244878,SK SISWA,102,ORANG,2019
1200,32,JAWA BARAT,3273,KOTA BANDUNG,3273250,SUKASARI,32.73.01,SUKASARI,SDN 196 SUKARASA KOTA BANDUNG,20244929,SK SISWA,47,ORANG,2019
1201,32,JAWA BARAT,3273,KOTA BANDUNG,3273180,ANDIR,32.73.05,ANDIR,SDN 197 KARANG TARUNA KARANGSARI KOTA BANDUNG,20245215,SK SISWA,164,ORANG,2019
1202,32,JAWA BARAT,3273,KOTA BANDUNG,3273130,ARCAMANIK,32.73.24,ARCAMANIK,SDN 198 MEKARJAYA KOTA BANDUNG,20245715,SK SISWA,196,ORANG,2019
1203,32,JAWA BARAT,3273,KOTA BANDUNG,3273010,BANDUNG KULON,32.73.15,BANDUNG KULON,SDN 199 SAYURAN KOTA BANDUNG,20244909,SK SISWA,166,ORANG,2019
1204,32,JAWA BARAT,3273,KOTA BANDUNG,3273040,BOJONGLOA KIDUL,32.73.17,BOJONGLOA KIDUL,SDN 200 LEUWIPANJANG KOTA BANDUNG,20244980,SK SISWA,313,ORANG,2019
1205,32,JAWA BARAT,3273,KOTA BANDUNG,3273220,CIBEUNYING KALER,32.73.18,CIBEUNYING KALER,SDN 201 SUKALUYU KOTA BANDUNG,20245280,SK SISWA,83,ORANG,2019
1206,32,JAWA BARAT,3273,KOTA BANDUNG,3273070,LENGKONG,32.73.13,LENGKONG,SDN 202 SURYALAYA KOTA BANDUNG,20245094,SK SISWA,96,ORANG,2019
1207,32,JAWA BARAT,3273,KOTA BANDUNG,3273160,BATUNUNGGAL,32.73.12,BATUNUNGGAL,SDN 203 KACAPIRING KOTA BANDUNG,20244880,SK SISWA,145,ORANG,2019
1208,32,JAWA BARAT,3273,KOTA BANDUNG,3273260,CIDADAP,32.73.08,CIDADAP,SDN 204 CIDADAP KOTA BANDUNG,20245139,SK SISWA,126,ORANG,2019
1209,32,JAWA BARAT,3273,KOTA BANDUNG,3273230,COBLONG,32.73.02,COBLONG,SDN 205 NEGLASARI KOTA BANDUNG,20245720,SK SISWA,73,ORANG,2019
1210,32,JAWA BARAT,3273,KOTA BANDUNG,3273070,LENGKONG,32.73.13,LENGKONG,SDN 206 PUTRACO INDAH KOTA BANDUNG,20245077,SK SISWA,11,ORANG,2019
1211,32,JAWA BARAT,3273,KOTA BANDUNG,3273240,SUKAJADI,32.73.07,SUKAJADI,SDN 207 CIBOGO KOTA BANDUNG,20245137,SK SISWA,36,ORANG,2019
1212,32,JAWA BARAT,3273,KOTA BANDUNG,3273240,SUKAJADI,32.73.07,SUKAJADI,SDN 208 LUGINASARI SUKAGALIH KOTA BANDUNG,20245963,SK SISWA,204,ORANG,2019
1213,32,JAWA BARAT,3273,KOTA BANDUNG,3273141,ANTAPANI,32.73.20,ANTAPANI,SDN 209 ANTAPANI KOTA BANDUNG,20245442,SK SISWA,239,ORANG,2019
1214,32,JAWA BARAT,3273,KOTA BANDUNG,3273150,KIARACONDONG,32.73.16,KIARACONDONG,SDN 210 BABAKAN SINYAR KOTA BANDUNG,20245460,SK SISWA,388,ORANG,2019
1215,32,JAWA BARAT,3273,KOTA BANDUNG,3273060,REGOL,32.73.11,REGOL,SDN 211 BABAKAN PRIANGAN KOTA BANDUNG,20245110,SK SISWA,184,ORANG,2019
1216,32,JAWA BARAT,3273,KOTA BANDUNG,3273250,SUKASARI,32.73.01,SUKASARI,SDN 212 HARAPAN KOTA BANDUNG,20245941,SK SISWA,53,ORANG,2019
1217,32,JAWA BARAT,3273,KOTA BANDUNG,3273020,BABAKAN CIPARAY,32.73.03,BABAKAN CIPARAY,SDN 213 BABAKAN CIPARAY KOTA BANDUNG,20245008,SK SISWA,199,ORANG,2019
1218,32,JAWA BARAT,3273,KOTA BANDUNG,3273010,BANDUNG KULON,32.73.15,BANDUNG KULON,SDN 214 PERUMNAS CIJERAH KOTA BANDUNG,20244900,SK SISWA,57,ORANG,2019
1219,32,JAWA BARAT,3273,KOTA BANDUNG,3273101,GEDEBAGE,32.73.27,GEDEBAGE,SDN 215 RANCASAGATAN KOTA BANDUNG,20245759,SK SISWA,109,ORANG,2019
1220,32,JAWA BARAT,3273,KOTA BANDUNG,3273101,GEDEBAGE,32.73.27,GEDEBAGE,SDN 216 SONDARIAH KOTA BANDUNG,20245780,SK SISWA,167,ORANG,2019
1221,32,JAWA BARAT,3273,KOTA BANDUNG,3273250,SUKASARI,32.73.01,SUKASARI,SDN 217 SARIJADI KOTA BANDUNG,20245971,SK SISWA,46,ORANG,2019
1222,32,JAWA BARAT,3273,KOTA BANDUNG,3273250,SUKASARI,32.73.01,SUKASARI,SDN 218 SARIJADI KOTA BANDUNG,20244907,SK SISWA,81,ORANG,2019
1223,32,JAWA BARAT,3273,KOTA BANDUNG,3273160,BATUNUNGGAL,32.73.12,BATUNUNGGAL,SDN 219 BABAKANJATI KOTA BANDUNG,20244823,SK SISWA,232,ORANG,2019
1224,32,JAWA BARAT,3273,KOTA BANDUNG,3273160,BATUNUNGGAL,32.73.12,BATUNUNGGAL,SDN 220 GUMURUH KOTA BANDUNG,20244871,SK SISWA,171,ORANG,2019
1225,32,JAWA BARAT,3273,KOTA BANDUNG,3273150,KIARACONDONG,32.73.16,KIARACONDONG,SDN 221 BABAKAN SENTRAL KOTA BANDUNG,20245455,SK SISWA,392,ORANG,2019
1226,32,JAWA BARAT,3273,KOTA BANDUNG,3273100,RANCASARI,32.73.23,RANCASARI,SDN 222 PASIRPOGOR KOTA BANDUNG,20246413,SK SISWA,125,ORANG,2019
1227,32,JAWA BARAT,3273,KOTA BANDUNG,3273060,REGOL,32.73.11,REGOL,SDN 223 BHAKTI WINAYA KOTA BANDUNG,20245114,SK SISWA,219,ORANG,2019
1228,32,JAWA BARAT,3273,KOTA BANDUNG,3273120,UJUNG BERUNG,32.73.26,UJUNGBERUNG,SDN 224 CIJAMBE KOTA BANDUNG,20245517,SK SISWA,97,ORANG,2019
1229,32,JAWA BARAT,3273,KOTA BANDUNG,3273120,UJUNG BERUNG,32.73.26,UJUNGBERUNG,SDN 225 MEKARGALIH KOTA BANDUNG,20245714,SK SISWA,134,ORANG,2019
1230,32,JAWA BARAT,3273,KOTA BANDUNG,3273130,ARCAMANIK,32.73.24,ARCAMANIK,SDN 226 ARCAMANIK ENDAH KOTA BANDUNG,20245448,SK SISWA,19,ORANG,2019
1231,32,JAWA BARAT,3273,KOTA BANDUNG,3273020,BABAKAN CIPARAY,32.73.03,BABAKAN CIPARAY,SDN 227 MARGAHAYU UTARA KOTA BANDUNG,20245046,SK SISWA,193,ORANG,2019
1232,32,JAWA BARAT,3273,KOTA BANDUNG,3273040,BOJONGLOA KIDUL,32.73.17,BOJONGLOA KIDUL,SDN 228 CANGKUANG KOTA BANDUNG,20244959,SK SISWA,209,ORANG,2019
1233,32,JAWA BARAT,3273,KOTA BANDUNG,3273040,BOJONGLOA KIDUL,32.73.17,BOJONGLOA KIDUL,SDN 229 CIBADUYUT KOTA BANDUNG,20244966,SK SISWA,148,ORANG,2019
1234,32,JAWA BARAT,3273,KOTA BANDUNG,3273090,BUAHBATU,32.73.22,BUAHBATU,SDN 230 MARGAHAYU RAYA KOTA BANDUNG,20245226,SK SISWA,81,ORANG,2019
1235,32,JAWA BARAT,3273,KOTA BANDUNG,3273142,MANDALAJATI,32.73.30,MANDALAJATI,SDN 231 SUKAASIH KOTA BANDUNG,20245794,SK SISWA,159,ORANG,2019
1236,32,JAWA BARAT,3273,KOTA BANDUNG,3273010,BANDUNG KULON,32.73.15,BANDUNG KULON,SDN 232 BLOK SAWAH KOTA BANDUNG,20244739,SK SISWA,99,ORANG,2019
1237,32,JAWA BARAT,3273,KOTA BANDUNG,3273040,BOJONGLOA KIDUL,32.73.17,BOJONGLOA KIDUL,SDN 233 CIBADUYUT KOTA BANDUNG,20244967,SK SISWA,166,ORANG,2019
1238,32,JAWA BARAT,3273,KOTA BANDUNG,3273210,CIBEUNYING KIDUL,32.73.14,CIBEUNYING KIDUL,SDN 234 SALUYU KOTA BANDUNG,20245262,SK SISWA,175,ORANG,2019
1239,32,JAWA BARAT,3273,KOTA BANDUNG,3273070,LENGKONG,32.73.13,LENGKONG,SDN 235 LENGKONG KECIL KOTA BANDUNG,20245045,SK SISWA,224,ORANG,2019
1240,32,JAWA BARAT,3273,KOTA BANDUNG,3273020,BABAKAN CIPARAY,32.73.03,BABAKAN CIPARAY,SDN 236 BABAKAN CIPARAY KOTA BANDUNG,20245001,SK SISWA,128,ORANG,2019
1241,32,JAWA BARAT,3273,KOTA BANDUNG,3273020,BABAKAN CIPARAY,32.73.03,BABAKAN CIPARAY,SDN 237 KOPO ELOK KOTA BANDUNG,20245044,SK SISWA,108,ORANG,2019
1242,32,JAWA BARAT,3273,KOTA BANDUNG,3273010,BANDUNG KULON,32.73.15,BANDUNG KULON,SDN 238 CIGONDEWAH KOTA BANDUNG,20244839,SK SISWA,130,ORANG,2019
1243,32,JAWA BARAT,3273,KOTA BANDUNG,3273010,BANDUNG KULON,32.73.15,BANDUNG KULON,SDN 239 CIGONDEWAH KOTA BANDUNG,20244838,SK SISWA,195,ORANG,2019
1244,32,JAWA BARAT,3273,KOTA BANDUNG,3273010,BANDUNG KULON,32.73.15,BANDUNG KULON,SDN 240 CIJERAH INDAH KOTA BANDUNG,20244846,SK SISWA,100,ORANG,2019
1245,32,JAWA BARAT,3273,KOTA BANDUNG,3273040,BOJONGLOA KIDUL,32.73.17,BOJONGLOA KIDUL,SDN 241 LEUWIANYAR KOTA BANDUNG,20244978,SK SISWA,236,ORANG,2019
1246,32,JAWA BARAT,3273,KOTA BANDUNG,3273090,BUAHBATU,32.73.22,BUAHBATU,SDN 242 MARGASARI KOTA BANDUNG,20245228,SK SISWA,181,ORANG,2019
1247,32,JAWA BARAT,3273,KOTA BANDUNG,3273142,MANDALAJATI,32.73.30,MANDALAJATI,SDN 243 CICABE KOTA BANDUNG,20245510,SK SISWA,98,ORANG,2019
1248,32,JAWA BARAT,3273,KOTA BANDUNG,3273130,ARCAMANIK,32.73.24,ARCAMANIK,SDN 244 GURUMINDA KOTA BANDUNG,20245585,SK SISWA,104,ORANG,2019
1249,32,JAWA BARAT,3273,KOTA BANDUNG,3273020,BABAKAN CIPARAY,32.73.03,BABAKAN CIPARAY,SDN 245 SUMBERSARI INDAH KOTA BANDUNG,20245090,SK SISWA,211,ORANG,2019
1250,32,JAWA BARAT,3273,KOTA BANDUNG,3273090,BUAHBATU,32.73.22,BUAHBATU,SDN 246 MARGACINTA KOTA BANDUNG,20246410,SK SISWA,513,ORANG,2019
1251,32,JAWA BARAT,3273,KOTA BANDUNG,3273110,CIBIRU,32.73.25,CIBIRU,SDN 247 SUKAPURA KOTA BANDUNG,20258124,SK SISWA,140,ORANG,2019
1252,32,JAWA BARAT,3273,KOTA BANDUNG,3273141,ANTAPANI,32.73.20,ANTAPANI,SDN 248 SINDANGSARI KOTA BANDUNG,20245778,SK SISWA,193,ORANG,2019
1253,32,JAWA BARAT,3273,KOTA BANDUNG,3273050,ASTANAANYAR,32.73.10,ASTANA ANYAR,SDN 249 ASTANAANYAR KOTA BANDUNG,20244993,SK SISWA,245,ORANG,2019
1254,32,JAWA BARAT,3273,KOTA BANDUNG,3273080,BANDUNG KIDUL,32.73.21,BANDUNG KIDUL,SDN 250 JAKAPURWA KOTA BANDUNG,20245034,SK SISWA,90,ORANG,2019
1255,32,JAWA BARAT,3273,KOTA BANDUNG,3273030,BOJONGLOA KALER,32.73.04,BOJONGLOA KALER,SDN 251 JAMIKA KOTA BANDUNG,20244975,SK SISWA,316,ORANG,2019
1256,32,JAWA BARAT,3273,KOTA BANDUNG,3273250,SUKASARI,32.73.01,SUKASARI,SDN 252 SETIABUDI KOTA BANDUNG,20244937,SK SISWA,39,ORANG,2019
1257,32,JAWA BARAT,3273,KOTA BANDUNG,3273120,UJUNG BERUNG,32.73.26,UJUNGBERUNG,SDN 253 PANGGUNGSARI KOTA BANDUNG,20245731,SK SISWA,352,ORANG,2019
1258,32,JAWA BARAT,3273,KOTA BANDUNG,3273141,ANTAPANI,32.73.20,ANTAPANI,SDN 254 GRIYA BUMI ANTAPANI KOTA BANDUNG,20245583,SK SISWA,119,ORANG,2019
1259,32,JAWA BARAT,3273,KOTA BANDUNG,3273141,ANTAPANI,32.73.20,ANTAPANI,SDN 255 GRIYA BUMI ANTAPANI KOTA BANDUNG,20245575,SK SISWA,217,ORANG,2019
1260,32,JAWA BARAT,3273,KOTA BANDUNG,3273010,BANDUNG KULON,32.73.15,BANDUNG KULON,SDN 256 CIGONDEWAH HILIR KOTA BANDUNG,20244840,SK SISWA,137,ORANG,2019
1261,32,JAWA BARAT,3273,KOTA BANDUNG,3273070,LENGKONG,32.73.13,LENGKONG,SDN 257 PELITA KOTA BANDUNG,20245257,SK SISWA,28,ORANG,2019
1262,32,JAWA BARAT,3273,KOTA BANDUNG,3273111,PANYILEUKAN,32.73.28,PANYILEUKAN,SDN 258 SUKARELA KOTA BANDUNG,20245792,SK SISWA,215,ORANG,2019
1263,32,JAWA BARAT,3273,KOTA BANDUNG,3273141,ANTAPANI,32.73.20,ANTAPANI,SDN 259 GRIYA BUMI ANTAPANI KOTA BANDUNG,20245580,SK SISWA,112,ORANG,2019
1264,32,JAWA BARAT,3273,KOTA BANDUNG,3273141,ANTAPANI,32.73.20,ANTAPANI,SDN 260 GRIYA BUMI ANTAPANI KOTA BANDUNG,20245582,SK SISWA,128,ORANG,2019
1265,32,JAWA BARAT,3273,KOTA BANDUNG,3273090,BUAHBATU,32.73.22,BUAHBATU,SDN 261 MARGAHAYU RAYA KOTA BANDUNG,20246408,SK SISWA,48,ORANG,2019
1266,32,JAWA BARAT,3273,KOTA BANDUNG,3273111,PANYILEUKAN,32.73.28,PANYILEUKAN,SDN 262 PANYILEUKAN KOTA BANDUNG,20245724,SK SISWA,43,ORANG,2019
1267,32,JAWA BARAT,3273,KOTA BANDUNG,3273100,RANCASARI,32.73.23,RANCASARI,SDN 263 RANCALOA KOTA BANDUNG,20245756,SK SISWA,219,ORANG,2019
1268,32,JAWA BARAT,3273,KOTA BANDUNG,3273141,ANTAPANI,32.73.20,ANTAPANI,SDN 264 GRIYA BUMI ANTAPANI KOTA BANDUNG,20245577,SK SISWA,251,ORANG,2019
1269,32,JAWA BARAT,3273,KOTA BANDUNG,3273050,ASTANAANYAR,32.73.10,ASTANA ANYAR,SDN 265 BANDUNGKULON KOTA BANDUNG,20244949,SK SISWA,300,ORANG,2019
1270,32,JAWA BARAT,3273,KOTA BANDUNG,3273080,BANDUNG KIDUL,32.73.21,BANDUNG KIDUL,SDN 266 MENGGER KOTA BANDUNG,20245049,SK SISWA,101,ORANG,2019
1271,32,JAWA BARAT,3273,KOTA BANDUNG,3273141,ANTAPANI,32.73.20,ANTAPANI,SDN 267 GRIYA BUMI ANTAPANI KOTA BANDUNG,20245573,SK SISWA,132,ORANG,2019
1272,32,JAWA BARAT,3273,KOTA BANDUNG,3273111,PANYILEUKAN,32.73.28,PANYILEUKAN,SDN 268 PANYILEUKAN KOTA BANDUNG,20245726,SK SISWA,43,ORANG,2019
1273,32,JAWA BARAT,3273,KOTA BANDUNG,3273141,ANTAPANI,32.73.20,ANTAPANI,SDN 269 GRIYA BUMI ANTAPANI KOTA BANDUNG,20245579,SK SISWA,117,ORANG,2019
1274,32,JAWA BARAT,3273,KOTA BANDUNG,3273030,BOJONGLOA KALER,32.73.04,BOJONGLOA KALER,SDN 270 GENTRA MASEKDAS KOTA BANDUNG,20244974,SK SISWA,231,ORANG,2019
1275,32,JAWA BARAT,3273,KOTA BANDUNG,3273111,PANYILEUKAN,32.73.28,PANYILEUKAN,SDN 271 PANGHEGAR KOTA BANDUNG,20245723,SK SISWA,34,ORANG,2019
1276,32,JAWA BARAT,3273,KOTA BANDUNG,3273240,SUKAJADI,32.73.07,SUKAJADI,SDN 272 SUKASARI KOTA BANDUNG,20245274,SK SISWA,125,ORANG,2019
1277,32,JAWA BARAT,3273,KOTA BANDUNG,3273010,BANDUNG KULON,32.73.15,BANDUNG KULON,SDN 273 GEMPOL SARI KOTA BANDUNG,20244863,SK SISWA,48,ORANG,2019
1278,32,JAWA BARAT,3273,KOTA BANDUNG,3273101,GEDEBAGE,32.73.27,GEDEBAGE,SDN 274 CEMPAKA ARUM KOTA BANDUNG,20245486,SK SISWA,41,ORANG,2019
1279,32,JAWA BARAT,3273,KOTA BANDUNG,3273190,CICENDO,32.73.06,CICENDO,SD 1 KRISTEN PAULUS,20219591,SK SISWA,5,ORANG,2019
1280,32,JAWA BARAT,3273,KOTA BANDUNG,3273170,SUMUR BANDUNG,32.73.19,SUMUR BANDUNG,SD 3 KRISTEN PAULUS,20219588,SK SISWA,3,ORANG,2019
1281,32,JAWA BARAT,3273,KOTA BANDUNG,3273142,MANDALAJATI,32.73.30,MANDALAJATI,SD ABU AZIS,69947473,SK SISWA,1,ORANG,2019
1282,32,JAWA BARAT,3273,KOTA BANDUNG,3273180,ANDIR,32.73.05,ANDIR,SD ADVENT CIMINDI,20219531,SK SISWA,10,ORANG,2019
1283,32,JAWA BARAT,3273,KOTA BANDUNG,3273230,COBLONG,32.73.02,COBLONG,SD ADVENT II BANDUNG,20258082,SK SISWA,4,ORANG,2019
1284,32,JAWA BARAT,3273,KOTA BANDUNG,3273170,SUMUR BANDUNG,32.73.19,SUMUR BANDUNG,SD ADVENT NARIPAN,20219530,SK SISWA,1,ORANG,2019
1285,32,JAWA BARAT,3273,KOTA BANDUNG,3273260,CIDADAP,32.73.08,CIDADAP,SD ADZKIA,69932122,SK SISWA,39,ORANG,2019
1286,32,JAWA BARAT,3273,KOTA BANDUNG,3273070,LENGKONG,32.73.13,LENGKONG,SD AL AZHAR 36,69752555,SK SISWA,25,ORANG,2019
1287,32,JAWA BARAT,3273,KOTA BANDUNG,3273020,BABAKAN CIPARAY,32.73.03,BABAKAN CIPARAY,SD AL BAROKAH,20219528,SK SISWA,93,ORANG,2019
1288,32,JAWA BARAT,3273,KOTA BANDUNG,3273040,BOJONGLOA KIDUL,32.73.17,BOJONGLOA KIDUL,SD AL BASYARIYAH,20219527,SK SISWA,41,ORANG,2019
1289,32,JAWA BARAT,3273,KOTA BANDUNG,3273230,COBLONG,32.73.02,COBLONG,SD AL FALAH,20219526,SK SISWA,37,ORANG,2019
1290,32,JAWA BARAT,3273,KOTA BANDUNG,3273030,BOJONGLOA KALER,32.73.04,BOJONGLOA KALER,SD AL FATAH,20219525,SK SISWA,156,ORANG,2019
1291,32,JAWA BARAT,3273,KOTA BANDUNG,3273190,CICENDO,32.73.06,CICENDO,SD AL FATAH AL HASAN,20219524,SK SISWA,72,ORANG,2019
1292,32,JAWA BARAT,3273,KOTA BANDUNG,3273030,BOJONGLOA KALER,32.73.04,BOJONGLOA KALER,SD AL HIDAYAH,20219523,SK SISWA,154,ORANG,2019
1293,32,JAWA BARAT,3273,KOTA BANDUNG,3273260,CIDADAP,32.73.08,CIDADAP,SD AL HUSAINIYYAH,20219544,SK SISWA,120,ORANG,2019
1294,32,JAWA BARAT,3273,KOTA BANDUNG,3273240,SUKAJADI,32.73.07,SUKAJADI,SD AL IKHLAS,20219532,SK SISWA,106,ORANG,2019
1295,32,JAWA BARAT,3273,KOTA BANDUNG,3273260,CIDADAP,32.73.08,CIDADAP,SD AL- HIDAYAH,20252052,SK SISWA,43,ORANG,2019
1296,32,JAWA BARAT,3273,KOTA BANDUNG,3273230,COBLONG,32.73.02,COBLONG,SD AL-AMIN,20219529,SK SISWA,99,ORANG,2019
1297,32,JAWA BARAT,3273,KOTA BANDUNG,3273130,ARCAMANIK,32.73.24,ARCAMANIK,SD AL-IHSAN ISLAMIC SCHOOL,69969798,SK SISWA,1,ORANG,2019
1298,32,JAWA BARAT,3273,KOTA BANDUNG,3273142,MANDALAJATI,32.73.30,MANDALAJATI,SD AL-IRHAAM GLOBAL ISLAMIC SCHOOL,20252083,SK SISWA,1,ORANG,2019
1299,32,JAWA BARAT,3273,KOTA BANDUNG,3273230,COBLONG,32.73.02,COBLONG,SD ALAM BANDUNG,20269424,SK SISWA,10,ORANG,2019
1300,32,JAWA BARAT,3273,KOTA BANDUNG,3273010,BANDUNG KULON,32.73.15,BANDUNG KULON,SD ANDIR MUKTI,20219533,SK SISWA,152,ORANG,2019
1301,32,JAWA BARAT,3273,KOTA BANDUNG,3273190,CICENDO,32.73.06,CICENDO,SD ANGKASA 1,20219534,SK SISWA,17,ORANG,2019
1302,32,JAWA BARAT,3273,KOTA BANDUNG,3273190,CICENDO,32.73.06,CICENDO,SD ANGKASA 3,20219542,SK SISWA,4,ORANG,2019
1303,32,JAWA BARAT,3273,KOTA BANDUNG,3273230,COBLONG,32.73.02,COBLONG,SD AR-RAHMAN DARUL ILMI,69934958,SK SISWA,2,ORANG,2019
1304,32,JAWA BARAT,3273,KOTA BANDUNG,3273150,KIARACONDONG,32.73.16,KIARACONDONG,SD ARRAFI,20247205,SK SISWA,9,ORANG,2019
1305,32,JAWA BARAT,3273,KOTA BANDUNG,3273101,GEDEBAGE,32.73.27,GEDEBAGE,SD ASHFIYA,69922041,SK SISWA,2,ORANG,2019
1306,32,JAWA BARAT,3273,KOTA BANDUNG,3273060,REGOL,32.73.11,REGOL,SD ASSALAAM,20219541,SK SISWA,11,ORANG,2019
1307,32,JAWA BARAT,3273,KOTA BANDUNG,3273100,RANCASARI,32.73.23,RANCASARI,SD ASY-SYIFA 1,20219539,SK SISWA,8,ORANG,2019
1308,32,JAWA BARAT,3273,KOTA BANDUNG,3273141,ANTAPANI,32.73.20,ANTAPANI,SD ASY-SYIFA 2,20219580,SK SISWA,8,ORANG,2019
1309,32,JAWA BARAT,3273,KOTA BANDUNG,3273010,BANDUNG KULON,32.73.15,BANDUNG KULON,SD ATTAZHIMIYAH,20219538,SK SISWA,127,ORANG,2019
1310,32,JAWA BARAT,3273,KOTA BANDUNG,3273090,BUAHBATU,32.73.22,BUAHBATU,SD AZ-ZAKIYAH,20219579,SK SISWA,7,ORANG,2019
1311,32,JAWA BARAT,3273,KOTA BANDUNG,3273010,BANDUNG KULON,32.73.15,BANDUNG KULON,SD BAITUL HIKMAH,69947447,SK SISWA,13,ORANG,2019
1312,32,JAWA BARAT,3273,KOTA BANDUNG,3273180,ANDIR,32.73.05,ANDIR,SD BALA KESELAMATAN,20219585,SK SISWA,19,ORANG,2019
1313,32,JAWA BARAT,3273,KOTA BANDUNG,3273070,LENGKONG,32.73.13,LENGKONG,SD BANDUNG ISLAMIC SCHOOL,69971730,SK SISWA,1,ORANG,2019
1314,32,JAWA BARAT,3273,KOTA BANDUNG,3273010,BANDUNG KULON,32.73.15,BANDUNG KULON,SD BANDUNG RAYA,20219537,SK SISWA,72,ORANG,2019
1315,32,JAWA BARAT,3273,KOTA BANDUNG,3273060,REGOL,32.73.11,REGOL,SD BINA TALENTA,20247274,SK SISWA,1,ORANG,2019
1316,32,JAWA BARAT,3273,KOTA BANDUNG,3273130,ARCAMANIK,32.73.24,ARCAMANIK,SD BINTANG MADANI,20270664,SK SISWA,7,ORANG,2019
1317,32,JAWA BARAT,3273,KOTA BANDUNG,3273180,ANDIR,32.73.05,ANDIR,SD BODHI SINAR TERANG,69967567,SK SISWA,1,ORANG,2019
1318,32,JAWA BARAT,3273,KOTA BANDUNG,3273070,LENGKONG,32.73.13,LENGKONG,SD BPI,20219536,SK SISWA,8,ORANG,2019
1319,32,JAWA BARAT,3273,KOTA BANDUNG,3273180,ANDIR,32.73.05,ANDIR,SD BPMD TARUNA,20219535,SK SISWA,67,ORANG,2019
1320,32,JAWA BARAT,3273,KOTA BANDUNG,3273090,BUAHBATU,32.73.22,BUAHBATU,SD BUDI ASIH,20219522,SK SISWA,90,ORANG,2019
1321,32,JAWA BARAT,3273,KOTA BANDUNG,3273070,LENGKONG,32.73.13,LENGKONG,SD BUDI ISTRI,20219617,SK SISWA,91,ORANG,2019
1322,32,JAWA BARAT,3273,KOTA BANDUNG,3273040,BOJONGLOA KIDUL,32.73.17,BOJONGLOA KIDUL,SD BUDI SASTRA,20219604,SK SISWA,123,ORANG,2019
1323,32,JAWA BARAT,3273,KOTA BANDUNG,3273010,BANDUNG KULON,32.73.15,BANDUNG KULON,SD CAHAYA NUSANTARA,20258325,SK SISWA,1,ORANG,2019
1324,32,JAWA BARAT,3273,KOTA BANDUNG,3273020,BABAKAN CIPARAY,32.73.03,BABAKAN CIPARAY,SD CAHAYA PELITA,20219603,SK SISWA,194,ORANG,2019
1325,32,JAWA BARAT,3273,KOTA BANDUNG,3273240,SUKAJADI,32.73.07,SUKAJADI,SD CEMARA,20219601,SK SISWA,31,ORANG,2019
1326,32,JAWA BARAT,3273,KOTA BANDUNG,3273130,ARCAMANIK,32.73.24,ARCAMANIK,SD CENDEKIA MUDA,20255299,SK SISWA,2,ORANG,2019
1327,32,JAWA BARAT,3273,KOTA BANDUNG,3273100,RANCASARI,32.73.23,RANCASARI,SD CERDAS MULIA EKSELENSIA,69949228,SK SISWA,4,ORANG,2019
1328,32,JAWA BARAT,3273,KOTA BANDUNG,3273130,ARCAMANIK,32.73.24,ARCAMANIK,SD CERDAS MUTHAHHARI,20267679,SK SISWA,1,ORANG,2019
1329,32,JAWA BARAT,3273,KOTA BANDUNG,3273070,LENGKONG,32.73.13,LENGKONG,SD CIPAERA,20219599,SK SISWA,95,ORANG,2019
1330,32,JAWA BARAT,3273,KOTA BANDUNG,3273160,BATUNUNGGAL,32.73.12,BATUNUNGGAL,SD CIPTA KARYA,20246315,SK SISWA,136,ORANG,2019
1331,32,JAWA BARAT,3273,KOTA BANDUNG,3273010,BANDUNG KULON,32.73.15,BANDUNG KULON,SD CITRA CEMARA,20269306,SK SISWA,5,ORANG,2019
1332,32,JAWA BARAT,3273,KOTA BANDUNG,3273240,SUKAJADI,32.73.07,SUKAJADI,SD CITRA WINAYA,20219598,SK SISWA,55,ORANG,2019
1333,32,JAWA BARAT,3273,KOTA BANDUNG,3273230,COBLONG,32.73.02,COBLONG,SD DARUL HIKAM,20219597,SK SISWA,11,ORANG,2019
1334,32,JAWA BARAT,3273,KOTA BANDUNG,3273060,REGOL,32.73.11,REGOL,SD DEWI SARTIKA,20219596,SK SISWA,6,ORANG,2019
1335,32,JAWA BARAT,3273,KOTA BANDUNG,3273060,REGOL,32.73.11,REGOL,SD DIAN KENCANA,20219606,SK SISWA,15,ORANG,2019
1336,32,JAWA BARAT,3273,KOTA BANDUNG,3273030,BOJONGLOA KALER,32.73.04,BOJONGLOA KALER,SD DWI AMANAT,20219607,SK SISWA,95,ORANG,2019
1337,32,JAWA BARAT,3273,KOTA BANDUNG,3273180,ANDIR,32.73.05,ANDIR,SD DWISAKTI,20219616,SK SISWA,3,ORANG,2019
1338,32,JAWA BARAT,3273,KOTA BANDUNG,3273141,ANTAPANI,32.73.20,ANTAPANI,SD EL FITRA,69948519,SK SISWA,23,ORANG,2019
1339,32,JAWA BARAT,3273,KOTA BANDUNG,3273070,LENGKONG,32.73.13,LENGKONG,SD GAGAS CERIA,20247207,SK SISWA,1,ORANG,2019
1340,32,JAWA BARAT,3273,KOTA BANDUNG,3273050,ASTANAANYAR,32.73.10,ASTANA ANYAR,SD GANESHA,20219615,SK SISWA,55,ORANG,2019
1341,32,JAWA BARAT,3273,KOTA BANDUNG,3273240,SUKAJADI,32.73.07,SUKAJADI,SD GIKI,20219614,SK SISWA,3,ORANG,2019
1342,32,JAWA BARAT,3273,KOTA BANDUNG,3273030,BOJONGLOA KALER,32.73.04,BOJONGLOA KALER,SD GRACIA 2,20219612,SK SISWA,5,ORANG,2019
1343,32,JAWA BARAT,3273,KOTA BANDUNG,3273040,BOJONGLOA KIDUL,32.73.17,BOJONGLOA KIDUL,SD HARAPAN KASIH,69895387,SK SISWA,17,ORANG,2019
1344,32,JAWA BARAT,3273,KOTA BANDUNG,3273150,KIARACONDONG,32.73.16,KIARACONDONG,SD HAS DARUL ILMI,69947365,SK SISWA,4,ORANG,2019
1345,32,JAWA BARAT,3273,KOTA BANDUNG,3273240,SUKAJADI,32.73.07,SUKAJADI,SD IBNU TAIMIYAH,20219610,SK SISWA,24,ORANG,2019
1346,32,JAWA BARAT,3273,KOTA BANDUNG,3273160,BATUNUNGGAL,32.73.12,BATUNUNGGAL,SD IGNATIUS SLAMET RIYADI,20219609,SK SISWA,11,ORANG,2019
1347,32,JAWA BARAT,3273,KOTA BANDUNG,3273150,KIARACONDONG,32.73.16,KIARACONDONG,SD IGNATIUS SLAMET RIYADI 2,20219608,SK SISWA,5,ORANG,2019
1348,32,JAWA BARAT,3273,KOTA BANDUNG,3273190,CICENDO,32.73.06,CICENDO,SD INDUSTRI,20219595,SK SISWA,24,ORANG,2019
1349,32,JAWA BARAT,3273,KOTA BANDUNG,3273110,CIBIRU,32.73.25,CIBIRU,SD INTAN AL-SALI,69952860,SK SISWA,8,ORANG,2019
1350,32,JAWA BARAT,3273,KOTA BANDUNG,3273070,LENGKONG,32.73.13,LENGKONG,SD IRK,20219594,SK SISWA,35,ORANG,2019
1351,32,JAWA BARAT,3273,KOTA BANDUNG,3273250,SUKASARI,32.73.01,SUKASARI,SD ISLAM AL AZHAR 30,20253348,SK SISWA,7,ORANG,2019
1352,32,JAWA BARAT,3273,KOTA BANDUNG,3273141,ANTAPANI,32.73.20,ANTAPANI,SD ISLAM MUTIARA HATI,20254714,SK SISWA,5,ORANG,2019
1353,32,JAWA BARAT,3273,KOTA BANDUNG,3273220,CIBEUNYING KALER,32.73.18,CIBEUNYING KALER,SD ISLAM TERPADU AL IRSYAD,20253818,SK SISWA,4,ORANG,2019
1354,32,JAWA BARAT,3273,KOTA BANDUNG,3273130,ARCAMANIK,32.73.24,ARCAMANIK,SD ISLAM TERPADU LUQMANUL HAKIM,20219577,SK SISWA,7,ORANG,2019
1355,32,JAWA BARAT,3273,KOTA BANDUNG,3273200,BANDUNG WETAN,32.73.09,BANDUNG WETAN,SD ISTIQAMAH,20219578,SK SISWA,5,ORANG,2019
1356,32,JAWA BARAT,3273,KOTA BANDUNG,3273100,RANCASARI,32.73.23,RANCASARI,SD IT AL FITRAH,20269138,SK SISWA,27,ORANG,2019
1357,32,JAWA BARAT,3273,KOTA BANDUNG,3273080,BANDUNG KIDUL,32.73.21,BANDUNG KIDUL,SD IT AL-FAJAR,20267927,SK SISWA,3,ORANG,2019
1358,32,JAWA BARAT,3273,KOTA BANDUNG,3273210,CIBEUNYING KIDUL,32.73.14,CIBEUNYING KIDUL,SD ITQAN ISLAMIC SCHOOL,69946543,SK SISWA,15,ORANG,2019
1359,32,JAWA BARAT,3273,KOTA BANDUNG,3273160,BATUNUNGGAL,32.73.12,BATUNUNGGAL,SD JEMBAR,20219576,SK SISWA,79,ORANG,2019
1360,32,JAWA BARAT,3273,KOTA BANDUNG,3273111,PANYILEUKAN,32.73.28,PANYILEUKAN,SD JUARA,69734138,SK SISWA,143,ORANG,2019
1361,32,JAWA BARAT,3273,KOTA BANDUNG,3273210,CIBEUNYING KIDUL,32.73.14,CIBEUNYING KIDUL,SD KARAKTER AZ-ZAHRA,20279824,SK SISWA,43,ORANG,2019
1362,32,JAWA BARAT,3273,KOTA BANDUNG,3273070,LENGKONG,32.73.13,LENGKONG,SD KARTIKA X-1,20219574,SK SISWA,8,ORANG,2019
1363,32,JAWA BARAT,3273,KOTA BANDUNG,3273070,LENGKONG,32.73.13,LENGKONG,SD KARTIKA X-2,20219573,SK SISWA,4,ORANG,2019
1364,32,JAWA BARAT,3273,KOTA BANDUNG,3273170,SUMUR BANDUNG,32.73.19,SUMUR BANDUNG,SD KARTIKA XIX - 1,20219575,SK SISWA,1,ORANG,2019
1365,32,JAWA BARAT,3273,KOTA BANDUNG,3273010,BANDUNG KULON,32.73.15,BANDUNG KULON,SD KASIH BANGSA,69894361,SK SISWA,2,ORANG,2019
1366,32,JAWA BARAT,3273,KOTA BANDUNG,3273050,ASTANAANYAR,32.73.10,ASTANA ANYAR,SD KEMAH INDONESIA,20219572,SK SISWA,58,ORANG,2019
1367,32,JAWA BARAT,3273,KOTA BANDUNG,3273070,LENGKONG,32.73.13,LENGKONG,SD KEMALA BHAYANGKARI 1,20219581,SK SISWA,17,ORANG,2019
1368,32,JAWA BARAT,3273,KOTA BANDUNG,3273190,CICENDO,32.73.06,CICENDO,SD KRISTEN 1 BINA BAKTI,20219583,SK SISWA,4,ORANG,2019
1369,32,JAWA BARAT,3273,KOTA BANDUNG,3273190,CICENDO,32.73.06,CICENDO,SD KRISTEN 2 BINA BAKTI,20219590,SK SISWA,3,ORANG,2019
1370,32,JAWA BARAT,3273,KOTA BANDUNG,3273070,LENGKONG,32.73.13,LENGKONG,SD KRISTEN 5 BPK PENABUR,20219587,SK SISWA,3,ORANG,2019
1371,32,JAWA BARAT,3273,KOTA BANDUNG,3273180,ANDIR,32.73.05,ANDIR,SD KRISTEN 6 BPK PENABUR,20219586,SK SISWA,11,ORANG,2019
1372,32,JAWA BARAT,3273,KOTA BANDUNG,3273200,BANDUNG WETAN,32.73.09,BANDUNG WETAN,SD KRISTEN BAPTIS,20219584,SK SISWA,7,ORANG,2019
1373,32,JAWA BARAT,3273,KOTA BANDUNG,3273200,BANDUNG WETAN,32.73.09,BANDUNG WETAN,SD KRISTEN BPK PENABUR BANDA,20268647,SK SISWA,1,ORANG,2019
1374,32,JAWA BARAT,3273,KOTA BANDUNG,3273040,BOJONGLOA KIDUL,32.73.17,BOJONGLOA KIDUL,SD KRISTEN BPK PENABUR SINGGASANA,69760835,SK SISWA,4,ORANG,2019
1375,32,JAWA BARAT,3273,KOTA BANDUNG,3273010,BANDUNG KULON,32.73.15,BANDUNG KULON,SD KRISTEN BPK PENABUR TAMAN HOLIS INDAH,20219822,SK SISWA,8,ORANG,2019
1376,32,JAWA BARAT,3273,KOTA BANDUNG,3273190,CICENDO,32.73.06,CICENDO,SD KRISTEN BPPK,20219858,SK SISWA,5,ORANG,2019
1377,32,JAWA BARAT,3273,KOTA BANDUNG,3273040,BOJONGLOA KIDUL,32.73.17,BOJONGLOA KIDUL,SD KRISTEN DIAN EMAS,20219845,SK SISWA,2,ORANG,2019
1378,32,JAWA BARAT,3273,KOTA BANDUNG,3273050,ASTANAANYAR,32.73.10,ASTANA ANYAR,SD KRISTEN GAMALIEL,20219844,SK SISWA,12,ORANG,2019
1379,32,JAWA BARAT,3273,KOTA BANDUNG,3273260,CIDADAP,32.73.08,CIDADAP,SD KRISTEN HIDUP BARU,20258399,SK SISWA,4,ORANG,2019
1380,32,JAWA BARAT,3273,KOTA BANDUNG,3273060,REGOL,32.73.11,REGOL,SD KRISTEN KALAM KUDUS,20219843,SK SISWA,4,ORANG,2019
1381,32,JAWA BARAT,3273,KOTA BANDUNG,3273010,BANDUNG KULON,32.73.15,BANDUNG KULON,SD KRISTEN PELITA,20219842,SK SISWA,5,ORANG,2019
1382,32,JAWA BARAT,3273,KOTA BANDUNG,3273180,ANDIR,32.73.05,ANDIR,SD KRISTEN TRIMULIA,20219840,SK SISWA,3,ORANG,2019
1383,32,JAWA BARAT,3273,KOTA BANDUNG,3273200,BANDUNG WETAN,32.73.09,BANDUNG WETAN,SD KRISTEN YAHYA,20219839,SK SISWA,6,ORANG,2019
1384,32,JAWA BARAT,3273,KOTA BANDUNG,3273260,CIDADAP,32.73.08,CIDADAP,SD KUNTUM CEMERLANG,20255260,SK SISWA,1,ORANG,2019
1385,32,JAWA BARAT,3273,KOTA BANDUNG,3273250,SUKASARI,32.73.01,SUKASARI,SD LABORATORIUM PERCONTOHAN UPI,20252973,SK SISWA,9,ORANG,2019
1386,32,JAWA BARAT,3273,KOTA BANDUNG,3273200,BANDUNG WETAN,32.73.09,BANDUNG WETAN,SD LINGGAWASTU,20219838,SK SISWA,139,ORANG,2019
1387,32,JAWA BARAT,3273,KOTA BANDUNG,3273180,ANDIR,32.73.05,ANDIR,SD LPPN,20219837,SK SISWA,171,ORANG,2019
1388,32,JAWA BARAT,3273,KOTA BANDUNG,3273180,ANDIR,32.73.05,ANDIR,SD MALEBER BARAT,20219846,SK SISWA,47,ORANG,2019
1389,32,JAWA BARAT,3273,KOTA BANDUNG,3273180,ANDIR,32.73.05,ANDIR,SD MALEBER SELATAN,20219847,SK SISWA,51,ORANG,2019
1390,32,JAWA BARAT,3273,KOTA BANDUNG,3273180,ANDIR,32.73.05,ANDIR,SD MALEBER UTARA,20219848,SK SISWA,41,ORANG,2019
1391,32,JAWA BARAT,3273,KOTA BANDUNG,3273180,ANDIR,32.73.05,ANDIR,SD MARIA BINTANG LAUT,20219857,SK SISWA,6,ORANG,2019
1392,32,JAWA BARAT,3273,KOTA BANDUNG,3273200,BANDUNG WETAN,32.73.09,BANDUNG WETAN,SD MATHLAUL KHAIRIYAH,20219856,SK SISWA,168,ORANG,2019
1393,32,JAWA BARAT,3273,KOTA BANDUNG,3273220,CIBEUNYING KALER,32.73.18,CIBEUNYING KALER,SD MELANIA,20219883,SK SISWA,12,ORANG,2019
1394,32,JAWA BARAT,3273,KOTA BANDUNG,3273250,SUKASARI,32.73.01,SUKASARI,SD MIFTAHUL IMAN,20219855,SK SISWA,119,ORANG,2019
1395,32,JAWA BARAT,3273,KOTA BANDUNG,3273070,LENGKONG,32.73.13,LENGKONG,SD MUHAMMADIYAH 1,20219854,SK SISWA,68,ORANG,2019
1396,32,JAWA BARAT,3273,KOTA BANDUNG,3273150,KIARACONDONG,32.73.16,KIARACONDONG,SD MUHAMMADIYAH 2,20219853,SK SISWA,123,ORANG,2019
1397,32,JAWA BARAT,3273,KOTA BANDUNG,3273210,CIBEUNYING KIDUL,32.73.14,CIBEUNYING KIDUL,SD MUHAMMADIYAH 3,20219852,SK SISWA,15,ORANG,2019
1398,32,JAWA BARAT,3273,KOTA BANDUNG,3273240,SUKAJADI,32.73.07,SUKAJADI,SD MUHAMMADIYAH 4,20219851,SK SISWA,140,ORANG,2019
1399,32,JAWA BARAT,3273,KOTA BANDUNG,3273040,BOJONGLOA KIDUL,32.73.17,BOJONGLOA KIDUL,SD MUHAMMADIYAH 5,20219850,SK SISWA,105,ORANG,2019
1400,32,JAWA BARAT,3273,KOTA BANDUNG,3273260,CIDADAP,32.73.08,CIDADAP,SD MUHAMMADIYAH 6,20219849,SK SISWA,100,ORANG,2019
1401,32,JAWA BARAT,3273,KOTA BANDUNG,3273141,ANTAPANI,32.73.20,ANTAPANI,SD MUHAMMADIYAH 7,20219836,SK SISWA,40,ORANG,2019
1402,32,JAWA BARAT,3273,KOTA BANDUNG,3273111,PANYILEUKAN,32.73.28,PANYILEUKAN,SD MUHAMMADIYAH 8,20219835,SK SISWA,170,ORANG,2019
1403,32,JAWA BARAT,3273,KOTA BANDUNG,3273180,ANDIR,32.73.05,ANDIR,SD MUTIARA,20219834,SK SISWA,144,ORANG,2019
1404,32,JAWA BARAT,3273,KOTA BANDUNG,3273130,ARCAMANIK,32.73.24,ARCAMANIK,SD MUTIARA BUNDA,20253757,SK SISWA,10,ORANG,2019
1405,32,JAWA BARAT,3273,KOTA BANDUNG,3273060,REGOL,32.73.11,REGOL,SD NUGRAHA,20219821,SK SISWA,48,ORANG,2019
1406,32,JAWA BARAT,3273,KOTA BANDUNG,3273190,CICENDO,32.73.06,CICENDO,SD PANDU,20219820,SK SISWA,7,ORANG,2019
1407,32,JAWA BARAT,3273,KOTA BANDUNG,3273020,BABAKAN CIPARAY,32.73.03,BABAKAN CIPARAY,SD PANGKALAN,20219819,SK SISWA,29,ORANG,2019
1408,32,JAWA BARAT,3273,KOTA BANDUNG,3273170,SUMUR BANDUNG,32.73.19,SUMUR BANDUNG,SD PARDOMUAN,20219818,SK SISWA,30,ORANG,2019
1409,32,JAWA BARAT,3273,KOTA BANDUNG,3273170,SUMUR BANDUNG,32.73.19,SUMUR BANDUNG,SD PASUNDAN 1,20219817,SK SISWA,24,ORANG,2019
1410,32,JAWA BARAT,3273,KOTA BANDUNG,3273020,BABAKAN CIPARAY,32.73.03,BABAKAN CIPARAY,SD PASUNDAN 2,20219816,SK SISWA,202,ORANG,2019
1411,32,JAWA BARAT,3273,KOTA BANDUNG,3273020,BABAKAN CIPARAY,32.73.03,BABAKAN CIPARAY,SD PASUNDAN 3,20219815,SK SISWA,183,ORANG,2019
1412,32,JAWA BARAT,3273,KOTA BANDUNG,3273210,CIBEUNYING KIDUL,32.73.14,CIBEUNYING KIDUL,SD PELITA,20219814,SK SISWA,48,ORANG,2019
1413,32,JAWA BARAT,3273,KOTA BANDUNG,3273050,ASTANAANYAR,32.73.10,ASTANA ANYAR,SD PELITA BANGSA,20253917,SK SISWA,8,ORANG,2019
1414,32,JAWA BARAT,3273,KOTA BANDUNG,3273030,BOJONGLOA KALER,32.73.04,BOJONGLOA KALER,SD PELITA FAJAR,60728783,SK SISWA,3,ORANG,2019
1415,32,JAWA BARAT,3273,KOTA BANDUNG,3273190,CICENDO,32.73.06,CICENDO,SD PELITA JASA,20219813,SK SISWA,146,ORANG,2019
1416,32,JAWA BARAT,3273,KOTA BANDUNG,3273250,SUKASARI,32.73.01,SUKASARI,SD PELITA NUSANTARA,20247253,SK SISWA,3,ORANG,2019
1417,32,JAWA BARAT,3273,KOTA BANDUNG,3273200,BANDUNG WETAN,32.73.09,BANDUNG WETAN,SD PERTIWI,20219823,SK SISWA,174,ORANG,2019
1418,32,JAWA BARAT,3273,KOTA BANDUNG,3273060,REGOL,32.73.11,REGOL,SD PLUS AL FATWA,20246728,SK SISWA,28,ORANG,2019
1419,32,JAWA BARAT,3273,KOTA BANDUNG,3273130,ARCAMANIK,32.73.24,ARCAMANIK,SD PLUS AL GHIFARI,20219824,SK SISWA,7,ORANG,2019
1420,32,JAWA BARAT,3273,KOTA BANDUNG,3273120,UJUNG BERUNG,32.73.26,UJUNGBERUNG,SD PLUS BAITURRAHMAN,20247254,SK SISWA,40,ORANG,2019
1421,32,JAWA BARAT,3273,KOTA BANDUNG,3273180,ANDIR,32.73.05,ANDIR,SD PRASISTHA,20219833,SK SISWA,14,ORANG,2019
1422,32,JAWA BARAT,3273,KOTA BANDUNG,3273200,BANDUNG WETAN,32.73.09,BANDUNG WETAN,SD PRIANGAN ISTIQAMAH,20219832,SK SISWA,9,ORANG,2019
1423,32,JAWA BARAT,3273,KOTA BANDUNG,3273230,COBLONG,32.73.02,COBLONG,SD PROF. DR. MOESTOPO,20219830,SK SISWA,3,ORANG,2019
1424,32,JAWA BARAT,3273,KOTA BANDUNG,3273180,ANDIR,32.73.05,ANDIR,SD RAJAWALI,20219829,SK SISWA,19,ORANG,2019
1425,32,JAWA BARAT,3273,KOTA BANDUNG,3273130,ARCAMANIK,32.73.24,ARCAMANIK,SD RANCAKASUMBA,20219828,SK SISWA,99,ORANG,2019
1426,32,JAWA BARAT,3273,KOTA BANDUNG,3273060,REGOL,32.73.11,REGOL,SD REHOBOTH,20219841,SK SISWA,5,ORANG,2019
1427,32,JAWA BARAT,3273,KOTA BANDUNG,3273111,PANYILEUKAN,32.73.28,PANYILEUKAN,SD SAINS AL BIRUNI,20219827,SK SISWA,5,ORANG,2019
1428,32,JAWA BARAT,3273,KOTA BANDUNG,3273230,COBLONG,32.73.02,COBLONG,SD SALMAN AL FARISI,20253819,SK SISWA,7,ORANG,2019
1429,32,JAWA BARAT,3273,KOTA BANDUNG,3273020,BABAKAN CIPARAY,32.73.03,BABAKAN CIPARAY,SD SALUYU,20219826,SK SISWA,50,ORANG,2019
1430,32,JAWA BARAT,3273,KOTA BANDUNG,3273170,SUMUR BANDUNG,32.73.19,SUMUR BANDUNG,SD SANTA ANGELA,20219825,SK SISWA,4,ORANG,2019
1431,32,JAWA BARAT,3273,KOTA BANDUNG,3273200,BANDUNG WETAN,32.73.09,BANDUNG WETAN,SD SANTA URSULA,20219812,SK SISWA,6,ORANG,2019
1432,32,JAWA BARAT,3273,KOTA BANDUNG,3273200,BANDUNG WETAN,32.73.09,BANDUNG WETAN,SD SANTO AGUSTINUS,20219894,SK SISWA,1,ORANG,2019
1433,32,JAWA BARAT,3273,KOTA BANDUNG,3273200,BANDUNG WETAN,32.73.09,BANDUNG WETAN,SD SANTO ALOYSIUS TR,20219893,SK SISWA,8,ORANG,2019
1434,32,JAWA BARAT,3273,KOTA BANDUNG,3273170,SUMUR BANDUNG,32.73.19,SUMUR BANDUNG,SD SANTO YUSUP,20219892,SK SISWA,4,ORANG,2019
1435,32,JAWA BARAT,3273,KOTA BANDUNG,3273210,CIBEUNYING KIDUL,32.73.14,CIBEUNYING KIDUL,SD SANTO YUSUP I,20253862,SK SISWA,6,ORANG,2019
1436,32,JAWA BARAT,3273,KOTA BANDUNG,3273220,CIBEUNYING KALER,32.73.18,CIBEUNYING KALER,SD SEJATI,20219891,SK SISWA,54,ORANG,2019
1437,32,JAWA BARAT,3273,KOTA BANDUNG,3273240,SUKAJADI,32.73.07,SUKAJADI,SD SEMI PALAR,69883610,SK SISWA,1,ORANG,2019
1438,32,JAWA BARAT,3273,KOTA BANDUNG,3273260,CIDADAP,32.73.08,CIDADAP,SD SURUUR,20219887,SK SISWA,30,ORANG,2019
1439,32,JAWA BARAT,3273,KOTA BANDUNG,3273010,BANDUNG KULON,32.73.15,BANDUNG KULON,SD SURYANI DWI MARGA,20219889,SK SISWA,96,ORANG,2019
1440,32,JAWA BARAT,3273,KOTA BANDUNG,3273030,BOJONGLOA KALER,32.73.04,BOJONGLOA KALER,SD SWADAYA 1,20219886,SK SISWA,62,ORANG,2019
1441,32,JAWA BARAT,3273,KOTA BANDUNG,3273200,BANDUNG WETAN,32.73.09,BANDUNG WETAN,SD TARUNA BAKTI,20219885,SK SISWA,2,ORANG,2019
1442,32,JAWA BARAT,3273,KOTA BANDUNG,3273250,SUKASARI,32.73.01,SUKASARI,SD TEMASEK INDEPENDENT SCHOOL,69935556,SK SISWA,3,ORANG,2019
1443,32,JAWA BARAT,3273,KOTA BANDUNG,3273110,CIBIRU,32.73.25,CIBIRU,SD TERPADU KRIDA NUSANTARA,20246469,SK SISWA,4,ORANG,2019
1444,32,JAWA BARAT,3273,KOTA BANDUNG,3273080,BANDUNG KIDUL,32.73.21,BANDUNG KIDUL,SD TIARA BUNDA,20268416,SK SISWA,3,ORANG,2019
1445,32,JAWA BARAT,3273,KOTA BANDUNG,3273160,BATUNUNGGAL,32.73.12,BATUNUNGGAL,SD TRIKARSA,20219884,SK SISWA,158,ORANG,2019
1446,32,JAWA BARAT,3273,KOTA BANDUNG,3273090,BUAHBATU,32.73.22,BUAHBATU,SD TULUS KARTIKA,20219895,SK SISWA,10,ORANG,2019
1447,32,JAWA BARAT,3273,KOTA BANDUNG,3273142,MANDALAJATI,32.73.30,MANDALAJATI,SD TUNAS UNGGUL,20219896,SK SISWA,5,ORANG,2019
1448,32,JAWA BARAT,3273,KOTA BANDUNG,3273240,SUKAJADI,32.73.07,SUKAJADI,SD UCHUWWATUL ISLAM,20219897,SK SISWA,50,ORANG,2019
1449,32,JAWA BARAT,3273,KOTA BANDUNG,3273180,ANDIR,32.73.05,ANDIR,SD WINDU PUTRA,20219907,SK SISWA,84,ORANG,2019
1450,32,JAWA BARAT,3273,KOTA BANDUNG,3273200,BANDUNG WETAN,32.73.09,BANDUNG WETAN,SD YAKESWA,20219906,SK SISWA,80,ORANG,2019
1451,32,JAWA BARAT,3273,KOTA BANDUNG,3273050,ASTANAANYAR,32.73.10,ASTANA ANYAR,SD YAMI,20219905,SK SISWA,227,ORANG,2019
1452,32,JAWA BARAT,3273,KOTA BANDUNG,3273210,CIBEUNYING KIDUL,32.73.14,CIBEUNYING KIDUL,SD YAYASAN ATIKAN SUNDA,20219904,SK SISWA,34,ORANG,2019
1453,32,JAWA BARAT,3273,KOTA BANDUNG,3273070,LENGKONG,32.73.13,LENGKONG,SD YAYASAN BERIBU,20247256,SK SISWA,49,ORANG,2019
1454,32,JAWA BARAT,3273,KOTA BANDUNG,3273200,BANDUNG WETAN,32.73.09,BANDUNG WETAN,SD YKPPK,20253349,SK SISWA,32,ORANG,2019
1455,32,JAWA BARAT,3273,KOTA BANDUNG,3273060,REGOL,32.73.11,REGOL,SD YOS SUDARSO,20246460,SK SISWA,12,ORANG,2019
1456,32,JAWA BARAT,3273,KOTA BANDUNG,3273190,CICENDO,32.73.06,CICENDO,SD YPI,20253257,SK SISWA,42,ORANG,2019
1457,32,JAWA BARAT,3273,KOTA BANDUNG,3273160,BATUNUNGGAL,32.73.12,BATUNUNGGAL,SD YPU,20219902,SK SISWA,195,ORANG,2019
1458,32,JAWA BARAT,3273,KOTA BANDUNG,3273180,ANDIR,32.73.05,ANDIR,SD YWKA REL HOMY SCHOOL,20219901,SK SISWA,23,ORANG,2019
1459,32,JAWA BARAT,3273,KOTA BANDUNG,3273020,BABAKAN CIPARAY,32.73.03,BABAKAN CIPARAY,SKB UPT KOTA BANDUNG,P9962758,SK SISWA,8,ORANG,2019
1460,32,JAWA BARAT,3273,KOTA BANDUNG,3273110,CIBIRU,32.73.25,CIBIRU,SLB ABCDE LOB,20280599,SK SISWA,13,ORANG,2019
1461,32,JAWA BARAT,3273,KOTA BANDUNG,3273090,BUAHBATU,32.73.22,BUAHBATU,SLB AZ-ZAKIYAH,20280597,SK SISWA,7,ORANG,2019
1462,32,JAWA BARAT,3273,KOTA BANDUNG,3273150,KIARACONDONG,32.73.16,KIARACONDONG,SLB B KARYA BHAKTI,20219869,SK SISWA,9,ORANG,2019
1463,32,JAWA BARAT,3273,KOTA BANDUNG,3273110,CIBIRU,32.73.25,CIBIRU,SLB B SILIH ASIH,20219864,SK SISWA,3,ORANG,2019
1464,32,JAWA BARAT,3273,KOTA BANDUNG,3273150,KIARACONDONG,32.73.16,KIARACONDONG,SLB B SUKAPURA,20219863,SK SISWA,23,ORANG,2019
1465,32,JAWA BARAT,3273,KOTA BANDUNG,3273141,ANTAPANI,32.73.20,ANTAPANI,SLB B SUMBERSARI,20219862,SK SISWA,8,ORANG,2019
1466,32,JAWA BARAT,3273,KOTA BANDUNG,3273100,RANCASARI,32.73.23,RANCASARI,SLB BC BINA KASIH,20219877,SK SISWA,22,ORANG,2019
1467,32,JAWA BARAT,3273,KOTA BANDUNG,3273090,BUAHBATU,32.73.22,BUAHBATU,SLB BC HIKMAT,20219879,SK SISWA,16,ORANG,2019
1468,32,JAWA BARAT,3273,KOTA BANDUNG,3273100,RANCASARI,32.73.23,RANCASARI,SLB BC NIKE ARDILA YPWN,20219876,SK SISWA,6,ORANG,2019
1469,32,JAWA BARAT,3273,KOTA BANDUNG,3273040,BOJONGLOA KIDUL,32.73.17,BOJONGLOA KIDUL,SLB BC YPLAB CIBADUYUT,20280596,SK SISWA,15,ORANG,2019
1470,32,JAWA BARAT,3273,KOTA BANDUNG,3273070,LENGKONG,32.73.13,LENGKONG,SLB BC YPLAB WARTAWAN,20219875,SK SISWA,7,ORANG,2019
1471,32,JAWA BARAT,3273,KOTA BANDUNG,3273030,BOJONGLOA KALER,32.73.04,BOJONGLOA KALER,SLB C BUDAYA BANGSA,20219871,SK SISWA,11,ORANG,2019
1472,32,JAWA BARAT,3273,KOTA BANDUNG,3273210,CIBEUNYING KIDUL,32.73.14,CIBEUNYING KIDUL,SLB C KARYA BAKTI,20219872,SK SISWA,2,ORANG,2019
1473,32,JAWA BARAT,3273,KOTA BANDUNG,3273110,CIBIRU,32.73.25,CIBIRU,SLB C SILIH ASIH,20219882,SK SISWA,11,ORANG,2019
1474,32,JAWA BARAT,3273,KOTA BANDUNG,3273150,KIARACONDONG,32.73.16,KIARACONDONG,SLB C SUKAPURA,20219811,SK SISWA,19,ORANG,2019
1475,32,JAWA BARAT,3273,KOTA BANDUNG,3273141,ANTAPANI,32.73.20,ANTAPANI,SLB C SUMBER SARI,20219761,SK SISWA,18,ORANG,2019
1476,32,JAWA BARAT,3273,KOTA BANDUNG,3273120,UJUNG BERUNG,32.73.26,UJUNGBERUNG,SLB YRBB,20280600,SK SISWA,5,ORANG,2019
1477,32,JAWA BARAT,3273,KOTA BANDUNG,3273230,COBLONG,32.73.02,COBLONG,SPLB C YPLB,20219746,SK SISWA,6,ORANG,2019
1478,32,JAWA BARAT,3273,KOTA BANDUNG,3273120,UJUNG BERUNG,32.73.26,UJUNGBERUNG,HS HAYAT SCHOOL,P9970624,SK SISWA,20,ORANG,2019
1479,32,JAWA BARAT,3273,KOTA BANDUNG,3273100,RANCASARI,32.73.23,RANCASARI,PKBM AKSI,P2960324,SK SISWA,5,ORANG,2019
1480,32,JAWA BARAT,3273,KOTA BANDUNG,3273180,ANDIR,32.73.05,ANDIR,PKBM AL-AMIN,P2960910,SK SISWA,7,ORANG,2019
1481,32,JAWA BARAT,3273,KOTA BANDUNG,3273240,SUKAJADI,32.73.07,SUKAJADI,PKBM AL-LATHIF,P2961011,SK SISWA,97,ORANG,2019
1482,32,JAWA BARAT,3273,KOTA BANDUNG,3273120,UJUNG BERUNG,32.73.26,UJUNGBERUNG,PKBM ALDYKA PUTRA,P2961063,SK SISWA,9,ORANG,2019
1483,32,JAWA BARAT,3273,KOTA BANDUNG,3273210,CIBEUNYING KIDUL,32.73.14,CIBEUNYING KIDUL,PKBM AS SYAADAH,P9908904,SK SISWA,34,ORANG,2019
1484,32,JAWA BARAT,3273,KOTA BANDUNG,3273020,BABAKAN CIPARAY,32.73.03,BABAKAN CIPARAY,PKBM BAHTERA,P2961050,SK SISWA,3,ORANG,2019
1485,32,JAWA BARAT,3273,KOTA BANDUNG,3273120,UJUNG BERUNG,32.73.26,UJUNGBERUNG,PKBM BINA CIPTA,P2962425,SK SISWA,9,ORANG,2019
1486,32,JAWA BARAT,3273,KOTA BANDUNG,3273170,SUMUR BANDUNG,32.73.19,SUMUR BANDUNG,PKBM BINA EKAMULIA,P2961002,SK SISWA,1,ORANG,2019
1487,32,JAWA BARAT,3273,KOTA BANDUNG,3273230,COBLONG,32.73.02,COBLONG,PKBM BINA MANDIRI CENTER,P9926276,SK SISWA,4,ORANG,2019
1488,32,JAWA BARAT,3273,KOTA BANDUNG,3273010,BANDUNG KULON,32.73.15,BANDUNG KULON,PKBM BINTANG HARAPAN,P9952573,SK SISWA,79,ORANG,2019
1489,32,JAWA BARAT,3273,KOTA BANDUNG,3273150,KIARACONDONG,32.73.16,KIARACONDONG,PKBM BONTI SUKSES ABADI,P9952613,SK SISWA,6,ORANG,2019
1490,32,JAWA BARAT,3273,KOTA BANDUNG,3273030,BOJONGLOA KALER,32.73.04,BOJONGLOA KALER,PKBM BUDAYA BANGSA,P2960320,SK SISWA,9,ORANG,2019
1491,32,JAWA BARAT,3273,KOTA BANDUNG,3273150,KIARACONDONG,32.73.16,KIARACONDONG,PKBM CITRA BANGSA,P2961081,SK SISWA,3,ORANG,2019
1492,32,JAWA BARAT,3273,KOTA BANDUNG,3273010,BANDUNG KULON,32.73.15,BANDUNG KULON,PKBM CITRA PRIANGAN,P2961055,SK SISWA,3,ORANG,2019
1493,32,JAWA BARAT,3273,KOTA BANDUNG,3273210,CIBEUNYING KIDUL,32.73.14,CIBEUNYING KIDUL,PKBM CSBI,P2961023,SK SISWA,9,ORANG,2019
1494,32,JAWA BARAT,3273,KOTA BANDUNG,3273142,MANDALAJATI,32.73.30,MANDALAJATI,PKBM DARMA CITA,P9948544,SK SISWA,9,ORANG,2019
1495,32,JAWA BARAT,3273,KOTA BANDUNG,3273010,BANDUNG KULON,32.73.15,BANDUNG KULON,PKBM HOLIS,P9952429,SK SISWA,12,ORANG,2019
1496,32,JAWA BARAT,3273,KOTA BANDUNG,3273070,LENGKONG,32.73.13,LENGKONG,PKBM HOME SCHOOLING PEWARIS BANGSA,P2962412,SK SISWA,111,ORANG,2019
1497,32,JAWA BARAT,3273,KOTA BANDUNG,3273121,CINAMBO,32.73.29,CINAMBO,PKBM INTAN,P9948537,SK SISWA,28,ORANG,2019
1498,32,JAWA BARAT,3273,KOTA BANDUNG,3273050,ASTANAANYAR,32.73.10,ASTANA ANYAR,PKBM JATIWARINGIN,P9948608,SK SISWA,1,ORANG,2019
1499,32,JAWA BARAT,3273,KOTA BANDUNG,3273150,KIARACONDONG,32.73.16,KIARACONDONG,PKBM KARYA REMAJA,P9934597,SK SISWA,18,ORANG,2019
1500,32,JAWA BARAT,3273,KOTA BANDUNG,3273010,BANDUNG KULON,32.73.15,BANDUNG KULON,PKBM MDC (MASA DEPAN CERAH),P9908903,SK SISWA,27,ORANG,2019
1501,32,JAWA BARAT,3273,KOTA BANDUNG,3273070,LENGKONG,32.73.13,LENGKONG,PKBM MINDA UTAMA,P2961035,SK SISWA,19,ORANG,2019
1502,32,JAWA BARAT,3273,KOTA BANDUNG,3273030,BOJONGLOA KALER,32.73.04,BOJONGLOA KALER,PKBM MOTEKAR BANGSA,P9970495,SK SISWA,13,ORANG,2019
1503,32,JAWA BARAT,3273,KOTA BANDUNG,3273142,MANDALAJATI,32.73.30,MANDALAJATI,PKBM NURA AMALIA,P9952433,SK SISWA,4,ORANG,2019
1504,32,JAWA BARAT,3273,KOTA BANDUNG,3273120,UJUNG BERUNG,32.73.26,UJUNGBERUNG,PKBM PATRAKOMALA,P2961059,SK SISWA,2,ORANG,2019
1505,32,JAWA BARAT,3273,KOTA BANDUNG,3273230,COBLONG,32.73.02,COBLONG,PKBM PELITA PRATAMA,P2961017,SK SISWA,49,ORANG,2019
1506,32,JAWA BARAT,3273,KOTA BANDUNG,3273110,CIBIRU,32.73.25,CIBIRU,PKBM PERCEKA,P2960921,SK SISWA,7,ORANG,2019
1507,32,JAWA BARAT,3273,KOTA BANDUNG,3273141,ANTAPANI,32.73.20,ANTAPANI,PKBM RAHARJA,P2961056,SK SISWA,5,ORANG,2019
1508,32,JAWA BARAT,3273,KOTA BANDUNG,3273080,BANDUNG KIDUL,32.73.21,BANDUNG KIDUL,PKBM SEKOLAH RUMAH PRIMAGAMA,P2962219,SK SISWA,30,ORANG,2019
1509,32,JAWA BARAT,3273,KOTA BANDUNG,3273210,CIBEUNYING KIDUL,32.73.14,CIBEUNYING KIDUL,PKBM SEKOLAH RUMAH TAMAN SEKAR BANDUNG,P2961010,SK SISWA,24,ORANG,2019
1510,32,JAWA BARAT,3273,KOTA BANDUNG,3273170,SUMUR BANDUNG,32.73.19,SUMUR BANDUNG,PKBM SILIWANGI 2,P2960317,SK SISWA,24,ORANG,2019
1511,32,JAWA BARAT,3273,KOTA BANDUNG,3273240,SUKAJADI,32.73.07,SUKAJADI,PKBM SUKAJADI,P9948546,SK SISWA,8,ORANG,2019
1512,32,JAWA BARAT,3273,KOTA BANDUNG,3273121,CINAMBO,32.73.29,CINAMBO,PKBM SUKAMULYA,P2961080,SK SISWA,8,ORANG,2019
1513,32,JAWA BARAT,3273,KOTA BANDUNG,3273210,CIBEUNYING KIDUL,32.73.14,CIBEUNYING KIDUL,PKBM TUNAS HARAPAN 1,P2960998,SK SISWA,5,ORANG,2019
1514,32,JAWA BARAT,3273,KOTA BANDUNG,3273070,LENGKONG,32.73.13,LENGKONG,PKBM ULUL ALBAB,P2961009,SK SISWA,5,ORANG,2019
1515,32,JAWA BARAT,3273,KOTA BANDUNG,3273110,CIBIRU,32.73.25,CIBIRU,PKBM WIJAYAKUSUMAH,P2961065,SK SISWA,13,ORANG,2019
1516,32,JAWA BARAT,3273,KOTA BANDUNG,3273170,SUMUR BANDUNG,32.73.19,SUMUR BANDUNG,SDN 001 MERDEKA KOTA BANDUNG,20245231,AKTIVASI SISWA,59,ORANG,2019
1517,32,JAWA BARAT,3273,KOTA BANDUNG,3273180,ANDIR,32.73.05,ANDIR,SDN 002 KARANGMULYA KOTA BANDUNG,20245212,AKTIVASI SISWA,113,ORANG,2019
1518,32,JAWA BARAT,3273,KOTA BANDUNG,3273050,ASTANAANYAR,32.73.10,ASTANA ANYAR,SDN 003 PAGARSIH KOTA BANDUNG,20245064,AKTIVASI SISWA,347,ORANG,2019
1519,32,JAWA BARAT,3273,KOTA BANDUNG,3273130,ARCAMANIK,32.73.24,ARCAMANIK,SDN 004 CISARANTEN KULON KOTA BANDUNG,20245530,AKTIVASI SISWA,167,ORANG,2019
1520,32,JAWA BARAT,3273,KOTA BANDUNG,3273020,BABAKAN CIPARAY,32.73.03,BABAKAN CIPARAY,SDN 005 BABAKAN CIPARAY KOTA BANDUNG,20245011,AKTIVASI SISWA,135,ORANG,2019
1521,32,JAWA BARAT,3273,KOTA BANDUNG,3273090,BUAHBATU,32.73.22,BUAHBATU,SDN 006 BUAHBATU KOTA BANDUNG,20245122,AKTIVASI SISWA,256,ORANG,2019
1522,32,JAWA BARAT,3273,KOTA BANDUNG,3273230,COBLONG,32.73.02,COBLONG,SDN 007 CIPAGANTI KOTA BANDUNG,20245525,AKTIVASI SISWA,93,ORANG,2019
1523,32,JAWA BARAT,3273,KOTA BANDUNG,3273060,REGOL,32.73.11,REGOL,SDN 008 MOHAMAD TOHA KOTA BANDUNG,20245238,AKTIVASI SISWA,43,ORANG,2019
1524,32,JAWA BARAT,3273,KOTA BANDUNG,3273142,MANDALAJATI,32.73.30,MANDALAJATI,SDN 009 CIKADUT KOTA BANDUNG,20245520,AKTIVASI SISWA,155,ORANG,2019
1525,32,JAWA BARAT,3273,KOTA BANDUNG,3273260,CIDADAP,32.73.08,CIDADAP,SDN 010 CIDADAP KOTA BANDUNG,20245138,AKTIVASI SISWA,16,ORANG,2019
1526,32,JAWA BARAT,3273,KOTA BANDUNG,3273010,BANDUNG KULON,32.73.15,BANDUNG KULON,SDN 011 CIBUNTU KOTA BANDUNG,20244743,AKTIVASI SISWA,121,ORANG,2019
1527,32,JAWA BARAT,3273,KOTA BANDUNG,3273020,BABAKAN CIPARAY,32.73.03,BABAKAN CIPARAY,SDN 012 BABAKAN CIPARAY KOTA BANDUNG,20245013,AKTIVASI SISWA,148,ORANG,2019
1528,32,JAWA BARAT,3273,KOTA BANDUNG,3273190,CICENDO,32.73.06,CICENDO,SDN 013 PASIRKALIKI KOTA BANDUNG,20245742,AKTIVASI SISWA,107,ORANG,2019
1529,32,JAWA BARAT,3273,KOTA BANDUNG,3273010,BANDUNG KULON,32.73.15,BANDUNG KULON,SDN 014 CIGONDEWAH KOTA BANDUNG,20244836,AKTIVASI SISWA,257,ORANG,2019
1530,32,JAWA BARAT,3273,KOTA BANDUNG,3273190,CICENDO,32.73.06,CICENDO,SDN 015 KRESNA KOTA BANDUNG,20245706,AKTIVASI SISWA,175,ORANG,2019
1531,32,JAWA BARAT,3273,KOTA BANDUNG,3273190,CICENDO,32.73.06,CICENDO,SDN 016 DR. CIPTO PAJAJARAN KOTA BANDUNG,20245566,AKTIVASI SISWA,82,ORANG,2019
1532,32,JAWA BARAT,3273,KOTA BANDUNG,3273150,KIARACONDONG,32.73.16,KIARACONDONG,SDN 017 SEKEJATI KOTA BANDUNG,20245760,AKTIVASI SISWA,182,ORANG,2019
1533,32,JAWA BARAT,3273,KOTA BANDUNG,3273240,SUKAJADI,32.73.07,SUKAJADI,SDN 018 SUKAGALIH KOTA BANDUNG,20245266,AKTIVASI SISWA,111,ORANG,2019
1534,32,JAWA BARAT,3273,KOTA BANDUNG,3273050,ASTANAANYAR,32.73.10,ASTANA ANYAR,SDN 019 PABAKI KOTA BANDUNG,20245054,AKTIVASI SISWA,764,ORANG,2019
1535,32,JAWA BARAT,3273,KOTA BANDUNG,3273060,REGOL,32.73.11,REGOL,SDN 020 LENGKONG BESAR KOTA BANDUNG,20245219,AKTIVASI SISWA,232,ORANG,2019
1536,32,JAWA BARAT,3273,KOTA BANDUNG,3273120,UJUNG BERUNG,32.73.26,UJUNGBERUNG,SDN 021 CIPOREAT KOTA BANDUNG,20245527,AKTIVASI SISWA,262,ORANG,2019
1537,32,JAWA BARAT,3273,KOTA BANDUNG,3273210,CIBEUNYING KIDUL,32.73.14,CIBEUNYING KIDUL,SDN 022 CICADAS KOTA BANDUNG,20245153,AKTIVASI SISWA,188,ORANG,2019
1538,32,JAWA BARAT,3273,KOTA BANDUNG,3273050,ASTANAANYAR,32.73.10,ASTANA ANYAR,SDN 023 PAJAGALAN KOTA BANDUNG,20244745,AKTIVASI SISWA,85,ORANG,2019
1539,32,JAWA BARAT,3273,KOTA BANDUNG,3273230,COBLONG,32.73.02,COBLONG,SDN 024 COBLONG KOTA BANDUNG,20245546,AKTIVASI SISWA,144,ORANG,2019
1540,32,JAWA BARAT,3273,KOTA BANDUNG,3273220,CIBEUNYING KALER,32.73.18,CIBEUNYING KALER,SDN 025 CIKUTRA KOTA BANDUNG,20245172,AKTIVASI SISWA,249,ORANG,2019
1541,32,JAWA BARAT,3273,KOTA BANDUNG,3273040,BOJONGLOA KIDUL,32.73.17,BOJONGLOA KIDUL,SDN 026 BOJONGLOA KOTA BANDUNG,20244953,AKTIVASI SISWA,218,ORANG,2019
1542,32,JAWA BARAT,3273,KOTA BANDUNG,3273210,CIBEUNYING KIDUL,32.73.14,CIBEUNYING KIDUL,SDN 027 CICADAS KOTA BANDUNG,20245149,AKTIVASI SISWA,167,ORANG,2019
1543,32,JAWA BARAT,3273,KOTA BANDUNG,3273160,BATUNUNGGAL,32.73.12,BATUNUNGGAL,SDN 028 GUMURUH KOTA BANDUNG,20244864,AKTIVASI SISWA,235,ORANG,2019
1544,32,JAWA BARAT,3273,KOTA BANDUNG,3273110,CIBIRU,32.73.25,CIBIRU,SDN 029 CILENGKRANG KOTA BANDUNG,20245494,AKTIVASI SISWA,199,ORANG,2019
1545,32,JAWA BARAT,3273,KOTA BANDUNG,3273260,CIDADAP,32.73.08,CIDADAP,SDN 030 CIRATEUN KOTA BANDUNG,20245140,AKTIVASI SISWA,88,ORANG,2019
1546,32,JAWA BARAT,3273,KOTA BANDUNG,3273230,COBLONG,32.73.02,COBLONG,SDN 031 PELESIRAN KOTA BANDUNG,20245749,AKTIVASI SISWA,161,ORANG,2019
1547,32,JAWA BARAT,3273,KOTA BANDUNG,3273230,COBLONG,32.73.02,COBLONG,SDN 032 TILIL KOTA BANDUNG,20245822,AKTIVASI SISWA,235,ORANG,2019
1548,32,JAWA BARAT,3273,KOTA BANDUNG,3273060,REGOL,32.73.11,REGOL,SDN 033 ASMI KOTA BANDUNG,20245201,AKTIVASI SISWA,137,ORANG,2019
1549,32,JAWA BARAT,3273,KOTA BANDUNG,3273170,SUMUR BANDUNG,32.73.19,SUMUR BANDUNG,SDN 034 PATRAKOMALA KOTA BANDUNG,20245745,AKTIVASI SISWA,15,ORANG,2019
1550,32,JAWA BARAT,3273,KOTA BANDUNG,3273170,SUMUR BANDUNG,32.73.19,SUMUR BANDUNG,SDN 035 SOKA KOTA BANDUNG,20245781,AKTIVASI SISWA,32,ORANG,2019
1551,32,JAWA BARAT,3273,KOTA BANDUNG,3273120,UJUNG BERUNG,32.73.26,UJUNGBERUNG,SDN 036 UJUNGBERUNG KOTA BANDUNG,20245826,AKTIVASI SISWA,556,ORANG,2019
1552,32,JAWA BARAT,3273,KOTA BANDUNG,3273200,BANDUNG WETAN,32.73.09,BANDUNG WETAN,SDN 037 SABANG KOTA BANDUNG,20245285,AKTIVASI SISWA,2,ORANG,2019
1553,32,JAWA BARAT,3273,KOTA BANDUNG,3273150,KIARACONDONG,32.73.16,KIARACONDONG,SDN 038 KIARACONDONG KOTA BANDUNG,20245701,AKTIVASI SISWA,130,ORANG,2019
1554,32,JAWA BARAT,3273,KOTA BANDUNG,3273050,ASTANAANYAR,32.73.10,ASTANA ANYAR,SDN 039 TEGALEGA KOTA BANDUNG,20245095,AKTIVASI SISWA,80,ORANG,2019
1555,32,JAWA BARAT,3273,KOTA BANDUNG,3273080,BANDUNG KIDUL,32.73.21,BANDUNG KIDUL,SDN 040 PASAWAHAN KOTA BANDUNG,20245073,AKTIVASI SISWA,223,ORANG,2019
1556,32,JAWA BARAT,3273,KOTA BANDUNG,3273010,BANDUNG KULON,32.73.15,BANDUNG KULON,SDN 041 CIBUNTU WARUNG MUNCANG KOTA BANDUNG,20244744,AKTIVASI SISWA,164,ORANG,2019
1557,32,JAWA BARAT,3273,KOTA BANDUNG,3273160,BATUNUNGGAL,32.73.12,BATUNUNGGAL,SDN 042 GAMBIR KOTA BANDUNG,20244857,AKTIVASI SISWA,195,ORANG,2019
1558,32,JAWA BARAT,3273,KOTA BANDUNG,3273210,CIBEUNYING KIDUL,32.73.14,CIBEUNYING KIDUL,SDN 043 CIMUNCANG KOTA BANDUNG,20245178,AKTIVASI SISWA,297,ORANG,2019
1559,32,JAWA BARAT,3273,KOTA BANDUNG,3273210,CIBEUNYING KIDUL,32.73.14,CIBEUNYING KIDUL,SDN 044 CICADAS AWIGOMBONG KOTA BANDUNG,20245157,AKTIVASI SISWA,342,ORANG,2019
1560,32,JAWA BARAT,3273,KOTA BANDUNG,3273190,CICENDO,32.73.06,CICENDO,SDN 045 PASIRKALIKI KOTA BANDUNG,20245735,AKTIVASI SISWA,83,ORANG,2019
1561,32,JAWA BARAT,3273,KOTA BANDUNG,3273142,MANDALAJATI,32.73.30,MANDALAJATI,SDN 046 SINDANGLAYA KOTA BANDUNG,20245768,AKTIVASI SISWA,121,ORANG,2019
1562,32,JAWA BARAT,3273,KOTA BANDUNG,3273060,REGOL,32.73.11,REGOL,SDN 047 BALONGGEDE KOTA BANDUNG,20251861,AKTIVASI SISWA,158,ORANG,2019
1563,32,JAWA BARAT,3273,KOTA BANDUNG,3273240,SUKAJADI,32.73.07,SUKAJADI,SDN 048 SIRNAMANAH KOTA BANDUNG,20244920,AKTIVASI SISWA,160,ORANG,2019
1564,32,JAWA BARAT,3273,KOTA BANDUNG,3273180,ANDIR,32.73.05,ANDIR,SDN 049 DURMAN KOTA BANDUNG,20245193,AKTIVASI SISWA,126,ORANG,2019
1565,32,JAWA BARAT,3273,KOTA BANDUNG,3273110,CIBIRU,32.73.25,CIBIRU,SDN 050 CIBIRU KOTA BANDUNG,20245488,AKTIVASI SISWA,100,ORANG,2019
1566,32,JAWA BARAT,3273,KOTA BANDUNG,3273190,CICENDO,32.73.06,CICENDO,SDN 051 PASIRKALIKI KOTA BANDUNG,20245740,AKTIVASI SISWA,95,ORANG,2019
1567,32,JAWA BARAT,3273,KOTA BANDUNG,3273121,CINAMBO,32.73.29,CINAMBO,SDN 052 CISARANTEN WETAN GEDEBAGE KOTA BANDUNG,20245534,AKTIVASI SISWA,347,ORANG,2019
1568,32,JAWA BARAT,3273,KOTA BANDUNG,3273230,COBLONG,32.73.02,COBLONG,SDN 053 CISITU KOTA BANDUNG,20245537,AKTIVASI SISWA,184,ORANG,2019
1569,32,JAWA BARAT,3273,KOTA BANDUNG,3273230,COBLONG,32.73.02,COBLONG,SDN 054 TIKUKUR KOTA BANDUNG,20245817,AKTIVASI SISWA,188,ORANG,2019
1570,32,JAWA BARAT,3273,KOTA BANDUNG,3273142,MANDALAJATI,32.73.30,MANDALAJATI,SDN 055 JATIHANDAP KOTA BANDUNG,20245598,AKTIVASI SISWA,107,ORANG,2019
1571,32,JAWA BARAT,3273,KOTA BANDUNG,3273180,ANDIR,32.73.05,ANDIR,SDN 056 GARUDA DADALI KOTA BANDUNG,20245196,AKTIVASI SISWA,203,ORANG,2019
1572,32,JAWA BARAT,3273,KOTA BANDUNG,3273130,ARCAMANIK,32.73.24,ARCAMANIK,SDN 057 BINAHARAPAN KOTA BANDUNG,20245481,AKTIVASI SISWA,407,ORANG,2019
1573,32,JAWA BARAT,3273,KOTA BANDUNG,3273020,BABAKAN CIPARAY,32.73.03,BABAKAN CIPARAY,SDN 058 BABAKAN CIPARAY KOTA BANDUNG,20245014,AKTIVASI SISWA,111,ORANG,2019
1574,32,JAWA BARAT,3273,KOTA BANDUNG,3273020,BABAKAN CIPARAY,32.73.03,BABAKAN CIPARAY,SDN 059 CIRANGRANG KOTA BANDUNG,20245025,AKTIVASI SISWA,171,ORANG,2019
1575,32,JAWA BARAT,3273,KOTA BANDUNG,3273020,BABAKAN CIPARAY,32.73.03,BABAKAN CIPARAY,SDN 060 RAYA BARAT KOTA BANDUNG,20245078,AKTIVASI SISWA,178,ORANG,2019
1576,32,JAWA BARAT,3273,KOTA BANDUNG,3273010,BANDUNG KULON,32.73.15,BANDUNG KULON,SDN 061 CIJERAH KOTA BANDUNG,20244841,AKTIVASI SISWA,79,ORANG,2019
1577,32,JAWA BARAT,3273,KOTA BANDUNG,3273200,BANDUNG WETAN,32.73.09,BANDUNG WETAN,SDN 062 CIUJUNG KOTA BANDUNG,20245187,AKTIVASI SISWA,45,ORANG,2019
1578,32,JAWA BARAT,3273,KOTA BANDUNG,3273160,BATUNUNGGAL,32.73.12,BATUNUNGGAL,SDN 063 KEBON GEDANG KOTA BANDUNG,20245950,AKTIVASI SISWA,415,ORANG,2019
1579,32,JAWA BARAT,3273,KOTA BANDUNG,3273210,CIBEUNYING KIDUL,32.73.14,CIBEUNYING KIDUL,SDN 064 PADASUKA KOTA BANDUNG,20245247,AKTIVASI SISWA,169,ORANG,2019
1580,32,JAWA BARAT,3273,KOTA BANDUNG,3273230,COBLONG,32.73.02,COBLONG,SDN 065 CIHAMPELAS KOTA BANDUNG,20245514,AKTIVASI SISWA,139,ORANG,2019
1581,32,JAWA BARAT,3273,KOTA BANDUNG,3273070,LENGKONG,32.73.13,LENGKONG,SDN 066 HALIMUN KOTA BANDUNG,20245031,AKTIVASI SISWA,162,ORANG,2019
1582,32,JAWA BARAT,3273,KOTA BANDUNG,3273070,LENGKONG,32.73.13,LENGKONG,SDN 067 NILEM KOTA BANDUNG,20245050,AKTIVASI SISWA,64,ORANG,2019
1583,32,JAWA BARAT,3273,KOTA BANDUNG,3273142,MANDALAJATI,32.73.30,MANDALAJATI,SDN 068 SINDANGLAYA KOTA BANDUNG,20245769,AKTIVASI SISWA,191,ORANG,2019
1584,32,JAWA BARAT,3273,KOTA BANDUNG,3273100,RANCASARI,32.73.23,RANCASARI,SDN 069 CIPAMOKOLAN DERWATI KOTA BANDUNG,20245502,AKTIVASI SISWA,437,ORANG,2019
1585,32,JAWA BARAT,3273,KOTA BANDUNG,3273060,REGOL,32.73.11,REGOL,SDN 070 PASIRLUYU KOTA BANDUNG,20246459,AKTIVASI SISWA,152,ORANG,2019
1586,32,JAWA BARAT,3273,KOTA BANDUNG,3273240,SUKAJADI,32.73.07,SUKAJADI,SDN 071 SUKAGALIH KOTA BANDUNG,20245267,AKTIVASI SISWA,275,ORANG,2019
1587,32,JAWA BARAT,3273,KOTA BANDUNG,3273240,SUKAJADI,32.73.07,SUKAJADI,SDN 072 SUKASARI KOTA BANDUNG,20245276,AKTIVASI SISWA,21,ORANG,2019
1588,32,JAWA BARAT,3273,KOTA BANDUNG,3273050,ASTANAANYAR,32.73.10,ASTANA ANYAR,SDN 073 PAJAGALAN KOTA BANDUNG,20247280,AKTIVASI SISWA,86,ORANG,2019
1589,32,JAWA BARAT,3273,KOTA BANDUNG,3273190,CICENDO,32.73.06,CICENDO,SDN 074 AYUDIA KOTA BANDUNG,20245449,AKTIVASI SISWA,128,ORANG,2019
1590,32,JAWA BARAT,3273,KOTA BANDUNG,3273190,CICENDO,32.73.06,CICENDO,SDN 075 JATAYU KOTA BANDUNG,20245591,AKTIVASI SISWA,153,ORANG,2019
1591,32,JAWA BARAT,3273,KOTA BANDUNG,3273240,SUKAJADI,32.73.07,SUKAJADI,SDN 076 SUKAJADI KOTA BANDUNG,20244925,AKTIVASI SISWA,78,ORANG,2019
1592,32,JAWA BARAT,3273,KOTA BANDUNG,3273240,SUKAJADI,32.73.07,SUKAJADI,SDN 077 SEJAHTERA KOTA BANDUNG,20245980,AKTIVASI SISWA,122,ORANG,2019
1593,32,JAWA BARAT,3273,KOTA BANDUNG,3273141,ANTAPANI,32.73.20,ANTAPANI,SDN 078 SINDANGSARI ANTAPANI KOTA BANDUNG,20245441,AKTIVASI SISWA,323,ORANG,2019
1594,32,JAWA BARAT,3273,KOTA BANDUNG,3273050,ASTANAANYAR,32.73.10,ASTANA ANYAR,SDN 079 KOPO PAJAGALAN KOTA BANDUNG,20245039,AKTIVASI SISWA,249,ORANG,2019
1595,32,JAWA BARAT,3273,KOTA BANDUNG,3273010,BANDUNG KULON,32.73.15,BANDUNG KULON,SDN 080 BOJONG INDAH CIBUNTU KOTA BANDUNG,20244740,AKTIVASI SISWA,121,ORANG,2019
1596,32,JAWA BARAT,3273,KOTA BANDUNG,3273160,BATUNUNGGAL,32.73.12,BATUNUNGGAL,SDN 081 KEBON GEDANG KRIDAWINAYA KOTA BANDUNG,20245956,AKTIVASI SISWA,213,ORANG,2019
1597,32,JAWA BARAT,3273,KOTA BANDUNG,3273220,CIBEUNYING KALER,32.73.18,CIBEUNYING KALER,SDN 082 MUARARAJEUN KOTA BANDUNG,20245242,AKTIVASI SISWA,56,ORANG,2019
1598,32,JAWA BARAT,3273,KOTA BANDUNG,3273150,KIARACONDONG,32.73.16,KIARACONDONG,SDN 083 BABAKAN SURABAYA KOTA BANDUNG,20245470,AKTIVASI SISWA,88,ORANG,2019
1599,32,JAWA BARAT,3273,KOTA BANDUNG,3273142,MANDALAJATI,32.73.30,MANDALAJATI,SDN 084 CIKADUT KOTA BANDUNG,20245521,AKTIVASI SISWA,115,ORANG,2019
1600,32,JAWA BARAT,3273,KOTA BANDUNG,3273260,CIDADAP,32.73.08,CIDADAP,SDN 085 CIUMBULEUIT KOTA BANDUNG,20245142,AKTIVASI SISWA,125,ORANG,2019
1601,32,JAWA BARAT,3273,KOTA BANDUNG,3273101,GEDEBAGE,32.73.27,GEDEBAGE,SDN 086 CIMINCRANG KOTA BANDUNG,20245497,AKTIVASI SISWA,92,ORANG,2019
1602,32,JAWA BARAT,3273,KOTA BANDUNG,3273100,RANCASARI,32.73.23,RANCASARI,SDN 087 RANCABOLANG KOTA BANDUNG,20246414,AKTIVASI SISWA,249,ORANG,2019
1603,32,JAWA BARAT,3273,KOTA BANDUNG,3273170,SUMUR BANDUNG,32.73.19,SUMUR BANDUNG,SDN 088 EMBONG KOTA BANDUNG,20245568,AKTIVASI SISWA,118,ORANG,2019
1604,32,JAWA BARAT,3273,KOTA BANDUNG,3273020,BABAKAN CIPARAY,32.73.03,BABAKAN CIPARAY,SDN 089 BABAKAN CIPARAY KOTA BANDUNG,20244998,AKTIVASI SISWA,186,ORANG,2019
1605,32,JAWA BARAT,3273,KOTA BANDUNG,3273110,CIBIRU,32.73.25,CIBIRU,SDN 090 CIBIRU KOTA BANDUNG,20245487,AKTIVASI SISWA,121,ORANG,2019
1606,32,JAWA BARAT,3273,KOTA BANDUNG,3273180,ANDIR,32.73.05,ANDIR,SDN 091 CIBEUREUM KOTA BANDUNG,20245129,AKTIVASI SISWA,497,ORANG,2019
1607,32,JAWA BARAT,3273,KOTA BANDUNG,3273050,ASTANAANYAR,32.73.10,ASTANA ANYAR,SDN 092 CIBADAK ANDIR KOTA BANDUNG,20244961,AKTIVASI SISWA,97,ORANG,2019
1608,32,JAWA BARAT,3273,KOTA BANDUNG,3273010,BANDUNG KULON,32.73.15,BANDUNG KULON,SDN 093 TUNAS HARAPAN CIJERAH KOTA BANDUNG,20244933,AKTIVASI SISWA,46,ORANG,2019
1609,32,JAWA BARAT,3273,KOTA BANDUNG,3273080,BANDUNG KIDUL,32.73.21,BANDUNG KIDUL,SDN 094 PARAKANWAAS KOTA BANDUNG,20245072,AKTIVASI SISWA,42,ORANG,2019
1610,32,JAWA BARAT,3273,KOTA BANDUNG,3273090,BUAHBATU,32.73.22,BUAHBATU,SDN 095 BABAKANJATI KOTA BANDUNG,20246455,AKTIVASI SISWA,393,ORANG,2019
1611,32,JAWA BARAT,3273,KOTA BANDUNG,3273240,SUKAJADI,32.73.07,SUKAJADI,SDN 096 SARIJADI SELATAN KOTA BANDUNG,20245260,AKTIVASI SISWA,54,ORANG,2019
1612,32,JAWA BARAT,3273,KOTA BANDUNG,3273250,SUKASARI,32.73.01,SUKASARI,SDN 097 CIRATEUN KULON KOTA BANDUNG,20244855,AKTIVASI SISWA,51,ORANG,2019
1613,32,JAWA BARAT,3273,KOTA BANDUNG,3273180,ANDIR,32.73.05,ANDIR,SDN 098 CIROYOM KOTA BANDUNG,20245141,AKTIVASI SISWA,145,ORANG,2019
1614,32,JAWA BARAT,3273,KOTA BANDUNG,3273030,BOJONGLOA KALER,32.73.04,BOJONGLOA KALER,SDN 099 BABAKAN TAROGONG KOTA BANDUNG,20244943,AKTIVASI SISWA,341,ORANG,2019
1615,32,JAWA BARAT,3273,KOTA BANDUNG,3273250,SUKASARI,32.73.01,SUKASARI,SDN 100 CIPEDES KOTA BANDUNG,20245922,AKTIVASI SISWA,35,ORANG,2019
1616,32,JAWA BARAT,3273,KOTA BANDUNG,3273130,ARCAMANIK,32.73.24,ARCAMANIK,SDN 101 SUKAKARYA KOTA BANDUNG,20245795,AKTIVASI SISWA,81,ORANG,2019
1617,32,JAWA BARAT,3273,KOTA BANDUNG,3273110,CIBIRU,32.73.25,CIBIRU,SDN 102 CIKUDAYASA KOTA BANDUNG,20245492,AKTIVASI SISWA,116,ORANG,2019
1618,32,JAWA BARAT,3273,KOTA BANDUNG,3273230,COBLONG,32.73.02,COBLONG,SDN 103 COBLONG KOTA BANDUNG,20245549,AKTIVASI SISWA,85,ORANG,2019
1619,32,JAWA BARAT,3273,KOTA BANDUNG,3273230,COBLONG,32.73.02,COBLONG,SDN 104 LANGENSARI SENANGGALIH KOTA BANDUNG,20245710,AKTIVASI SISWA,147,ORANG,2019
1620,32,JAWA BARAT,3273,KOTA BANDUNG,3273111,PANYILEUKAN,32.73.28,PANYILEUKAN,SDN 105 SUKARELA KOTA BANDUNG,20245790,AKTIVASI SISWA,234,ORANG,2019
1621,32,JAWA BARAT,3273,KOTA BANDUNG,3273120,UJUNG BERUNG,32.73.26,UJUNGBERUNG,SDN 106 AJITUNGGAL CIJAMBE KOTA BANDUNG,20246393,AKTIVASI SISWA,241,ORANG,2019
1622,32,JAWA BARAT,3273,KOTA BANDUNG,3273120,UJUNG BERUNG,32.73.26,UJUNGBERUNG,SDN 107 PALEDANG KOTA BANDUNG,20245729,AKTIVASI SISWA,292,ORANG,2019
1623,32,JAWA BARAT,3273,KOTA BANDUNG,3273260,CIDADAP,32.73.08,CIDADAP,SDN 108 CIUMBULEUIT KOTA BANDUNG,20245144,AKTIVASI SISWA,51,ORANG,2019
1624,32,JAWA BARAT,3273,KOTA BANDUNG,3273160,BATUNUNGGAL,32.73.12,BATUNUNGGAL,SDN 109 CENTEH KOTA BANDUNG,20244829,AKTIVASI SISWA,396,ORANG,2019
1625,32,JAWA BARAT,3273,KOTA BANDUNG,3273190,CICENDO,32.73.06,CICENDO,SDN 110 PASIRKALIKI KOMARABUDI KOTA BANDUNG,20245736,AKTIVASI SISWA,68,ORANG,2019
1626,32,JAWA BARAT,3273,KOTA BANDUNG,3273150,KIARACONDONG,32.73.16,KIARACONDONG,SDN 111 PINDAD KOTA BANDUNG,20245751,AKTIVASI SISWA,172,ORANG,2019
1627,32,JAWA BARAT,3273,KOTA BANDUNG,3273060,REGOL,32.73.11,REGOL,SDN 112 PAMOYANAN KOTA BANDUNG,20245254,AKTIVASI SISWA,111,ORANG,2019
1628,32,JAWA BARAT,3273,KOTA BANDUNG,3273170,SUMUR BANDUNG,32.73.19,SUMUR BANDUNG,SDN 113 BANJARSARI KOTA BANDUNG,20245475,AKTIVASI SISWA,6,ORANG,2019
1629,32,JAWA BARAT,3273,KOTA BANDUNG,3273210,CIBEUNYING KIDUL,32.73.14,CIBEUNYING KIDUL,SDN 114 BOJONGKONENG CIBEUNYING KOTA BANDUNG,20245119,AKTIVASI SISWA,119,ORANG,2019
1630,32,JAWA BARAT,3273,KOTA BANDUNG,3273070,LENGKONG,32.73.13,LENGKONG,SDN 115 TURANGGA KOTA BANDUNG,20245097,AKTIVASI SISWA,25,ORANG,2019
1631,32,JAWA BARAT,3273,KOTA BANDUNG,3273150,KIARACONDONG,32.73.16,KIARACONDONG,SDN 116 CICAHEUM KOTA BANDUNG,20245512,AKTIVASI SISWA,94,ORANG,2019
1632,32,JAWA BARAT,3273,KOTA BANDUNG,3273080,BANDUNG KIDUL,32.73.21,BANDUNG KIDUL,SDN 117 BATUNUNGGAL KOTA BANDUNG,20245021,AKTIVASI SISWA,299,ORANG,2019
1633,32,JAWA BARAT,3273,KOTA BANDUNG,3273030,BOJONGLOA KALER,32.73.04,BOJONGLOA KALER,SDN 118 TANJUNG KOTA BANDUNG,20244990,AKTIVASI SISWA,299,ORANG,2019
1634,32,JAWA BARAT,3273,KOTA BANDUNG,3273070,LENGKONG,32.73.13,LENGKONG,SDN 119 CIJAGRA KOTA BANDUNG,20245023,AKTIVASI SISWA,48,ORANG,2019
1635,32,JAWA BARAT,3273,KOTA BANDUNG,3273060,REGOL,32.73.11,REGOL,SDN 120 KOTABARU KOTA BANDUNG,20245218,AKTIVASI SISWA,42,ORANG,2019
1636,32,JAWA BARAT,3273,KOTA BANDUNG,3273010,BANDUNG KULON,32.73.15,BANDUNG KULON,SDN 121 CARINGIN HOLIS KOTA BANDUNG,20244742,AKTIVASI SISWA,152,ORANG,2019
1637,32,JAWA BARAT,3273,KOTA BANDUNG,3273100,RANCASARI,32.73.23,RANCASARI,SDN 122 CIJAWURA KOTA BANDUNG,20245169,AKTIVASI SISWA,151,ORANG,2019
1638,32,JAWA BARAT,3273,KOTA BANDUNG,3273060,REGOL,32.73.11,REGOL,SDN 123 BABAKAN PRIANGAN KOTA BANDUNG,20245108,AKTIVASI SISWA,165,ORANG,2019
1639,32,JAWA BARAT,3273,KOTA BANDUNG,3273110,CIBIRU,32.73.25,CIBIRU,SDN 124 HANURA KOTA BANDUNG,20245586,AKTIVASI SISWA,178,ORANG,2019
1640,32,JAWA BARAT,3273,KOTA BANDUNG,3273110,CIBIRU,32.73.25,CIBIRU,SDN 125 TARUNA KARYA KOTA BANDUNG,20245811,AKTIVASI SISWA,173,ORANG,2019
1641,32,JAWA BARAT,3273,KOTA BANDUNG,3273020,BABAKAN CIPARAY,32.73.03,BABAKAN CIPARAY,SDN 126 BABAKAN KOTA BANDUNG,20244995,AKTIVASI SISWA,170,ORANG,2019
1642,32,JAWA BARAT,3273,KOTA BANDUNG,3273230,COBLONG,32.73.02,COBLONG,SDN 127 SEKELOA KOTA BANDUNG,20245765,AKTIVASI SISWA,140,ORANG,2019
1643,32,JAWA BARAT,3273,KOTA BANDUNG,3273230,COBLONG,32.73.02,COBLONG,SDN 128 HAURPANCUH KOTA BANDUNG,20245587,AKTIVASI SISWA,144,ORANG,2019
1644,32,JAWA BARAT,3273,KOTA BANDUNG,3273090,BUAHBATU,32.73.22,BUAHBATU,SDN 129 RANCASAWO MARGASARI KOTA BANDUNG,20246417,AKTIVASI SISWA,201,ORANG,2019
1645,32,JAWA BARAT,3273,KOTA BANDUNG,3273080,BANDUNG KIDUL,32.73.21,BANDUNG KIDUL,SDN 130 SEKELIMUS BATUNUNGGAL KOTA BANDUNG,20245084,AKTIVASI SISWA,274,ORANG,2019
1646,32,JAWA BARAT,3273,KOTA BANDUNG,3273090,BUAHBATU,32.73.22,BUAHBATU,SDN 131 CIJAWURA KOTA BANDUNG,20245171,AKTIVASI SISWA,401,ORANG,2019
1647,32,JAWA BARAT,3273,KOTA BANDUNG,3273220,CIBEUNYING KALER,32.73.18,CIBEUNYING KALER,SDN 132 CIHAURGEULIS KOTA BANDUNG,20245165,AKTIVASI SISWA,50,ORANG,2019
1648,32,JAWA BARAT,3273,KOTA BANDUNG,3273210,CIBEUNYING KIDUL,32.73.14,CIBEUNYING KIDUL,SDN 133 JALAN ANYAR KOTA BANDUNG,20245211,AKTIVASI SISWA,91,ORANG,2019
1649,32,JAWA BARAT,3273,KOTA BANDUNG,3273260,CIDADAP,32.73.08,CIDADAP,SDN 134 PANORAMA KOTA BANDUNG,20245244,AKTIVASI SISWA,29,ORANG,2019
1650,32,JAWA BARAT,3273,KOTA BANDUNG,3273070,LENGKONG,32.73.13,LENGKONG,SDN 135 TURANGGA KOTA BANDUNG,20245098,AKTIVASI SISWA,41,ORANG,2019
1651,32,JAWA BARAT,3273,KOTA BANDUNG,3273240,SUKAJADI,32.73.07,SUKAJADI,SDN 136 SUKAWARNA KOTA BANDUNG,20245278,AKTIVASI SISWA,106,ORANG,2019
1652,32,JAWA BARAT,3273,KOTA BANDUNG,3273250,SUKASARI,32.73.01,SUKASARI,SDN 137 CIJEROKASO KOTA BANDUNG,20244848,AKTIVASI SISWA,50,ORANG,2019
1653,32,JAWA BARAT,3273,KOTA BANDUNG,3273250,SUKASARI,32.73.01,SUKASARI,SDN 138 GEGERKALONG GIRANG KOTA BANDUNG,20247203,AKTIVASI SISWA,95,ORANG,2019
1654,32,JAWA BARAT,3273,KOTA BANDUNG,3273250,SUKASARI,32.73.01,SUKASARI,SDN 139 SUKARASA KOTA BANDUNG,20244928,AKTIVASI SISWA,27,ORANG,2019
1655,32,JAWA BARAT,3273,KOTA BANDUNG,3273130,ARCAMANIK,32.73.24,ARCAMANIK,SDN 140 ARCAMANIK KOTA BANDUNG,20245447,AKTIVASI SISWA,107,ORANG,2019
1656,32,JAWA BARAT,3273,KOTA BANDUNG,3273130,ARCAMANIK,32.73.24,ARCAMANIK,SDN 141 LOKAJAYA KOTA BANDUNG,20245712,AKTIVASI SISWA,206,ORANG,2019
1657,32,JAWA BARAT,3273,KOTA BANDUNG,3273050,ASTANAANYAR,32.73.10,ASTANA ANYAR,SDN 142 DWIKORA KOTA BANDUNG,20245029,AKTIVASI SISWA,207,ORANG,2019
1658,32,JAWA BARAT,3273,KOTA BANDUNG,3273050,ASTANAANYAR,32.73.10,ASTANA ANYAR,SDN 143 KOPO KOTA BANDUNG,20245043,AKTIVASI SISWA,116,ORANG,2019
1659,32,JAWA BARAT,3273,KOTA BANDUNG,3273020,BABAKAN CIPARAY,32.73.03,BABAKAN CIPARAY,SDN 144 SITUGUNTING KOTA BANDUNG,20245089,AKTIVASI SISWA,126,ORANG,2019
1660,32,JAWA BARAT,3273,KOTA BANDUNG,3273160,BATUNUNGGAL,32.73.12,BATUNUNGGAL,SDN 145 BINONG JATI KOTA BANDUNG,20244825,AKTIVASI SISWA,152,ORANG,2019
1661,32,JAWA BARAT,3273,KOTA BANDUNG,3273160,BATUNUNGGAL,32.73.12,BATUNUNGGAL,SDN 146 GUMURUH KOTA BANDUNG,20244870,AKTIVASI SISWA,133,ORANG,2019
1662,32,JAWA BARAT,3273,KOTA BANDUNG,3273030,BOJONGLOA KALER,32.73.04,BOJONGLOA KALER,SDN 147 CITARIP BARAT KOTA BANDUNG,20244969,AKTIVASI SISWA,310,ORANG,2019
1663,32,JAWA BARAT,3273,KOTA BANDUNG,3273040,BOJONGLOA KIDUL,32.73.17,BOJONGLOA KIDUL,SDN 148 CIBADUYUT KOTA BANDUNG,20244963,AKTIVASI SISWA,249,ORANG,2019
1664,32,JAWA BARAT,3273,KOTA BANDUNG,3273220,CIBEUNYING KALER,32.73.18,CIBEUNYING KALER,SDN 149 CIGADUNG KOTA BANDUNG,20245162,AKTIVASI SISWA,115,ORANG,2019
1665,32,JAWA BARAT,3273,KOTA BANDUNG,3273210,CIBEUNYING KIDUL,32.73.14,CIBEUNYING KIDUL,SDN 150 GATOT SUBROTO KOTA BANDUNG,20245206,AKTIVASI SISWA,87,ORANG,2019
1666,32,JAWA BARAT,3273,KOTA BANDUNG,3273210,CIBEUNYING KIDUL,32.73.14,CIBEUNYING KIDUL,SDN 151 SUKASENANG KOTA BANDUNG,20245284,AKTIVASI SISWA,45,ORANG,2019
1667,32,JAWA BARAT,3273,KOTA BANDUNG,3273110,CIBIRU,32.73.25,CIBIRU,SDN 152 CIGAGAK KOTA BANDUNG,20245838,AKTIVASI SISWA,104,ORANG,2019
1668,32,JAWA BARAT,3273,KOTA BANDUNG,3273110,CIBIRU,32.73.25,CIBIRU,SDN 153 TARUNA KARYA KOTA BANDUNG,20245812,AKTIVASI SISWA,189,ORANG,2019
1669,32,JAWA BARAT,3273,KOTA BANDUNG,3273190,CICENDO,32.73.06,CICENDO,SDN 154 CITEPUS KOTA BANDUNG,20245541,AKTIVASI SISWA,259,ORANG,2019
1670,32,JAWA BARAT,3273,KOTA BANDUNG,3273190,CICENDO,32.73.06,CICENDO,SDN 155 GUNUNG RAHAYU KOTA BANDUNG,20245570,AKTIVASI SISWA,124,ORANG,2019
1671,32,JAWA BARAT,3273,KOTA BANDUNG,3273190,CICENDO,32.73.06,CICENDO,SDN 156 PASIRKALIKI KOTA BANDUNG,20245737,AKTIVASI SISWA,95,ORANG,2019
1672,32,JAWA BARAT,3273,KOTA BANDUNG,3273190,CICENDO,32.73.06,CICENDO,SDN 157 SUKARAJA KOTA BANDUNG,20245810,AKTIVASI SISWA,14,ORANG,2019
1673,32,JAWA BARAT,3273,KOTA BANDUNG,3273150,KIARACONDONG,32.73.16,KIARACONDONG,SDN 158 BABAKAN SARI BABAKAN SURABAYA KOTA BANDUNG,20245452,AKTIVASI SISWA,213,ORANG,2019
1674,32,JAWA BARAT,3273,KOTA BANDUNG,3273150,KIARACONDONG,32.73.16,KIARACONDONG,SDN 159 SEKEJATI KOTA BANDUNG,20245762,AKTIVASI SISWA,232,ORANG,2019
1675,32,JAWA BARAT,3273,KOTA BANDUNG,3273150,KIARACONDONG,32.73.16,KIARACONDONG,SDN 160 SUKALAKSANA KOTA BANDUNG,20245797,AKTIVASI SISWA,264,ORANG,2019
1676,32,JAWA BARAT,3273,KOTA BANDUNG,3273150,KIARACONDONG,32.73.16,KIARACONDONG,SDN 161 SUKAPURA KOTA BANDUNG,20245805,AKTIVASI SISWA,252,ORANG,2019
1677,32,JAWA BARAT,3273,KOTA BANDUNG,3273150,KIARACONDONG,32.73.16,KIARACONDONG,SDN 162 WARUNGJAMBU KIARACONDONG KOTA BANDUNG,20245836,AKTIVASI SISWA,199,ORANG,2019
1678,32,JAWA BARAT,3273,KOTA BANDUNG,3273070,LENGKONG,32.73.13,LENGKONG,SDN 163 BUAHBATU BARU KOTA BANDUNG,20245022,AKTIVASI SISWA,75,ORANG,2019
1679,32,JAWA BARAT,3273,KOTA BANDUNG,3273070,LENGKONG,32.73.13,LENGKONG,SDN 164 KARANGPAWULANG KOTA BANDUNG,20245036,AKTIVASI SISWA,6,ORANG,2019
1680,32,JAWA BARAT,3273,KOTA BANDUNG,3273142,MANDALAJATI,32.73.30,MANDALAJATI,SDN 165 JATIHANDAP KOTA BANDUNG,20245596,AKTIVASI SISWA,58,ORANG,2019
1681,32,JAWA BARAT,3273,KOTA BANDUNG,3273060,REGOL,32.73.11,REGOL,SDN 166 CIATEUL KOTA BANDUNG,20245146,AKTIVASI SISWA,71,ORANG,2019
1682,32,JAWA BARAT,3273,KOTA BANDUNG,3273060,REGOL,32.73.11,REGOL,SDN 167 MENGGER GIRANG KOTA BANDUNG,20245229,AKTIVASI SISWA,303,ORANG,2019
1683,32,JAWA BARAT,3273,KOTA BANDUNG,3273110,CIBIRU,32.73.25,CIBIRU,SDN 168 CIPADUNG KOTA BANDUNG,20245500,AKTIVASI SISWA,196,ORANG,2019
1684,32,JAWA BARAT,3273,KOTA BANDUNG,3273110,CIBIRU,32.73.25,CIBIRU,SDN 169 PELITA KOTA BANDUNG,20245747,AKTIVASI SISWA,128,ORANG,2019
1685,32,JAWA BARAT,3273,KOTA BANDUNG,3273190,CICENDO,32.73.06,CICENDO,SDN 170 DIAN KOTA BANDUNG,20245564,AKTIVASI SISWA,58,ORANG,2019
1686,32,JAWA BARAT,3273,KOTA BANDUNG,3273190,CICENDO,32.73.06,CICENDO,SDN 171 LANUMA HUSEIN KOTA BANDUNG,20245709,AKTIVASI SISWA,39,ORANG,2019
1687,32,JAWA BARAT,3273,KOTA BANDUNG,3273121,CINAMBO,32.73.29,CINAMBO,SDN 172 ANDIR KIDUL KOTA BANDUNG,20245439,AKTIVASI SISWA,39,ORANG,2019
1688,32,JAWA BARAT,3273,KOTA BANDUNG,3273230,COBLONG,32.73.02,COBLONG,SDN 173 NEGLASARI KOTA BANDUNG,20245717,AKTIVASI SISWA,116,ORANG,2019
1689,32,JAWA BARAT,3273,KOTA BANDUNG,3273142,MANDALAJATI,32.73.30,MANDALAJATI,SDN 174 PASIR IMPUN KOTA BANDUNG,20245733,AKTIVASI SISWA,185,ORANG,2019
1690,32,JAWA BARAT,3273,KOTA BANDUNG,3273142,MANDALAJATI,32.73.30,MANDALAJATI,SDN 175 TANJAKAN KOTA BANDUNG,20245816,AKTIVASI SISWA,111,ORANG,2019
1691,32,JAWA BARAT,3273,KOTA BANDUNG,3273250,SUKASARI,32.73.01,SUKASARI,SDN 176 CILANDAK KOTA BANDUNG,20245918,AKTIVASI SISWA,61,ORANG,2019
1692,32,JAWA BARAT,3273,KOTA BANDUNG,3273250,SUKASARI,32.73.01,SUKASARI,SDN 177 CIPEDES KOTA BANDUNG,20245919,AKTIVASI SISWA,63,ORANG,2019
1693,32,JAWA BARAT,3273,KOTA BANDUNG,3273250,SUKASARI,32.73.01,SUKASARI,SDN 178 GEGERKALONG KPAD KOTA BANDUNG,20244861,AKTIVASI SISWA,33,ORANG,2019
1694,32,JAWA BARAT,3273,KOTA BANDUNG,3273250,SUKASARI,32.73.01,SUKASARI,SDN 179 SARIJADI KOTA BANDUNG,20244903,AKTIVASI SISWA,33,ORANG,2019
1695,32,JAWA BARAT,3273,KOTA BANDUNG,3273130,ARCAMANIK,32.73.24,ARCAMANIK,SDN 180 PRAKARSA NUGRAHA KOTA BANDUNG,20245754,AKTIVASI SISWA,224,ORANG,2019
1696,32,JAWA BARAT,3273,KOTA BANDUNG,3273130,ARCAMANIK,32.73.24,ARCAMANIK,SDN 181 SUKAMISKIN KOTA BANDUNG,20245804,AKTIVASI SISWA,146,ORANG,2019
1697,32,JAWA BARAT,3273,KOTA BANDUNG,3273010,BANDUNG KULON,32.73.15,BANDUNG KULON,SDN 182 PERUMNAS CIJERAH KOTA BANDUNG,20244899,AKTIVASI SISWA,55,ORANG,2019
1698,32,JAWA BARAT,3273,KOTA BANDUNG,3273010,BANDUNG KULON,32.73.15,BANDUNG KULON,SDN 183 SAYURAN KOTA BANDUNG,20244910,AKTIVASI SISWA,87,ORANG,2019
1699,32,JAWA BARAT,3273,KOTA BANDUNG,3273090,BUAHBATU,32.73.22,BUAHBATU,SDN 184 BUAHBATU KOTA BANDUNG,20246396,AKTIVASI SISWA,223,ORANG,2019
1700,32,JAWA BARAT,3273,KOTA BANDUNG,3273220,CIBEUNYING KALER,32.73.18,CIBEUNYING KALER,SDN 185 CIHAURGEULIS KOTA BANDUNG,20245166,AKTIVASI SISWA,49,ORANG,2019
1701,32,JAWA BARAT,3273,KOTA BANDUNG,3273110,CIBIRU,32.73.25,CIBIRU,SDN 186 CIPADUNG KOTA BANDUNG,20245498,AKTIVASI SISWA,89,ORANG,2019
1702,32,JAWA BARAT,3273,KOTA BANDUNG,3273190,CICENDO,32.73.06,CICENDO,SDN 187 LANUMA HUSEIN KOTA BANDUNG,20245707,AKTIVASI SISWA,85,ORANG,2019
1703,32,JAWA BARAT,3273,KOTA BANDUNG,3273260,CIDADAP,32.73.08,CIDADAP,SDN 188 BANDUNG BARU KOTA BANDUNG,20245106,AKTIVASI SISWA,125,ORANG,2019
1704,32,JAWA BARAT,3273,KOTA BANDUNG,3273230,COBLONG,32.73.02,COBLONG,SDN 189 NEGLASARI KOTA BANDUNG,20245718,AKTIVASI SISWA,80,ORANG,2019
1705,32,JAWA BARAT,3273,KOTA BANDUNG,3273101,GEDEBAGE,32.73.27,GEDEBAGE,SDN 190 CISARANTEN KIDUL KOTA BANDUNG,20245505,AKTIVASI SISWA,171,ORANG,2019
1706,32,JAWA BARAT,3273,KOTA BANDUNG,3273150,KIARACONDONG,32.73.16,KIARACONDONG,SDN 191 BABAKAN SURABAYA KOTA BANDUNG,20245464,AKTIVASI SISWA,219,ORANG,2019
1707,32,JAWA BARAT,3273,KOTA BANDUNG,3273060,REGOL,32.73.11,REGOL,SDN 192 CIBURUY KOTA BANDUNG,20245148,AKTIVASI SISWA,198,ORANG,2019
1708,32,JAWA BARAT,3273,KOTA BANDUNG,3273240,SUKAJADI,32.73.07,SUKAJADI,SDN 193 CARINGIN KOTA BANDUNG,20245126,AKTIVASI SISWA,178,ORANG,2019
1709,32,JAWA BARAT,3273,KOTA BANDUNG,3273240,SUKAJADI,32.73.07,SUKAJADI,SDN 194 SUKAJADI KOTA BANDUNG,20244926,AKTIVASI SISWA,91,ORANG,2019
1710,32,JAWA BARAT,3273,KOTA BANDUNG,3273250,SUKASARI,32.73.01,SUKASARI,SDN 195 ISOLA KOTA BANDUNG,20244878,AKTIVASI SISWA,53,ORANG,2019
1711,32,JAWA BARAT,3273,KOTA BANDUNG,3273250,SUKASARI,32.73.01,SUKASARI,SDN 196 SUKARASA KOTA BANDUNG,20244929,AKTIVASI SISWA,41,ORANG,2019
1712,32,JAWA BARAT,3273,KOTA BANDUNG,3273180,ANDIR,32.73.05,ANDIR,SDN 197 KARANG TARUNA KARANGSARI KOTA BANDUNG,20245215,AKTIVASI SISWA,149,ORANG,2019
1713,32,JAWA BARAT,3273,KOTA BANDUNG,3273130,ARCAMANIK,32.73.24,ARCAMANIK,SDN 198 MEKARJAYA KOTA BANDUNG,20245715,AKTIVASI SISWA,158,ORANG,2019
1714,32,JAWA BARAT,3273,KOTA BANDUNG,3273010,BANDUNG KULON,32.73.15,BANDUNG KULON,SDN 199 SAYURAN KOTA BANDUNG,20244909,AKTIVASI SISWA,141,ORANG,2019
1715,32,JAWA BARAT,3273,KOTA BANDUNG,3273040,BOJONGLOA KIDUL,32.73.17,BOJONGLOA KIDUL,SDN 200 LEUWIPANJANG KOTA BANDUNG,20244980,AKTIVASI SISWA,284,ORANG,2019
1716,32,JAWA BARAT,3273,KOTA BANDUNG,3273220,CIBEUNYING KALER,32.73.18,CIBEUNYING KALER,SDN 201 SUKALUYU KOTA BANDUNG,20245280,AKTIVASI SISWA,78,ORANG,2019
1717,32,JAWA BARAT,3273,KOTA BANDUNG,3273070,LENGKONG,32.73.13,LENGKONG,SDN 202 SURYALAYA KOTA BANDUNG,20245094,AKTIVASI SISWA,80,ORANG,2019
1718,32,JAWA BARAT,3273,KOTA BANDUNG,3273160,BATUNUNGGAL,32.73.12,BATUNUNGGAL,SDN 203 KACAPIRING KOTA BANDUNG,20244880,AKTIVASI SISWA,142,ORANG,2019
1719,32,JAWA BARAT,3273,KOTA BANDUNG,3273260,CIDADAP,32.73.08,CIDADAP,SDN 204 CIDADAP KOTA BANDUNG,20245139,AKTIVASI SISWA,34,ORANG,2019
1720,32,JAWA BARAT,3273,KOTA BANDUNG,3273230,COBLONG,32.73.02,COBLONG,SDN 205 NEGLASARI KOTA BANDUNG,20245720,AKTIVASI SISWA,62,ORANG,2019
1721,32,JAWA BARAT,3273,KOTA BANDUNG,3273070,LENGKONG,32.73.13,LENGKONG,SDN 206 PUTRACO INDAH KOTA BANDUNG,20245077,AKTIVASI SISWA,2,ORANG,2019
1722,32,JAWA BARAT,3273,KOTA BANDUNG,3273240,SUKAJADI,32.73.07,SUKAJADI,SDN 207 CIBOGO KOTA BANDUNG,20245137,AKTIVASI SISWA,27,ORANG,2019
1723,32,JAWA BARAT,3273,KOTA BANDUNG,3273240,SUKAJADI,32.73.07,SUKAJADI,SDN 208 LUGINASARI SUKAGALIH KOTA BANDUNG,20245963,AKTIVASI SISWA,194,ORANG,2019
1724,32,JAWA BARAT,3273,KOTA BANDUNG,3273141,ANTAPANI,32.73.20,ANTAPANI,SDN 209 ANTAPANI KOTA BANDUNG,20245442,AKTIVASI SISWA,224,ORANG,2019
1725,32,JAWA BARAT,3273,KOTA BANDUNG,3273150,KIARACONDONG,32.73.16,KIARACONDONG,SDN 210 BABAKAN SINYAR KOTA BANDUNG,20245460,AKTIVASI SISWA,336,ORANG,2019
1726,32,JAWA BARAT,3273,KOTA BANDUNG,3273060,REGOL,32.73.11,REGOL,SDN 211 BABAKAN PRIANGAN KOTA BANDUNG,20245110,AKTIVASI SISWA,163,ORANG,2019
1727,32,JAWA BARAT,3273,KOTA BANDUNG,3273250,SUKASARI,32.73.01,SUKASARI,SDN 212 HARAPAN KOTA BANDUNG,20245941,AKTIVASI SISWA,53,ORANG,2019
1728,32,JAWA BARAT,3273,KOTA BANDUNG,3273020,BABAKAN CIPARAY,32.73.03,BABAKAN CIPARAY,SDN 213 BABAKAN CIPARAY KOTA BANDUNG,20245008,AKTIVASI SISWA,181,ORANG,2019
1729,32,JAWA BARAT,3273,KOTA BANDUNG,3273010,BANDUNG KULON,32.73.15,BANDUNG KULON,SDN 214 PERUMNAS CIJERAH KOTA BANDUNG,20244900,AKTIVASI SISWA,29,ORANG,2019
1730,32,JAWA BARAT,3273,KOTA BANDUNG,3273101,GEDEBAGE,32.73.27,GEDEBAGE,SDN 215 RANCASAGATAN KOTA BANDUNG,20245759,AKTIVASI SISWA,101,ORANG,2019
1731,32,JAWA BARAT,3273,KOTA BANDUNG,3273101,GEDEBAGE,32.73.27,GEDEBAGE,SDN 216 SONDARIAH KOTA BANDUNG,20245780,AKTIVASI SISWA,76,ORANG,2019
1732,32,JAWA BARAT,3273,KOTA BANDUNG,3273250,SUKASARI,32.73.01,SUKASARI,SDN 217 SARIJADI KOTA BANDUNG,20245971,AKTIVASI SISWA,26,ORANG,2019
1733,32,JAWA BARAT,3273,KOTA BANDUNG,3273250,SUKASARI,32.73.01,SUKASARI,SDN 218 SARIJADI KOTA BANDUNG,20244907,AKTIVASI SISWA,56,ORANG,2019
1734,32,JAWA BARAT,3273,KOTA BANDUNG,3273160,BATUNUNGGAL,32.73.12,BATUNUNGGAL,SDN 219 BABAKANJATI KOTA BANDUNG,20244823,AKTIVASI SISWA,219,ORANG,2019
1735,32,JAWA BARAT,3273,KOTA BANDUNG,3273160,BATUNUNGGAL,32.73.12,BATUNUNGGAL,SDN 220 GUMURUH KOTA BANDUNG,20244871,AKTIVASI SISWA,161,ORANG,2019
1736,32,JAWA BARAT,3273,KOTA BANDUNG,3273150,KIARACONDONG,32.73.16,KIARACONDONG,SDN 221 BABAKAN SENTRAL KOTA BANDUNG,20245455,AKTIVASI SISWA,336,ORANG,2019
1737,32,JAWA BARAT,3273,KOTA BANDUNG,3273100,RANCASARI,32.73.23,RANCASARI,SDN 222 PASIRPOGOR KOTA BANDUNG,20246413,AKTIVASI SISWA,106,ORANG,2019
1738,32,JAWA BARAT,3273,KOTA BANDUNG,3273060,REGOL,32.73.11,REGOL,SDN 223 BHAKTI WINAYA KOTA BANDUNG,20245114,AKTIVASI SISWA,203,ORANG,2019
1739,32,JAWA BARAT,3273,KOTA BANDUNG,3273120,UJUNG BERUNG,32.73.26,UJUNGBERUNG,SDN 224 CIJAMBE KOTA BANDUNG,20245517,AKTIVASI SISWA,89,ORANG,2019
1740,32,JAWA BARAT,3273,KOTA BANDUNG,3273120,UJUNG BERUNG,32.73.26,UJUNGBERUNG,SDN 225 MEKARGALIH KOTA BANDUNG,20245714,AKTIVASI SISWA,127,ORANG,2019
1741,32,JAWA BARAT,3273,KOTA BANDUNG,3273130,ARCAMANIK,32.73.24,ARCAMANIK,SDN 226 ARCAMANIK ENDAH KOTA BANDUNG,20245448,AKTIVASI SISWA,15,ORANG,2019
1742,32,JAWA BARAT,3273,KOTA BANDUNG,3273020,BABAKAN CIPARAY,32.73.03,BABAKAN CIPARAY,SDN 227 MARGAHAYU UTARA KOTA BANDUNG,20245046,AKTIVASI SISWA,181,ORANG,2019
1743,32,JAWA BARAT,3273,KOTA BANDUNG,3273040,BOJONGLOA KIDUL,32.73.17,BOJONGLOA KIDUL,SDN 228 CANGKUANG KOTA BANDUNG,20244959,AKTIVASI SISWA,151,ORANG,2019
1744,32,JAWA BARAT,3273,KOTA BANDUNG,3273040,BOJONGLOA KIDUL,32.73.17,BOJONGLOA KIDUL,SDN 229 CIBADUYUT KOTA BANDUNG,20244966,AKTIVASI SISWA,141,ORANG,2019
1745,32,JAWA BARAT,3273,KOTA BANDUNG,3273090,BUAHBATU,32.73.22,BUAHBATU,SDN 230 MARGAHAYU RAYA KOTA BANDUNG,20245226,AKTIVASI SISWA,62,ORANG,2019
1746,32,JAWA BARAT,3273,KOTA BANDUNG,3273142,MANDALAJATI,32.73.30,MANDALAJATI,SDN 231 SUKAASIH KOTA BANDUNG,20245794,AKTIVASI SISWA,141,ORANG,2019
1747,32,JAWA BARAT,3273,KOTA BANDUNG,3273010,BANDUNG KULON,32.73.15,BANDUNG KULON,SDN 232 BLOK SAWAH KOTA BANDUNG,20244739,AKTIVASI SISWA,97,ORANG,2019
1748,32,JAWA BARAT,3273,KOTA BANDUNG,3273040,BOJONGLOA KIDUL,32.73.17,BOJONGLOA KIDUL,SDN 233 CIBADUYUT KOTA BANDUNG,20244967,AKTIVASI SISWA,155,ORANG,2019
1749,32,JAWA BARAT,3273,KOTA BANDUNG,3273210,CIBEUNYING KIDUL,32.73.14,CIBEUNYING KIDUL,SDN 234 SALUYU KOTA BANDUNG,20245262,AKTIVASI SISWA,169,ORANG,2019
1750,32,JAWA BARAT,3273,KOTA BANDUNG,3273070,LENGKONG,32.73.13,LENGKONG,SDN 235 LENGKONG KECIL KOTA BANDUNG,20245045,AKTIVASI SISWA,94,ORANG,2019
1751,32,JAWA BARAT,3273,KOTA BANDUNG,3273020,BABAKAN CIPARAY,32.73.03,BABAKAN CIPARAY,SDN 236 BABAKAN CIPARAY KOTA BANDUNG,20245001,AKTIVASI SISWA,119,ORANG,2019
1752,32,JAWA BARAT,3273,KOTA BANDUNG,3273020,BABAKAN CIPARAY,32.73.03,BABAKAN CIPARAY,SDN 237 KOPO ELOK KOTA BANDUNG,20245044,AKTIVASI SISWA,87,ORANG,2019
1753,32,JAWA BARAT,3273,KOTA BANDUNG,3273010,BANDUNG KULON,32.73.15,BANDUNG KULON,SDN 238 CIGONDEWAH KOTA BANDUNG,20244839,AKTIVASI SISWA,86,ORANG,2019
1754,32,JAWA BARAT,3273,KOTA BANDUNG,3273010,BANDUNG KULON,32.73.15,BANDUNG KULON,SDN 239 CIGONDEWAH KOTA BANDUNG,20244838,AKTIVASI SISWA,90,ORANG,2019
1755,32,JAWA BARAT,3273,KOTA BANDUNG,3273010,BANDUNG KULON,32.73.15,BANDUNG KULON,SDN 240 CIJERAH INDAH KOTA BANDUNG,20244846,AKTIVASI SISWA,76,ORANG,2019
1756,32,JAWA BARAT,3273,KOTA BANDUNG,3273040,BOJONGLOA KIDUL,32.73.17,BOJONGLOA KIDUL,SDN 241 LEUWIANYAR KOTA BANDUNG,20244978,AKTIVASI SISWA,210,ORANG,2019
1757,32,JAWA BARAT,3273,KOTA BANDUNG,3273090,BUAHBATU,32.73.22,BUAHBATU,SDN 242 MARGASARI KOTA BANDUNG,20245228,AKTIVASI SISWA,89,ORANG,2019
1758,32,JAWA BARAT,3273,KOTA BANDUNG,3273142,MANDALAJATI,32.73.30,MANDALAJATI,SDN 243 CICABE KOTA BANDUNG,20245510,AKTIVASI SISWA,81,ORANG,2019
1759,32,JAWA BARAT,3273,KOTA BANDUNG,3273130,ARCAMANIK,32.73.24,ARCAMANIK,SDN 244 GURUMINDA KOTA BANDUNG,20245585,AKTIVASI SISWA,92,ORANG,2019
1760,32,JAWA BARAT,3273,KOTA BANDUNG,3273020,BABAKAN CIPARAY,32.73.03,BABAKAN CIPARAY,SDN 245 SUMBERSARI INDAH KOTA BANDUNG,20245090,AKTIVASI SISWA,188,ORANG,2019
1761,32,JAWA BARAT,3273,KOTA BANDUNG,3273090,BUAHBATU,32.73.22,BUAHBATU,SDN 246 MARGACINTA KOTA BANDUNG,20246410,AKTIVASI SISWA,413,ORANG,2019
1762,32,JAWA BARAT,3273,KOTA BANDUNG,3273110,CIBIRU,32.73.25,CIBIRU,SDN 247 SUKAPURA KOTA BANDUNG,20258124,AKTIVASI SISWA,123,ORANG,2019
1763,32,JAWA BARAT,3273,KOTA BANDUNG,3273141,ANTAPANI,32.73.20,ANTAPANI,SDN 248 SINDANGSARI KOTA BANDUNG,20245778,AKTIVASI SISWA,178,ORANG,2019
1764,32,JAWA BARAT,3273,KOTA BANDUNG,3273050,ASTANAANYAR,32.73.10,ASTANA ANYAR,SDN 249 ASTANAANYAR KOTA BANDUNG,20244993,AKTIVASI SISWA,175,ORANG,2019
1765,32,JAWA BARAT,3273,KOTA BANDUNG,3273080,BANDUNG KIDUL,32.73.21,BANDUNG KIDUL,SDN 250 JAKAPURWA KOTA BANDUNG,20245034,AKTIVASI SISWA,51,ORANG,2019
1766,32,JAWA BARAT,3273,KOTA BANDUNG,3273030,BOJONGLOA KALER,32.73.04,BOJONGLOA KALER,SDN 251 JAMIKA KOTA BANDUNG,20244975,AKTIVASI SISWA,276,ORANG,2019
1767,32,JAWA BARAT,3273,KOTA BANDUNG,3273250,SUKASARI,32.73.01,SUKASARI,SDN 252 SETIABUDI KOTA BANDUNG,20244937,AKTIVASI SISWA,21,ORANG,2019
1768,32,JAWA BARAT,3273,KOTA BANDUNG,3273120,UJUNG BERUNG,32.73.26,UJUNGBERUNG,SDN 253 PANGGUNGSARI KOTA BANDUNG,20245731,AKTIVASI SISWA,275,ORANG,2019
1769,32,JAWA BARAT,3273,KOTA BANDUNG,3273141,ANTAPANI,32.73.20,ANTAPANI,SDN 254 GRIYA BUMI ANTAPANI KOTA BANDUNG,20245583,AKTIVASI SISWA,114,ORANG,2019
1770,32,JAWA BARAT,3273,KOTA BANDUNG,3273141,ANTAPANI,32.73.20,ANTAPANI,SDN 255 GRIYA BUMI ANTAPANI KOTA BANDUNG,20245575,AKTIVASI SISWA,201,ORANG,2019
1771,32,JAWA BARAT,3273,KOTA BANDUNG,3273010,BANDUNG KULON,32.73.15,BANDUNG KULON,SDN 256 CIGONDEWAH HILIR KOTA BANDUNG,20244840,AKTIVASI SISWA,105,ORANG,2019
1772,32,JAWA BARAT,3273,KOTA BANDUNG,3273070,LENGKONG,32.73.13,LENGKONG,SDN 257 PELITA KOTA BANDUNG,20245257,AKTIVASI SISWA,11,ORANG,2019
1773,32,JAWA BARAT,3273,KOTA BANDUNG,3273111,PANYILEUKAN,32.73.28,PANYILEUKAN,SDN 258 SUKARELA KOTA BANDUNG,20245792,AKTIVASI SISWA,93,ORANG,2019
1774,32,JAWA BARAT,3273,KOTA BANDUNG,3273141,ANTAPANI,32.73.20,ANTAPANI,SDN 259 GRIYA BUMI ANTAPANI KOTA BANDUNG,20245580,AKTIVASI SISWA,65,ORANG,2019
1775,32,JAWA BARAT,3273,KOTA BANDUNG,3273141,ANTAPANI,32.73.20,ANTAPANI,SDN 260 GRIYA BUMI ANTAPANI KOTA BANDUNG,20245582,AKTIVASI SISWA,117,ORANG,2019
1776,32,JAWA BARAT,3273,KOTA BANDUNG,3273090,BUAHBATU,32.73.22,BUAHBATU,SDN 261 MARGAHAYU RAYA KOTA BANDUNG,20246408,AKTIVASI SISWA,28,ORANG,2019
1777,32,JAWA BARAT,3273,KOTA BANDUNG,3273111,PANYILEUKAN,32.73.28,PANYILEUKAN,SDN 262 PANYILEUKAN KOTA BANDUNG,20245724,AKTIVASI SISWA,34,ORANG,2019
1778,32,JAWA BARAT,3273,KOTA BANDUNG,3273100,RANCASARI,32.73.23,RANCASARI,SDN 263 RANCALOA KOTA BANDUNG,20245756,AKTIVASI SISWA,161,ORANG,2019
1779,32,JAWA BARAT,3273,KOTA BANDUNG,3273141,ANTAPANI,32.73.20,ANTAPANI,SDN 264 GRIYA BUMI ANTAPANI KOTA BANDUNG,20245577,AKTIVASI SISWA,120,ORANG,2019
1780,32,JAWA BARAT,3273,KOTA BANDUNG,3273050,ASTANAANYAR,32.73.10,ASTANA ANYAR,SDN 265 BANDUNGKULON KOTA BANDUNG,20244949,AKTIVASI SISWA,260,ORANG,2019
1781,32,JAWA BARAT,3273,KOTA BANDUNG,3273080,BANDUNG KIDUL,32.73.21,BANDUNG KIDUL,SDN 266 MENGGER KOTA BANDUNG,20245049,AKTIVASI SISWA,30,ORANG,2019
1782,32,JAWA BARAT,3273,KOTA BANDUNG,3273141,ANTAPANI,32.73.20,ANTAPANI,SDN 267 GRIYA BUMI ANTAPANI KOTA BANDUNG,20245573,AKTIVASI SISWA,126,ORANG,2019
1783,32,JAWA BARAT,3273,KOTA BANDUNG,3273111,PANYILEUKAN,32.73.28,PANYILEUKAN,SDN 268 PANYILEUKAN KOTA BANDUNG,20245726,AKTIVASI SISWA,36,ORANG,2019
1784,32,JAWA BARAT,3273,KOTA BANDUNG,3273141,ANTAPANI,32.73.20,ANTAPANI,SDN 269 GRIYA BUMI ANTAPANI KOTA BANDUNG,20245579,AKTIVASI SISWA,108,ORANG,2019
1785,32,JAWA BARAT,3273,KOTA BANDUNG,3273030,BOJONGLOA KALER,32.73.04,BOJONGLOA KALER,SDN 270 GENTRA MASEKDAS KOTA BANDUNG,20244974,AKTIVASI SISWA,219,ORANG,2019
1786,32,JAWA BARAT,3273,KOTA BANDUNG,3273111,PANYILEUKAN,32.73.28,PANYILEUKAN,SDN 271 PANGHEGAR KOTA BANDUNG,20245723,AKTIVASI SISWA,20,ORANG,2019
1787,32,JAWA BARAT,3273,KOTA BANDUNG,3273240,SUKAJADI,32.73.07,SUKAJADI,SDN 272 SUKASARI KOTA BANDUNG,20245274,AKTIVASI SISWA,109,ORANG,2019
1788,32,JAWA BARAT,3273,KOTA BANDUNG,3273010,BANDUNG KULON,32.73.15,BANDUNG KULON,SDN 273 GEMPOL SARI KOTA BANDUNG,20244863,AKTIVASI SISWA,31,ORANG,2019
1789,32,JAWA BARAT,3273,KOTA BANDUNG,3273101,GEDEBAGE,32.73.27,GEDEBAGE,SDN 274 CEMPAKA ARUM KOTA BANDUNG,20245486,AKTIVASI SISWA,23,ORANG,2019
1790,32,JAWA BARAT,3273,KOTA BANDUNG,3273190,CICENDO,32.73.06,CICENDO,SD 1 KRISTEN PAULUS,20219591,AKTIVASI SISWA,5,ORANG,2019
1791,32,JAWA BARAT,3273,KOTA BANDUNG,3273170,SUMUR BANDUNG,32.73.19,SUMUR BANDUNG,SD 3 KRISTEN PAULUS,20219588,AKTIVASI SISWA,2,ORANG,2019
1792,32,JAWA BARAT,3273,KOTA BANDUNG,3273142,MANDALAJATI,32.73.30,MANDALAJATI,SD ABU AZIS,69947473,AKTIVASI SISWA,0,ORANG,2019
1793,32,JAWA BARAT,3273,KOTA BANDUNG,3273180,ANDIR,32.73.05,ANDIR,SD ADVENT CIMINDI,20219531,AKTIVASI SISWA,10,ORANG,2019
1794,32,JAWA BARAT,3273,KOTA BANDUNG,3273230,COBLONG,32.73.02,COBLONG,SD ADVENT II BANDUNG,20258082,AKTIVASI SISWA,3,ORANG,2019
1795,32,JAWA BARAT,3273,KOTA BANDUNG,3273170,SUMUR BANDUNG,32.73.19,SUMUR BANDUNG,SD ADVENT NARIPAN,20219530,AKTIVASI SISWA,0,ORANG,2019
1796,32,JAWA BARAT,3273,KOTA BANDUNG,3273260,CIDADAP,32.73.08,CIDADAP,SD ADZKIA,69932122,AKTIVASI SISWA,26,ORANG,2019
1797,32,JAWA BARAT,3273,KOTA BANDUNG,3273070,LENGKONG,32.73.13,LENGKONG,SD AL AZHAR 36,69752555,AKTIVASI SISWA,5,ORANG,2019
1798,32,JAWA BARAT,3273,KOTA BANDUNG,3273020,BABAKAN CIPARAY,32.73.03,BABAKAN CIPARAY,SD AL BAROKAH,20219528,AKTIVASI SISWA,80,ORANG,2019
1799,32,JAWA BARAT,3273,KOTA BANDUNG,3273040,BOJONGLOA KIDUL,32.73.17,BOJONGLOA KIDUL,SD AL BASYARIYAH,20219527,AKTIVASI SISWA,16,ORANG,2019
1800,32,JAWA BARAT,3273,KOTA BANDUNG,3273230,COBLONG,32.73.02,COBLONG,SD AL FALAH,20219526,AKTIVASI SISWA,33,ORANG,2019
1801,32,JAWA BARAT,3273,KOTA BANDUNG,3273030,BOJONGLOA KALER,32.73.04,BOJONGLOA KALER,SD AL FATAH,20219525,AKTIVASI SISWA,126,ORANG,2019
1802,32,JAWA BARAT,3273,KOTA BANDUNG,3273190,CICENDO,32.73.06,CICENDO,SD AL FATAH AL HASAN,20219524,AKTIVASI SISWA,56,ORANG,2019
1803,32,JAWA BARAT,3273,KOTA BANDUNG,3273030,BOJONGLOA KALER,32.73.04,BOJONGLOA KALER,SD AL HIDAYAH,20219523,AKTIVASI SISWA,125,ORANG,2019
1804,32,JAWA BARAT,3273,KOTA BANDUNG,3273260,CIDADAP,32.73.08,CIDADAP,SD AL HUSAINIYYAH,20219544,AKTIVASI SISWA,109,ORANG,2019
1805,32,JAWA BARAT,3273,KOTA BANDUNG,3273240,SUKAJADI,32.73.07,SUKAJADI,SD AL IKHLAS,20219532,AKTIVASI SISWA,79,ORANG,2019
1806,32,JAWA BARAT,3273,KOTA BANDUNG,3273260,CIDADAP,32.73.08,CIDADAP,SD AL- HIDAYAH,20252052,AKTIVASI SISWA,41,ORANG,2019
1807,32,JAWA BARAT,3273,KOTA BANDUNG,3273230,COBLONG,32.73.02,COBLONG,SD AL-AMIN,20219529,AKTIVASI SISWA,85,ORANG,2019
1808,32,JAWA BARAT,3273,KOTA BANDUNG,3273130,ARCAMANIK,32.73.24,ARCAMANIK,SD AL-IHSAN ISLAMIC SCHOOL,69969798,AKTIVASI SISWA,0,ORANG,2019
1809,32,JAWA BARAT,3273,KOTA BANDUNG,3273142,MANDALAJATI,32.73.30,MANDALAJATI,SD AL-IRHAAM GLOBAL ISLAMIC SCHOOL,20252083,AKTIVASI SISWA,0,ORANG,2019
1810,32,JAWA BARAT,3273,KOTA BANDUNG,3273230,COBLONG,32.73.02,COBLONG,SD ALAM BANDUNG,20269424,AKTIVASI SISWA,1,ORANG,2019
1811,32,JAWA BARAT,3273,KOTA BANDUNG,3273010,BANDUNG KULON,32.73.15,BANDUNG KULON,SD ANDIR MUKTI,20219533,AKTIVASI SISWA,109,ORANG,2019
1812,32,JAWA BARAT,3273,KOTA BANDUNG,3273190,CICENDO,32.73.06,CICENDO,SD ANGKASA 1,20219534,AKTIVASI SISWA,11,ORANG,2019
1813,32,JAWA BARAT,3273,KOTA BANDUNG,3273190,CICENDO,32.73.06,CICENDO,SD ANGKASA 3,20219542,AKTIVASI SISWA,1,ORANG,2019
1814,32,JAWA BARAT,3273,KOTA BANDUNG,3273230,COBLONG,32.73.02,COBLONG,SD AR-RAHMAN DARUL ILMI,69934958,AKTIVASI SISWA,0,ORANG,2019
1815,32,JAWA BARAT,3273,KOTA BANDUNG,3273150,KIARACONDONG,32.73.16,KIARACONDONG,SD ARRAFI,20247205,AKTIVASI SISWA,5,ORANG,2019
1816,32,JAWA BARAT,3273,KOTA BANDUNG,3273101,GEDEBAGE,32.73.27,GEDEBAGE,SD ASHFIYA,69922041,AKTIVASI SISWA,0,ORANG,2019
1817,32,JAWA BARAT,3273,KOTA BANDUNG,3273060,REGOL,32.73.11,REGOL,SD ASSALAAM,20219541,AKTIVASI SISWA,1,ORANG,2019
1818,32,JAWA BARAT,3273,KOTA BANDUNG,3273100,RANCASARI,32.73.23,RANCASARI,SD ASY-SYIFA 1,20219539,AKTIVASI SISWA,2,ORANG,2019
1819,32,JAWA BARAT,3273,KOTA BANDUNG,3273141,ANTAPANI,32.73.20,ANTAPANI,SD ASY-SYIFA 2,20219580,AKTIVASI SISWA,7,ORANG,2019
1820,32,JAWA BARAT,3273,KOTA BANDUNG,3273010,BANDUNG KULON,32.73.15,BANDUNG KULON,SD ATTAZHIMIYAH,20219538,AKTIVASI SISWA,41,ORANG,2019
1821,32,JAWA BARAT,3273,KOTA BANDUNG,3273090,BUAHBATU,32.73.22,BUAHBATU,SD AZ-ZAKIYAH,20219579,AKTIVASI SISWA,3,ORANG,2019
1822,32,JAWA BARAT,3273,KOTA BANDUNG,3273010,BANDUNG KULON,32.73.15,BANDUNG KULON,SD BAITUL HIKMAH,69947447,AKTIVASI SISWA,2,ORANG,2019
1823,32,JAWA BARAT,3273,KOTA BANDUNG,3273180,ANDIR,32.73.05,ANDIR,SD BALA KESELAMATAN,20219585,AKTIVASI SISWA,9,ORANG,2019
1824,32,JAWA BARAT,3273,KOTA BANDUNG,3273070,LENGKONG,32.73.13,LENGKONG,SD BANDUNG ISLAMIC SCHOOL,69971730,AKTIVASI SISWA,0,ORANG,2019
1825,32,JAWA BARAT,3273,KOTA BANDUNG,3273010,BANDUNG KULON,32.73.15,BANDUNG KULON,SD BANDUNG RAYA,20219537,AKTIVASI SISWA,64,ORANG,2019
1826,32,JAWA BARAT,3273,KOTA BANDUNG,3273060,REGOL,32.73.11,REGOL,SD BINA TALENTA,20247274,AKTIVASI SISWA,0,ORANG,2019
1827,32,JAWA BARAT,3273,KOTA BANDUNG,3273130,ARCAMANIK,32.73.24,ARCAMANIK,SD BINTANG MADANI,20270664,AKTIVASI SISWA,1,ORANG,2019
1828,32,JAWA BARAT,3273,KOTA BANDUNG,3273180,ANDIR,32.73.05,ANDIR,SD BODHI SINAR TERANG,69967567,AKTIVASI SISWA,0,ORANG,2019
1829,32,JAWA BARAT,3273,KOTA BANDUNG,3273070,LENGKONG,32.73.13,LENGKONG,SD BPI,20219536,AKTIVASI SISWA,2,ORANG,2019
1830,32,JAWA BARAT,3273,KOTA BANDUNG,3273180,ANDIR,32.73.05,ANDIR,SD BPMD TARUNA,20219535,AKTIVASI SISWA,65,ORANG,2019
1831,32,JAWA BARAT,3273,KOTA BANDUNG,3273090,BUAHBATU,32.73.22,BUAHBATU,SD BUDI ASIH,20219522,AKTIVASI SISWA,71,ORANG,2019
1832,32,JAWA BARAT,3273,KOTA BANDUNG,3273070,LENGKONG,32.73.13,LENGKONG,SD BUDI ISTRI,20219617,AKTIVASI SISWA,82,ORANG,2019
1833,32,JAWA BARAT,3273,KOTA BANDUNG,3273040,BOJONGLOA KIDUL,32.73.17,BOJONGLOA KIDUL,SD BUDI SASTRA,20219604,AKTIVASI SISWA,116,ORANG,2019
1834,32,JAWA BARAT,3273,KOTA BANDUNG,3273010,BANDUNG KULON,32.73.15,BANDUNG KULON,SD CAHAYA NUSANTARA,20258325,AKTIVASI SISWA,1,ORANG,2019
1835,32,JAWA BARAT,3273,KOTA BANDUNG,3273020,BABAKAN CIPARAY,32.73.03,BABAKAN CIPARAY,SD CAHAYA PELITA,20219603,AKTIVASI SISWA,143,ORANG,2019
1836,32,JAWA BARAT,3273,KOTA BANDUNG,3273240,SUKAJADI,32.73.07,SUKAJADI,SD CEMARA,20219601,AKTIVASI SISWA,29,ORANG,2019
1837,32,JAWA BARAT,3273,KOTA BANDUNG,3273130,ARCAMANIK,32.73.24,ARCAMANIK,SD CENDEKIA MUDA,20255299,AKTIVASI SISWA,0,ORANG,2019
1838,32,JAWA BARAT,3273,KOTA BANDUNG,3273100,RANCASARI,32.73.23,RANCASARI,SD CERDAS MULIA EKSELENSIA,69949228,AKTIVASI SISWA,0,ORANG,2019
1839,32,JAWA BARAT,3273,KOTA BANDUNG,3273130,ARCAMANIK,32.73.24,ARCAMANIK,SD CERDAS MUTHAHHARI,20267679,AKTIVASI SISWA,0,ORANG,2019
1840,32,JAWA BARAT,3273,KOTA BANDUNG,3273070,LENGKONG,32.73.13,LENGKONG,SD CIPAERA,20219599,AKTIVASI SISWA,80,ORANG,2019
1841,32,JAWA BARAT,3273,KOTA BANDUNG,3273160,BATUNUNGGAL,32.73.12,BATUNUNGGAL,SD CIPTA KARYA,20246315,AKTIVASI SISWA,121,ORANG,2019
1842,32,JAWA BARAT,3273,KOTA BANDUNG,3273010,BANDUNG KULON,32.73.15,BANDUNG KULON,SD CITRA CEMARA,20269306,AKTIVASI SISWA,5,ORANG,2019
1843,32,JAWA BARAT,3273,KOTA BANDUNG,3273240,SUKAJADI,32.73.07,SUKAJADI,SD CITRA WINAYA,20219598,AKTIVASI SISWA,52,ORANG,2019
1844,32,JAWA BARAT,3273,KOTA BANDUNG,3273230,COBLONG,32.73.02,COBLONG,SD DARUL HIKAM,20219597,AKTIVASI SISWA,9,ORANG,2019
1845,32,JAWA BARAT,3273,KOTA BANDUNG,3273060,REGOL,32.73.11,REGOL,SD DEWI SARTIKA,20219596,AKTIVASI SISWA,6,ORANG,2019
1846,32,JAWA BARAT,3273,KOTA BANDUNG,3273060,REGOL,32.73.11,REGOL,SD DIAN KENCANA,20219606,AKTIVASI SISWA,12,ORANG,2019
1847,32,JAWA BARAT,3273,KOTA BANDUNG,3273030,BOJONGLOA KALER,32.73.04,BOJONGLOA KALER,SD DWI AMANAT,20219607,AKTIVASI SISWA,87,ORANG,2019
1848,32,JAWA BARAT,3273,KOTA BANDUNG,3273180,ANDIR,32.73.05,ANDIR,SD DWISAKTI,20219616,AKTIVASI SISWA,2,ORANG,2019
1849,32,JAWA BARAT,3273,KOTA BANDUNG,3273141,ANTAPANI,32.73.20,ANTAPANI,SD EL FITRA,69948519,AKTIVASI SISWA,12,ORANG,2019
1850,32,JAWA BARAT,3273,KOTA BANDUNG,3273070,LENGKONG,32.73.13,LENGKONG,SD GAGAS CERIA,20247207,AKTIVASI SISWA,0,ORANG,2019
1851,32,JAWA BARAT,3273,KOTA BANDUNG,3273050,ASTANAANYAR,32.73.10,ASTANA ANYAR,SD GANESHA,20219615,AKTIVASI SISWA,23,ORANG,2019
1852,32,JAWA BARAT,3273,KOTA BANDUNG,3273240,SUKAJADI,32.73.07,SUKAJADI,SD GIKI,20219614,AKTIVASI SISWA,1,ORANG,2019
1853,32,JAWA BARAT,3273,KOTA BANDUNG,3273030,BOJONGLOA KALER,32.73.04,BOJONGLOA KALER,SD GRACIA 2,20219612,AKTIVASI SISWA,4,ORANG,2019
1854,32,JAWA BARAT,3273,KOTA BANDUNG,3273040,BOJONGLOA KIDUL,32.73.17,BOJONGLOA KIDUL,SD HARAPAN KASIH,69895387,AKTIVASI SISWA,0,ORANG,2019
1855,32,JAWA BARAT,3273,KOTA BANDUNG,3273150,KIARACONDONG,32.73.16,KIARACONDONG,SD HAS DARUL ILMI,69947365,AKTIVASI SISWA,3,ORANG,2019
1856,32,JAWA BARAT,3273,KOTA BANDUNG,3273240,SUKAJADI,32.73.07,SUKAJADI,SD IBNU TAIMIYAH,20219610,AKTIVASI SISWA,13,ORANG,2019
1857,32,JAWA BARAT,3273,KOTA BANDUNG,3273160,BATUNUNGGAL,32.73.12,BATUNUNGGAL,SD IGNATIUS SLAMET RIYADI,20219609,AKTIVASI SISWA,1,ORANG,2019
1858,32,JAWA BARAT,3273,KOTA BANDUNG,3273150,KIARACONDONG,32.73.16,KIARACONDONG,SD IGNATIUS SLAMET RIYADI 2,20219608,AKTIVASI SISWA,1,ORANG,2019
1859,32,JAWA BARAT,3273,KOTA BANDUNG,3273190,CICENDO,32.73.06,CICENDO,SD INDUSTRI,20219595,AKTIVASI SISWA,19,ORANG,2019
1860,32,JAWA BARAT,3273,KOTA BANDUNG,3273110,CIBIRU,32.73.25,CIBIRU,SD INTAN AL-SALI,69952860,AKTIVASI SISWA,6,ORANG,2019
1861,32,JAWA BARAT,3273,KOTA BANDUNG,3273070,LENGKONG,32.73.13,LENGKONG,SD IRK,20219594,AKTIVASI SISWA,33,ORANG,2019
1862,32,JAWA BARAT,3273,KOTA BANDUNG,3273250,SUKASARI,32.73.01,SUKASARI,SD ISLAM AL AZHAR 30,20253348,AKTIVASI SISWA,4,ORANG,2019
1863,32,JAWA BARAT,3273,KOTA BANDUNG,3273141,ANTAPANI,32.73.20,ANTAPANI,SD ISLAM MUTIARA HATI,20254714,AKTIVASI SISWA,3,ORANG,2019
1864,32,JAWA BARAT,3273,KOTA BANDUNG,3273220,CIBEUNYING KALER,32.73.18,CIBEUNYING KALER,SD ISLAM TERPADU AL IRSYAD,20253818,AKTIVASI SISWA,3,ORANG,2019
1865,32,JAWA BARAT,3273,KOTA BANDUNG,3273130,ARCAMANIK,32.73.24,ARCAMANIK,SD ISLAM TERPADU LUQMANUL HAKIM,20219577,AKTIVASI SISWA,3,ORANG,2019
1866,32,JAWA BARAT,3273,KOTA BANDUNG,3273200,BANDUNG WETAN,32.73.09,BANDUNG WETAN,SD ISTIQAMAH,20219578,AKTIVASI SISWA,0,ORANG,2019
1867,32,JAWA BARAT,3273,KOTA BANDUNG,3273100,RANCASARI,32.73.23,RANCASARI,SD IT AL FITRAH,20269138,AKTIVASI SISWA,19,ORANG,2019
1868,32,JAWA BARAT,3273,KOTA BANDUNG,3273080,BANDUNG KIDUL,32.73.21,BANDUNG KIDUL,SD IT AL-FAJAR,20267927,AKTIVASI SISWA,3,ORANG,2019
1869,32,JAWA BARAT,3273,KOTA BANDUNG,3273210,CIBEUNYING KIDUL,32.73.14,CIBEUNYING KIDUL,SD ITQAN ISLAMIC SCHOOL,69946543,AKTIVASI SISWA,3,ORANG,2019
1870,32,JAWA BARAT,3273,KOTA BANDUNG,3273160,BATUNUNGGAL,32.73.12,BATUNUNGGAL,SD JEMBAR,20219576,AKTIVASI SISWA,25,ORANG,2019
1871,32,JAWA BARAT,3273,KOTA BANDUNG,3273111,PANYILEUKAN,32.73.28,PANYILEUKAN,SD JUARA,69734138,AKTIVASI SISWA,137,ORANG,2019
1872,32,JAWA BARAT,3273,KOTA BANDUNG,3273210,CIBEUNYING KIDUL,32.73.14,CIBEUNYING KIDUL,SD KARAKTER AZ-ZAHRA,20279824,AKTIVASI SISWA,22,ORANG,2019
1873,32,JAWA BARAT,3273,KOTA BANDUNG,3273070,LENGKONG,32.73.13,LENGKONG,SD KARTIKA X-1,20219574,AKTIVASI SISWA,8,ORANG,2019
1874,32,JAWA BARAT,3273,KOTA BANDUNG,3273070,LENGKONG,32.73.13,LENGKONG,SD KARTIKA X-2,20219573,AKTIVASI SISWA,4,ORANG,2019
1875,32,JAWA BARAT,3273,KOTA BANDUNG,3273170,SUMUR BANDUNG,32.73.19,SUMUR BANDUNG,SD KARTIKA XIX - 1,20219575,AKTIVASI SISWA,0,ORANG,2019
1876,32,JAWA BARAT,3273,KOTA BANDUNG,3273010,BANDUNG KULON,32.73.15,BANDUNG KULON,SD KASIH BANGSA,69894361,AKTIVASI SISWA,1,ORANG,2019
1877,32,JAWA BARAT,3273,KOTA BANDUNG,3273050,ASTANAANYAR,32.73.10,ASTANA ANYAR,SD KEMAH INDONESIA,20219572,AKTIVASI SISWA,39,ORANG,2019
1878,32,JAWA BARAT,3273,KOTA BANDUNG,3273070,LENGKONG,32.73.13,LENGKONG,SD KEMALA BHAYANGKARI 1,20219581,AKTIVASI SISWA,4,ORANG,2019
1879,32,JAWA BARAT,3273,KOTA BANDUNG,3273190,CICENDO,32.73.06,CICENDO,SD KRISTEN 1 BINA BAKTI,20219583,AKTIVASI SISWA,0,ORANG,2019
1880,32,JAWA BARAT,3273,KOTA BANDUNG,3273190,CICENDO,32.73.06,CICENDO,SD KRISTEN 2 BINA BAKTI,20219590,AKTIVASI SISWA,0,ORANG,2019
1881,32,JAWA BARAT,3273,KOTA BANDUNG,3273070,LENGKONG,32.73.13,LENGKONG,SD KRISTEN 5 BPK PENABUR,20219587,AKTIVASI SISWA,0,ORANG,2019
1882,32,JAWA BARAT,3273,KOTA BANDUNG,3273180,ANDIR,32.73.05,ANDIR,SD KRISTEN 6 BPK PENABUR,20219586,AKTIVASI SISWA,7,ORANG,2019
1883,32,JAWA BARAT,3273,KOTA BANDUNG,3273200,BANDUNG WETAN,32.73.09,BANDUNG WETAN,SD KRISTEN BAPTIS,20219584,AKTIVASI SISWA,6,ORANG,2019
1884,32,JAWA BARAT,3273,KOTA BANDUNG,3273200,BANDUNG WETAN,32.73.09,BANDUNG WETAN,SD KRISTEN BPK PENABUR BANDA,20268647,AKTIVASI SISWA,0,ORANG,2019
1885,32,JAWA BARAT,3273,KOTA BANDUNG,3273040,BOJONGLOA KIDUL,32.73.17,BOJONGLOA KIDUL,SD KRISTEN BPK PENABUR SINGGASANA,69760835,AKTIVASI SISWA,0,ORANG,2019
1886,32,JAWA BARAT,3273,KOTA BANDUNG,3273010,BANDUNG KULON,32.73.15,BANDUNG KULON,SD KRISTEN BPK PENABUR TAMAN HOLIS INDAH,20219822,AKTIVASI SISWA,0,ORANG,2019
1887,32,JAWA BARAT,3273,KOTA BANDUNG,3273190,CICENDO,32.73.06,CICENDO,SD KRISTEN BPPK,20219858,AKTIVASI SISWA,2,ORANG,2019
1888,32,JAWA BARAT,3273,KOTA BANDUNG,3273040,BOJONGLOA KIDUL,32.73.17,BOJONGLOA KIDUL,SD KRISTEN DIAN EMAS,20219845,AKTIVASI SISWA,1,ORANG,2019
1889,32,JAWA BARAT,3273,KOTA BANDUNG,3273050,ASTANAANYAR,32.73.10,ASTANA ANYAR,SD KRISTEN GAMALIEL,20219844,AKTIVASI SISWA,5,ORANG,2019
1890,32,JAWA BARAT,3273,KOTA BANDUNG,3273260,CIDADAP,32.73.08,CIDADAP,SD KRISTEN HIDUP BARU,20258399,AKTIVASI SISWA,3,ORANG,2019
1891,32,JAWA BARAT,3273,KOTA BANDUNG,3273060,REGOL,32.73.11,REGOL,SD KRISTEN KALAM KUDUS,20219843,AKTIVASI SISWA,3,ORANG,2019
1892,32,JAWA BARAT,3273,KOTA BANDUNG,3273010,BANDUNG KULON,32.73.15,BANDUNG KULON,SD KRISTEN PELITA,20219842,AKTIVASI SISWA,4,ORANG,2019
1893,32,JAWA BARAT,3273,KOTA BANDUNG,3273180,ANDIR,32.73.05,ANDIR,SD KRISTEN TRIMULIA,20219840,AKTIVASI SISWA,3,ORANG,2019
1894,32,JAWA BARAT,3273,KOTA BANDUNG,3273200,BANDUNG WETAN,32.73.09,BANDUNG WETAN,SD KRISTEN YAHYA,20219839,AKTIVASI SISWA,4,ORANG,2019
1895,32,JAWA BARAT,3273,KOTA BANDUNG,3273260,CIDADAP,32.73.08,CIDADAP,SD KUNTUM CEMERLANG,20255260,AKTIVASI SISWA,0,ORANG,2019
1896,32,JAWA BARAT,3273,KOTA BANDUNG,3273250,SUKASARI,32.73.01,SUKASARI,SD LABORATORIUM PERCONTOHAN UPI,20252973,AKTIVASI SISWA,4,ORANG,2019
1897,32,JAWA BARAT,3273,KOTA BANDUNG,3273200,BANDUNG WETAN,32.73.09,BANDUNG WETAN,SD LINGGAWASTU,20219838,AKTIVASI SISWA,124,ORANG,2019
1898,32,JAWA BARAT,3273,KOTA BANDUNG,3273180,ANDIR,32.73.05,ANDIR,SD LPPN,20219837,AKTIVASI SISWA,125,ORANG,2019
1899,32,JAWA BARAT,3273,KOTA BANDUNG,3273180,ANDIR,32.73.05,ANDIR,SD MALEBER BARAT,20219846,AKTIVASI SISWA,43,ORANG,2019
1900,32,JAWA BARAT,3273,KOTA BANDUNG,3273180,ANDIR,32.73.05,ANDIR,SD MALEBER SELATAN,20219847,AKTIVASI SISWA,45,ORANG,2019
1901,32,JAWA BARAT,3273,KOTA BANDUNG,3273180,ANDIR,32.73.05,ANDIR,SD MALEBER UTARA,20219848,AKTIVASI SISWA,31,ORANG,2019
1902,32,JAWA BARAT,3273,KOTA BANDUNG,3273180,ANDIR,32.73.05,ANDIR,SD MARIA BINTANG LAUT,20219857,AKTIVASI SISWA,3,ORANG,2019
1903,32,JAWA BARAT,3273,KOTA BANDUNG,3273200,BANDUNG WETAN,32.73.09,BANDUNG WETAN,SD MATHLAUL KHAIRIYAH,20219856,AKTIVASI SISWA,155,ORANG,2019
1904,32,JAWA BARAT,3273,KOTA BANDUNG,3273220,CIBEUNYING KALER,32.73.18,CIBEUNYING KALER,SD MELANIA,20219883,AKTIVASI SISWA,12,ORANG,2019
1905,32,JAWA BARAT,3273,KOTA BANDUNG,3273250,SUKASARI,32.73.01,SUKASARI,SD MIFTAHUL IMAN,20219855,AKTIVASI SISWA,46,ORANG,2019
1906,32,JAWA BARAT,3273,KOTA BANDUNG,3273070,LENGKONG,32.73.13,LENGKONG,SD MUHAMMADIYAH 1,20219854,AKTIVASI SISWA,10,ORANG,2019
1907,32,JAWA BARAT,3273,KOTA BANDUNG,3273150,KIARACONDONG,32.73.16,KIARACONDONG,SD MUHAMMADIYAH 2,20219853,AKTIVASI SISWA,65,ORANG,2019
1908,32,JAWA BARAT,3273,KOTA BANDUNG,3273210,CIBEUNYING KIDUL,32.73.14,CIBEUNYING KIDUL,SD MUHAMMADIYAH 3,20219852,AKTIVASI SISWA,8,ORANG,2019
1909,32,JAWA BARAT,3273,KOTA BANDUNG,3273240,SUKAJADI,32.73.07,SUKAJADI,SD MUHAMMADIYAH 4,20219851,AKTIVASI SISWA,124,ORANG,2019
1910,32,JAWA BARAT,3273,KOTA BANDUNG,3273040,BOJONGLOA KIDUL,32.73.17,BOJONGLOA KIDUL,SD MUHAMMADIYAH 5,20219850,AKTIVASI SISWA,86,ORANG,2019
1911,32,JAWA BARAT,3273,KOTA BANDUNG,3273260,CIDADAP,32.73.08,CIDADAP,SD MUHAMMADIYAH 6,20219849,AKTIVASI SISWA,92,ORANG,2019
1912,32,JAWA BARAT,3273,KOTA BANDUNG,3273141,ANTAPANI,32.73.20,ANTAPANI,SD MUHAMMADIYAH 7,20219836,AKTIVASI SISWA,35,ORANG,2019
1913,32,JAWA BARAT,3273,KOTA BANDUNG,3273111,PANYILEUKAN,32.73.28,PANYILEUKAN,SD MUHAMMADIYAH 8,20219835,AKTIVASI SISWA,87,ORANG,2019
1914,32,JAWA BARAT,3273,KOTA BANDUNG,3273180,ANDIR,32.73.05,ANDIR,SD MUTIARA,20219834,AKTIVASI SISWA,121,ORANG,2019
1915,32,JAWA BARAT,3273,KOTA BANDUNG,3273130,ARCAMANIK,32.73.24,ARCAMANIK,SD MUTIARA BUNDA,20253757,AKTIVASI SISWA,0,ORANG,2019
1916,32,JAWA BARAT,3273,KOTA BANDUNG,3273060,REGOL,32.73.11,REGOL,SD NUGRAHA,20219821,AKTIVASI SISWA,40,ORANG,2019
1917,32,JAWA BARAT,3273,KOTA BANDUNG,3273190,CICENDO,32.73.06,CICENDO,SD PANDU,20219820,AKTIVASI SISWA,2,ORANG,2019
1918,32,JAWA BARAT,3273,KOTA BANDUNG,3273020,BABAKAN CIPARAY,32.73.03,BABAKAN CIPARAY,SD PANGKALAN,20219819,AKTIVASI SISWA,17,ORANG,2019
1919,32,JAWA BARAT,3273,KOTA BANDUNG,3273170,SUMUR BANDUNG,32.73.19,SUMUR BANDUNG,SD PARDOMUAN,20219818,AKTIVASI SISWA,11,ORANG,2019
1920,32,JAWA BARAT,3273,KOTA BANDUNG,3273170,SUMUR BANDUNG,32.73.19,SUMUR BANDUNG,SD PASUNDAN 1,20219817,AKTIVASI SISWA,9,ORANG,2019
1921,32,JAWA BARAT,3273,KOTA BANDUNG,3273020,BABAKAN CIPARAY,32.73.03,BABAKAN CIPARAY,SD PASUNDAN 2,20219816,AKTIVASI SISWA,125,ORANG,2019
1922,32,JAWA BARAT,3273,KOTA BANDUNG,3273020,BABAKAN CIPARAY,32.73.03,BABAKAN CIPARAY,SD PASUNDAN 3,20219815,AKTIVASI SISWA,176,ORANG,2019
1923,32,JAWA BARAT,3273,KOTA BANDUNG,3273210,CIBEUNYING KIDUL,32.73.14,CIBEUNYING KIDUL,SD PELITA,20219814,AKTIVASI SISWA,41,ORANG,2019
1924,32,JAWA BARAT,3273,KOTA BANDUNG,3273050,ASTANAANYAR,32.73.10,ASTANA ANYAR,SD PELITA BANGSA,20253917,AKTIVASI SISWA,8,ORANG,2019
1925,32,JAWA BARAT,3273,KOTA BANDUNG,3273030,BOJONGLOA KALER,32.73.04,BOJONGLOA KALER,SD PELITA FAJAR,60728783,AKTIVASI SISWA,1,ORANG,2019
1926,32,JAWA BARAT,3273,KOTA BANDUNG,3273190,CICENDO,32.73.06,CICENDO,SD PELITA JASA,20219813,AKTIVASI SISWA,69,ORANG,2019
1927,32,JAWA BARAT,3273,KOTA BANDUNG,3273250,SUKASARI,32.73.01,SUKASARI,SD PELITA NUSANTARA,20247253,AKTIVASI SISWA,0,ORANG,2019
1928,32,JAWA BARAT,3273,KOTA BANDUNG,3273200,BANDUNG WETAN,32.73.09,BANDUNG WETAN,SD PERTIWI,20219823,AKTIVASI SISWA,156,ORANG,2019
1929,32,JAWA BARAT,3273,KOTA BANDUNG,3273060,REGOL,32.73.11,REGOL,SD PLUS AL FATWA,20246728,AKTIVASI SISWA,20,ORANG,2019
1930,32,JAWA BARAT,3273,KOTA BANDUNG,3273130,ARCAMANIK,32.73.24,ARCAMANIK,SD PLUS AL GHIFARI,20219824,AKTIVASI SISWA,0,ORANG,2019
1931,32,JAWA BARAT,3273,KOTA BANDUNG,3273120,UJUNG BERUNG,32.73.26,UJUNGBERUNG,SD PLUS BAITURRAHMAN,20247254,AKTIVASI SISWA,29,ORANG,2019
1932,32,JAWA BARAT,3273,KOTA BANDUNG,3273180,ANDIR,32.73.05,ANDIR,SD PRASISTHA,20219833,AKTIVASI SISWA,12,ORANG,2019
1933,32,JAWA BARAT,3273,KOTA BANDUNG,3273200,BANDUNG WETAN,32.73.09,BANDUNG WETAN,SD PRIANGAN ISTIQAMAH,20219832,AKTIVASI SISWA,0,ORANG,2019
1934,32,JAWA BARAT,3273,KOTA BANDUNG,3273230,COBLONG,32.73.02,COBLONG,SD PROF. DR. MOESTOPO,20219830,AKTIVASI SISWA,0,ORANG,2019
1935,32,JAWA BARAT,3273,KOTA BANDUNG,3273180,ANDIR,32.73.05,ANDIR,SD RAJAWALI,20219829,AKTIVASI SISWA,19,ORANG,2019
1936,32,JAWA BARAT,3273,KOTA BANDUNG,3273130,ARCAMANIK,32.73.24,ARCAMANIK,SD RANCAKASUMBA,20219828,AKTIVASI SISWA,80,ORANG,2019
1937,32,JAWA BARAT,3273,KOTA BANDUNG,3273060,REGOL,32.73.11,REGOL,SD REHOBOTH,20219841,AKTIVASI SISWA,5,ORANG,2019
1938,32,JAWA BARAT,3273,KOTA BANDUNG,3273111,PANYILEUKAN,32.73.28,PANYILEUKAN,SD SAINS AL BIRUNI,20219827,AKTIVASI SISWA,0,ORANG,2019
1939,32,JAWA BARAT,3273,KOTA BANDUNG,3273230,COBLONG,32.73.02,COBLONG,SD SALMAN AL FARISI,20253819,AKTIVASI SISWA,3,ORANG,2019
1940,32,JAWA BARAT,3273,KOTA BANDUNG,3273020,BABAKAN CIPARAY,32.73.03,BABAKAN CIPARAY,SD SALUYU,20219826,AKTIVASI SISWA,39,ORANG,2019
1941,32,JAWA BARAT,3273,KOTA BANDUNG,3273170,SUMUR BANDUNG,32.73.19,SUMUR BANDUNG,SD SANTA ANGELA,20219825,AKTIVASI SISWA,0,ORANG,2019
1942,32,JAWA BARAT,3273,KOTA BANDUNG,3273200,BANDUNG WETAN,32.73.09,BANDUNG WETAN,SD SANTA URSULA,20219812,AKTIVASI SISWA,3,ORANG,2019
1943,32,JAWA BARAT,3273,KOTA BANDUNG,3273200,BANDUNG WETAN,32.73.09,BANDUNG WETAN,SD SANTO AGUSTINUS,20219894,AKTIVASI SISWA,1,ORANG,2019
1944,32,JAWA BARAT,3273,KOTA BANDUNG,3273200,BANDUNG WETAN,32.73.09,BANDUNG WETAN,SD SANTO ALOYSIUS TR,20219893,AKTIVASI SISWA,0,ORANG,2019
1945,32,JAWA BARAT,3273,KOTA BANDUNG,3273170,SUMUR BANDUNG,32.73.19,SUMUR BANDUNG,SD SANTO YUSUP,20219892,AKTIVASI SISWA,1,ORANG,2019
1946,32,JAWA BARAT,3273,KOTA BANDUNG,3273210,CIBEUNYING KIDUL,32.73.14,CIBEUNYING KIDUL,SD SANTO YUSUP I,20253862,AKTIVASI SISWA,5,ORANG,2019
1947,32,JAWA BARAT,3273,KOTA BANDUNG,3273220,CIBEUNYING KALER,32.73.18,CIBEUNYING KALER,SD SEJATI,20219891,AKTIVASI SISWA,54,ORANG,2019
1948,32,JAWA BARAT,3273,KOTA BANDUNG,3273240,SUKAJADI,32.73.07,SUKAJADI,SD SEMI PALAR,69883610,AKTIVASI SISWA,0,ORANG,2019
1949,32,JAWA BARAT,3273,KOTA BANDUNG,3273260,CIDADAP,32.73.08,CIDADAP,SD SURUUR,20219887,AKTIVASI SISWA,30,ORANG,2019
1950,32,JAWA BARAT,3273,KOTA BANDUNG,3273010,BANDUNG KULON,32.73.15,BANDUNG KULON,SD SURYANI DWI MARGA,20219889,AKTIVASI SISWA,86,ORANG,2019
1951,32,JAWA BARAT,3273,KOTA BANDUNG,3273030,BOJONGLOA KALER,32.73.04,BOJONGLOA KALER,SD SWADAYA 1,20219886,AKTIVASI SISWA,43,ORANG,2019
1952,32,JAWA BARAT,3273,KOTA BANDUNG,3273200,BANDUNG WETAN,32.73.09,BANDUNG WETAN,SD TARUNA BAKTI,20219885,AKTIVASI SISWA,0,ORANG,2019
1953,32,JAWA BARAT,3273,KOTA BANDUNG,3273250,SUKASARI,32.73.01,SUKASARI,SD TEMASEK INDEPENDENT SCHOOL,69935556,AKTIVASI SISWA,0,ORANG,2019
1954,32,JAWA BARAT,3273,KOTA BANDUNG,3273110,CIBIRU,32.73.25,CIBIRU,SD TERPADU KRIDA NUSANTARA,20246469,AKTIVASI SISWA,0,ORANG,2019
1955,32,JAWA BARAT,3273,KOTA BANDUNG,3273080,BANDUNG KIDUL,32.73.21,BANDUNG KIDUL,SD TIARA BUNDA,20268416,AKTIVASI SISWA,0,ORANG,2019
1956,32,JAWA BARAT,3273,KOTA BANDUNG,3273160,BATUNUNGGAL,32.73.12,BATUNUNGGAL,SD TRIKARSA,20219884,AKTIVASI SISWA,51,ORANG,2019
1957,32,JAWA BARAT,3273,KOTA BANDUNG,3273090,BUAHBATU,32.73.22,BUAHBATU,SD TULUS KARTIKA,20219895,AKTIVASI SISWA,2,ORANG,2019
1958,32,JAWA BARAT,3273,KOTA BANDUNG,3273142,MANDALAJATI,32.73.30,MANDALAJATI,SD TUNAS UNGGUL,20219896,AKTIVASI SISWA,0,ORANG,2019
1959,32,JAWA BARAT,3273,KOTA BANDUNG,3273240,SUKAJADI,32.73.07,SUKAJADI,SD UCHUWWATUL ISLAM,20219897,AKTIVASI SISWA,41,ORANG,2019
1960,32,JAWA BARAT,3273,KOTA BANDUNG,3273180,ANDIR,32.73.05,ANDIR,SD WINDU PUTRA,20219907,AKTIVASI SISWA,79,ORANG,2019
1961,32,JAWA BARAT,3273,KOTA BANDUNG,3273200,BANDUNG WETAN,32.73.09,BANDUNG WETAN,SD YAKESWA,20219906,AKTIVASI SISWA,78,ORANG,2019
1962,32,JAWA BARAT,3273,KOTA BANDUNG,3273050,ASTANAANYAR,32.73.10,ASTANA ANYAR,SD YAMI,20219905,AKTIVASI SISWA,100,ORANG,2019
1963,32,JAWA BARAT,3273,KOTA BANDUNG,3273210,CIBEUNYING KIDUL,32.73.14,CIBEUNYING KIDUL,SD YAYASAN ATIKAN SUNDA,20219904,AKTIVASI SISWA,18,ORANG,2019
1964,32,JAWA BARAT,3273,KOTA BANDUNG,3273070,LENGKONG,32.73.13,LENGKONG,SD YAYASAN BERIBU,20247256,AKTIVASI SISWA,18,ORANG,2019
1965,32,JAWA BARAT,3273,KOTA BANDUNG,3273200,BANDUNG WETAN,32.73.09,BANDUNG WETAN,SD YKPPK,20253349,AKTIVASI SISWA,30,ORANG,2019
1966,32,JAWA BARAT,3273,KOTA BANDUNG,3273060,REGOL,32.73.11,REGOL,SD YOS SUDARSO,20246460,AKTIVASI SISWA,6,ORANG,2019
1967,32,JAWA BARAT,3273,KOTA BANDUNG,3273190,CICENDO,32.73.06,CICENDO,SD YPI,20253257,AKTIVASI SISWA,31,ORANG,2019
1968,32,JAWA BARAT,3273,KOTA BANDUNG,3273160,BATUNUNGGAL,32.73.12,BATUNUNGGAL,SD YPU,20219902,AKTIVASI SISWA,100,ORANG,2019
1969,32,JAWA BARAT,3273,KOTA BANDUNG,3273180,ANDIR,32.73.05,ANDIR,SD YWKA REL HOMY SCHOOL,20219901,AKTIVASI SISWA,21,ORANG,2019
1970,32,JAWA BARAT,3273,KOTA BANDUNG,3273020,BABAKAN CIPARAY,32.73.03,BABAKAN CIPARAY,SKB UPT KOTA BANDUNG,P9962758,AKTIVASI SISWA,0,ORANG,2019
1971,32,JAWA BARAT,3273,KOTA BANDUNG,3273110,CIBIRU,32.73.25,CIBIRU,SLB ABCDE LOB,20280599,AKTIVASI SISWA,10,ORANG,2019
1972,32,JAWA BARAT,3273,KOTA BANDUNG,3273090,BUAHBATU,32.73.22,BUAHBATU,SLB AZ-ZAKIYAH,20280597,AKTIVASI SISWA,0,ORANG,2019
1973,32,JAWA BARAT,3273,KOTA BANDUNG,3273150,KIARACONDONG,32.73.16,KIARACONDONG,SLB B KARYA BHAKTI,20219869,AKTIVASI SISWA,0,ORANG,2019
1974,32,JAWA BARAT,3273,KOTA BANDUNG,3273110,CIBIRU,32.73.25,CIBIRU,SLB B SILIH ASIH,20219864,AKTIVASI SISWA,3,ORANG,2019
1975,32,JAWA BARAT,3273,KOTA BANDUNG,3273150,KIARACONDONG,32.73.16,KIARACONDONG,SLB B SUKAPURA,20219863,AKTIVASI SISWA,19,ORANG,2019
1976,32,JAWA BARAT,3273,KOTA BANDUNG,3273141,ANTAPANI,32.73.20,ANTAPANI,SLB B SUMBERSARI,20219862,AKTIVASI SISWA,8,ORANG,2019
1977,32,JAWA BARAT,3273,KOTA BANDUNG,3273100,RANCASARI,32.73.23,RANCASARI,SLB BC BINA KASIH,20219877,AKTIVASI SISWA,22,ORANG,2019
1978,32,JAWA BARAT,3273,KOTA BANDUNG,3273090,BUAHBATU,32.73.22,BUAHBATU,SLB BC HIKMAT,20219879,AKTIVASI SISWA,16,ORANG,2019
1979,32,JAWA BARAT,3273,KOTA BANDUNG,3273100,RANCASARI,32.73.23,RANCASARI,SLB BC NIKE ARDILA YPWN,20219876,AKTIVASI SISWA,0,ORANG,2019
1980,32,JAWA BARAT,3273,KOTA BANDUNG,3273040,BOJONGLOA KIDUL,32.73.17,BOJONGLOA KIDUL,SLB BC YPLAB CIBADUYUT,20280596,AKTIVASI SISWA,0,ORANG,2019
1981,32,JAWA BARAT,3273,KOTA BANDUNG,3273070,LENGKONG,32.73.13,LENGKONG,SLB BC YPLAB WARTAWAN,20219875,AKTIVASI SISWA,5,ORANG,2019
1982,32,JAWA BARAT,3273,KOTA BANDUNG,3273030,BOJONGLOA KALER,32.73.04,BOJONGLOA KALER,SLB C BUDAYA BANGSA,20219871,AKTIVASI SISWA,10,ORANG,2019
1983,32,JAWA BARAT,3273,KOTA BANDUNG,3273210,CIBEUNYING KIDUL,32.73.14,CIBEUNYING KIDUL,SLB C KARYA BAKTI,20219872,AKTIVASI SISWA,2,ORANG,2019
1984,32,JAWA BARAT,3273,KOTA BANDUNG,3273110,CIBIRU,32.73.25,CIBIRU,SLB C SILIH ASIH,20219882,AKTIVASI SISWA,9,ORANG,2019
1985,32,JAWA BARAT,3273,KOTA BANDUNG,3273150,KIARACONDONG,32.73.16,KIARACONDONG,SLB C SUKAPURA,20219811,AKTIVASI SISWA,16,ORANG,2019
1986,32,JAWA BARAT,3273,KOTA BANDUNG,3273141,ANTAPANI,32.73.20,ANTAPANI,SLB C SUMBER SARI,20219761,AKTIVASI SISWA,13,ORANG,2019
1987,32,JAWA BARAT,3273,KOTA BANDUNG,3273120,UJUNG BERUNG,32.73.26,UJUNGBERUNG,SLB YRBB,20280600,AKTIVASI SISWA,0,ORANG,2019
1988,32,JAWA BARAT,3273,KOTA BANDUNG,3273230,COBLONG,32.73.02,COBLONG,SPLB C YPLB,20219746,AKTIVASI SISWA,5,ORANG,2019
1989,32,JAWA BARAT,3273,KOTA BANDUNG,3273120,UJUNG BERUNG,32.73.26,UJUNGBERUNG,HS HAYAT SCHOOL,P9970624,AKTIVASI SISWA,20,ORANG,2019
1990,32,JAWA BARAT,3273,KOTA BANDUNG,3273100,RANCASARI,32.73.23,RANCASARI,PKBM AKSI,P2960324,AKTIVASI SISWA,4,ORANG,2019
1991,32,JAWA BARAT,3273,KOTA BANDUNG,3273180,ANDIR,32.73.05,ANDIR,PKBM AL-AMIN,P2960910,AKTIVASI SISWA,6,ORANG,2019
1992,32,JAWA BARAT,3273,KOTA BANDUNG,3273240,SUKAJADI,32.73.07,SUKAJADI,PKBM AL-LATHIF,P2961011,AKTIVASI SISWA,82,ORANG,2019
1993,32,JAWA BARAT,3273,KOTA BANDUNG,3273120,UJUNG BERUNG,32.73.26,UJUNGBERUNG,PKBM ALDYKA PUTRA,P2961063,AKTIVASI SISWA,0,ORANG,2019
1994,32,JAWA BARAT,3273,KOTA BANDUNG,3273210,CIBEUNYING KIDUL,32.73.14,CIBEUNYING KIDUL,PKBM AS SYAADAH,P9908904,AKTIVASI SISWA,20,ORANG,2019
1995,32,JAWA BARAT,3273,KOTA BANDUNG,3273020,BABAKAN CIPARAY,32.73.03,BABAKAN CIPARAY,PKBM BAHTERA,P2961050,AKTIVASI SISWA,0,ORANG,2019
1996,32,JAWA BARAT,3273,KOTA BANDUNG,3273120,UJUNG BERUNG,32.73.26,UJUNGBERUNG,PKBM BINA CIPTA,P2962425,AKTIVASI SISWA,9,ORANG,2019
1997,32,JAWA BARAT,3273,KOTA BANDUNG,3273170,SUMUR BANDUNG,32.73.19,SUMUR BANDUNG,PKBM BINA EKAMULIA,P2961002,AKTIVASI SISWA,0,ORANG,2019
1998,32,JAWA BARAT,3273,KOTA BANDUNG,3273230,COBLONG,32.73.02,COBLONG,PKBM BINA MANDIRI CENTER,P9926276,AKTIVASI SISWA,4,ORANG,2019
1999,32,JAWA BARAT,3273,KOTA BANDUNG,3273010,BANDUNG KULON,32.73.15,BANDUNG KULON,PKBM BINTANG HARAPAN,P9952573,AKTIVASI SISWA,47,ORANG,2019
2000,32,JAWA BARAT,3273,KOTA BANDUNG,3273150,KIARACONDONG,32.73.16,KIARACONDONG,PKBM BONTI SUKSES ABADI,P9952613,AKTIVASI SISWA,0,ORANG,2019
2001,32,JAWA BARAT,3273,KOTA BANDUNG,3273030,BOJONGLOA KALER,32.73.04,BOJONGLOA KALER,PKBM BUDAYA BANGSA,P2960320,AKTIVASI SISWA,2,ORANG,2019
2002,32,JAWA BARAT,3273,KOTA BANDUNG,3273150,KIARACONDONG,32.73.16,KIARACONDONG,PKBM CITRA BANGSA,P2961081,AKTIVASI SISWA,2,ORANG,2019
2003,32,JAWA BARAT,3273,KOTA BANDUNG,3273010,BANDUNG KULON,32.73.15,BANDUNG KULON,PKBM CITRA PRIANGAN,P2961055,AKTIVASI SISWA,1,ORANG,2019
2004,32,JAWA BARAT,3273,KOTA BANDUNG,3273210,CIBEUNYING KIDUL,32.73.14,CIBEUNYING KIDUL,PKBM CSBI,P2961023,AKTIVASI SISWA,0,ORANG,2019
2005,32,JAWA BARAT,3273,KOTA BANDUNG,3273142,MANDALAJATI,32.73.30,MANDALAJATI,PKBM DARMA CITA,P9948544,AKTIVASI SISWA,0,ORANG,2019
2006,32,JAWA BARAT,3273,KOTA BANDUNG,3273010,BANDUNG KULON,32.73.15,BANDUNG KULON,PKBM HOLIS,P9952429,AKTIVASI SISWA,1,ORANG,2019
2007,32,JAWA BARAT,3273,KOTA BANDUNG,3273070,LENGKONG,32.73.13,LENGKONG,PKBM HOME SCHOOLING PEWARIS BANGSA,P2962412,AKTIVASI SISWA,54,ORANG,2019
2008,32,JAWA BARAT,3273,KOTA BANDUNG,3273121,CINAMBO,32.73.29,CINAMBO,PKBM INTAN,P9948537,AKTIVASI SISWA,0,ORANG,2019
2009,32,JAWA BARAT,3273,KOTA BANDUNG,3273050,ASTANAANYAR,32.73.10,ASTANA ANYAR,PKBM JATIWARINGIN,P9948608,AKTIVASI SISWA,1,ORANG,2019
2010,32,JAWA BARAT,3273,KOTA BANDUNG,3273150,KIARACONDONG,32.73.16,KIARACONDONG,PKBM KARYA REMAJA,P9934597,AKTIVASI SISWA,13,ORANG,2019
2011,32,JAWA BARAT,3273,KOTA BANDUNG,3273010,BANDUNG KULON,32.73.15,BANDUNG KULON,PKBM MDC (MASA DEPAN CERAH),P9908903,AKTIVASI SISWA,19,ORANG,2019
2012,32,JAWA BARAT,3273,KOTA BANDUNG,3273070,LENGKONG,32.73.13,LENGKONG,PKBM MINDA UTAMA,P2961035,AKTIVASI SISWA,8,ORANG,2019
2013,32,JAWA BARAT,3273,KOTA BANDUNG,3273030,BOJONGLOA KALER,32.73.04,BOJONGLOA KALER,PKBM MOTEKAR BANGSA,P9970495,AKTIVASI SISWA,0,ORANG,2019
2014,32,JAWA BARAT,3273,KOTA BANDUNG,3273142,MANDALAJATI,32.73.30,MANDALAJATI,PKBM NURA AMALIA,P9952433,AKTIVASI SISWA,0,ORANG,2019
2015,32,JAWA BARAT,3273,KOTA BANDUNG,3273120,UJUNG BERUNG,32.73.26,UJUNGBERUNG,PKBM PATRAKOMALA,P2961059,AKTIVASI SISWA,2,ORANG,2019
2016,32,JAWA BARAT,3273,KOTA BANDUNG,3273230,COBLONG,32.73.02,COBLONG,PKBM PELITA PRATAMA,P2961017,AKTIVASI SISWA,26,ORANG,2019
2017,32,JAWA BARAT,3273,KOTA BANDUNG,3273110,CIBIRU,32.73.25,CIBIRU,PKBM PERCEKA,P2960921,AKTIVASI SISWA,0,ORANG,2019
2018,32,JAWA BARAT,3273,KOTA BANDUNG,3273141,ANTAPANI,32.73.20,ANTAPANI,PKBM RAHARJA,P2961056,AKTIVASI SISWA,5,ORANG,2019
2019,32,JAWA BARAT,3273,KOTA BANDUNG,3273080,BANDUNG KIDUL,32.73.21,BANDUNG KIDUL,PKBM SEKOLAH RUMAH PRIMAGAMA,P2962219,AKTIVASI SISWA,10,ORANG,2019
2020,32,JAWA BARAT,3273,KOTA BANDUNG,3273210,CIBEUNYING KIDUL,32.73.14,CIBEUNYING KIDUL,PKBM SEKOLAH RUMAH TAMAN SEKAR BANDUNG,P2961010,AKTIVASI SISWA,11,ORANG,2019
2021,32,JAWA BARAT,3273,KOTA BANDUNG,3273170,SUMUR BANDUNG,32.73.19,SUMUR BANDUNG,PKBM SILIWANGI 2,P2960317,AKTIVASI SISWA,0,ORANG,2019
2022,32,JAWA BARAT,3273,KOTA BANDUNG,3273240,SUKAJADI,32.73.07,SUKAJADI,PKBM SUKAJADI,P9948546,AKTIVASI SISWA,6,ORANG,2019
2023,32,JAWA BARAT,3273,KOTA BANDUNG,3273121,CINAMBO,32.73.29,CINAMBO,PKBM SUKAMULYA,P2961080,AKTIVASI SISWA,8,ORANG,2019
2024,32,JAWA BARAT,3273,KOTA BANDUNG,3273210,CIBEUNYING KIDUL,32.73.14,CIBEUNYING KIDUL,PKBM TUNAS HARAPAN 1,P2960998,AKTIVASI SISWA,4,ORANG,2019
2025,32,JAWA BARAT,3273,KOTA BANDUNG,3273070,LENGKONG,32.73.13,LENGKONG,PKBM ULUL ALBAB,P2961009,AKTIVASI SISWA,5,ORANG,2019
2026,32,JAWA BARAT,3273,KOTA BANDUNG,3273110,CIBIRU,32.73.25,CIBIRU,PKBM WIJAYAKUSUMAH,P2961065,AKTIVASI SISWA,12,ORANG,2019
2027,32,JAWA BARAT,3273,KOTA BANDUNG,3273070,LENGKONG,32.73.13,LENGKONG,PKBM HOME SCHOOLING PEWARIS BANGSA,P2962412,SK SISWA,1,ORANG,2021
2028,32,JAWA BARAT,3273,KOTA BANDUNG,3273070,LENGKONG,32.73.13,LENGKONG,PKBM HOME SCHOOLING PEWARIS BANGSA,P2962412,AKTIVASI SISWA,1,ORANG,2021
2029,32,JAWA BARAT,3273,KOTA BANDUNG,3273070,LENGKONG,32.73.13,LENGKONG,PKBM MINDA UTAMA,P2961035,SK SISWA,3,ORANG,2021
2030,32,JAWA BARAT,3273,KOTA BANDUNG,3273070,LENGKONG,32.73.13,LENGKONG,PKBM MINDA UTAMA,P2961035,AKTIVASI SISWA,3,ORANG,2021
2031,32,JAWA BARAT,3273,KOTA BANDUNG,3273070,LENGKONG,32.73.13,LENGKONG,PKBM SABUMI,P9984292,SK SISWA,2,ORANG,2021
2032,32,JAWA BARAT,3273,KOTA BANDUNG,3273070,LENGKONG,32.73.13,LENGKONG,PKBM SABUMI,P9984292,AKTIVASI SISWA,2,ORANG,2021
2033,32,JAWA BARAT,3273,KOTA BANDUNG,3273070,LENGKONG,32.73.13,LENGKONG,SD AL AZHAR 36,69752555,SK SISWA,2,ORANG,2021
2034,32,JAWA BARAT,3273,KOTA BANDUNG,3273070,LENGKONG,32.73.13,LENGKONG,SD AL AZHAR 36,69752555,AKTIVASI SISWA,2,ORANG,2021
2035,32,JAWA BARAT,3273,KOTA BANDUNG,3273070,LENGKONG,32.73.13,LENGKONG,SD BPI,20219536,SK SISWA,1,ORANG,2021
2036,32,JAWA BARAT,3273,KOTA BANDUNG,3273070,LENGKONG,32.73.13,LENGKONG,SD BPI,20219536,AKTIVASI SISWA,1,ORANG,2021
2037,32,JAWA BARAT,3273,KOTA BANDUNG,3273070,LENGKONG,32.73.13,LENGKONG,SD BUDI ISTRI,20219617,SK SISWA,15,ORANG,2021
2038,32,JAWA BARAT,3273,KOTA BANDUNG,3273070,LENGKONG,32.73.13,LENGKONG,SD BUDI ISTRI,20219617,AKTIVASI SISWA,11,ORANG,2021
2039,32,JAWA BARAT,3273,KOTA BANDUNG,3273070,LENGKONG,32.73.13,LENGKONG,SD CIPAERA,20219599,SK SISWA,32,ORANG,2021
2040,32,JAWA BARAT,3273,KOTA BANDUNG,3273070,LENGKONG,32.73.13,LENGKONG,SD CIPAERA,20219599,AKTIVASI SISWA,28,ORANG,2021
2041,32,JAWA BARAT,3273,KOTA BANDUNG,3273070,LENGKONG,32.73.13,LENGKONG,SD IRK,20219594,SK SISWA,19,ORANG,2021
2042,32,JAWA BARAT,3273,KOTA BANDUNG,3273070,LENGKONG,32.73.13,LENGKONG,SD IRK,20219594,AKTIVASI SISWA,19,ORANG,2021
2043,32,JAWA BARAT,3273,KOTA BANDUNG,3273070,LENGKONG,32.73.13,LENGKONG,SD KARTIKA X-1,20219574,SK SISWA,2,ORANG,2021
2044,32,JAWA BARAT,3273,KOTA BANDUNG,3273070,LENGKONG,32.73.13,LENGKONG,SD KARTIKA X-1,20219574,AKTIVASI SISWA,1,ORANG,2021
2045,32,JAWA BARAT,3273,KOTA BANDUNG,3273070,LENGKONG,32.73.13,LENGKONG,SD KEMALA BHAYANGKARI 1,20219581,SK SISWA,33,ORANG,2021
2046,32,JAWA BARAT,3273,KOTA BANDUNG,3273070,LENGKONG,32.73.13,LENGKONG,SD KEMALA BHAYANGKARI 1,20219581,AKTIVASI SISWA,26,ORANG,2021
2047,32,JAWA BARAT,3273,KOTA BANDUNG,3273070,LENGKONG,32.73.13,LENGKONG,SD MUHAMMADIYAH 1,20219854,SK SISWA,13,ORANG,2021
2048,32,JAWA BARAT,3273,KOTA BANDUNG,3273070,LENGKONG,32.73.13,LENGKONG,SD MUHAMMADIYAH 1,20219854,AKTIVASI SISWA,4,ORANG,2021
2049,32,JAWA BARAT,3273,KOTA BANDUNG,3273070,LENGKONG,32.73.13,LENGKONG,SD YAYASAN BERIBU,20247256,SK SISWA,8,ORANG,2021
2050,32,JAWA BARAT,3273,KOTA BANDUNG,3273070,LENGKONG,32.73.13,LENGKONG,SD YAYASAN BERIBU,20247256,AKTIVASI SISWA,7,ORANG,2021
2051,32,JAWA BARAT,3273,KOTA BANDUNG,3273070,LENGKONG,32.73.13,LENGKONG,SDN 066 HALIMUN KOTA BANDUNG,20245031,SK SISWA,284,ORANG,2021
2052,32,JAWA BARAT,3273,KOTA BANDUNG,3273070,LENGKONG,32.73.13,LENGKONG,SDN 066 HALIMUN KOTA BANDUNG,20245031,AKTIVASI SISWA,15,ORANG,2021
2053,32,JAWA BARAT,3273,KOTA BANDUNG,3273070,LENGKONG,32.73.13,LENGKONG,SDN 067 NILEM KOTA BANDUNG,20245050,SK SISWA,264,ORANG,2021
2054,32,JAWA BARAT,3273,KOTA BANDUNG,3273070,LENGKONG,32.73.13,LENGKONG,SDN 067 NILEM KOTA BANDUNG,20245050,AKTIVASI SISWA,69,ORANG,2021
2055,32,JAWA BARAT,3273,KOTA BANDUNG,3273070,LENGKONG,32.73.13,LENGKONG,SDN 115 TURANGGA KOTA BANDUNG,20245097,SK SISWA,150,ORANG,2021
2056,32,JAWA BARAT,3273,KOTA BANDUNG,3273070,LENGKONG,32.73.13,LENGKONG,SDN 115 TURANGGA KOTA BANDUNG,20245097,AKTIVASI SISWA,4,ORANG,2021
2057,32,JAWA BARAT,3273,KOTA BANDUNG,3273070,LENGKONG,32.73.13,LENGKONG,SDN 119 CIJAGRA KOTA BANDUNG,20245023,SK SISWA,7,ORANG,2021
2058,32,JAWA BARAT,3273,KOTA BANDUNG,3273070,LENGKONG,32.73.13,LENGKONG,SDN 119 CIJAGRA KOTA BANDUNG,20245023,AKTIVASI SISWA,3,ORANG,2021
2059,32,JAWA BARAT,3273,KOTA BANDUNG,3273070,LENGKONG,32.73.13,LENGKONG,SDN 135 TURANGGA KOTA BANDUNG,20245098,SK SISWA,16,ORANG,2021
2060,32,JAWA BARAT,3273,KOTA BANDUNG,3273070,LENGKONG,32.73.13,LENGKONG,SDN 135 TURANGGA KOTA BANDUNG,20245098,AKTIVASI SISWA,12,ORANG,2021
2061,32,JAWA BARAT,3273,KOTA BANDUNG,3273070,LENGKONG,32.73.13,LENGKONG,SDN 163 BUAHBATU BARU KOTA BANDUNG,20245022,SK SISWA,114,ORANG,2021
2062,32,JAWA BARAT,3273,KOTA BANDUNG,3273070,LENGKONG,32.73.13,LENGKONG,SDN 163 BUAHBATU BARU KOTA BANDUNG,20245022,AKTIVASI SISWA,105,ORANG,2021
2063,32,JAWA BARAT,3273,KOTA BANDUNG,3273070,LENGKONG,32.73.13,LENGKONG,SDN 164 KARANGPAWULANG KOTA BANDUNG,20245036,SK SISWA,46,ORANG,2021
2064,32,JAWA BARAT,3273,KOTA BANDUNG,3273070,LENGKONG,32.73.13,LENGKONG,SDN 164 KARANGPAWULANG KOTA BANDUNG,20245036,AKTIVASI SISWA,41,ORANG,2021
2065,32,JAWA BARAT,3273,KOTA BANDUNG,3273070,LENGKONG,32.73.13,LENGKONG,SDN 202 SURYALAYA KOTA BANDUNG,20245094,SK SISWA,6,ORANG,2021
2066,32,JAWA BARAT,3273,KOTA BANDUNG,3273070,LENGKONG,32.73.13,LENGKONG,SDN 202 SURYALAYA KOTA BANDUNG,20245094,AKTIVASI SISWA,6,ORANG,2021
2067,32,JAWA BARAT,3273,KOTA BANDUNG,3273070,LENGKONG,32.73.13,LENGKONG,SDN 206 PUTRACO INDAH KOTA BANDUNG,20245077,SK SISWA,44,ORANG,2021
2068,32,JAWA BARAT,3273,KOTA BANDUNG,3273070,LENGKONG,32.73.13,LENGKONG,SDN 206 PUTRACO INDAH KOTA BANDUNG,20245077,AKTIVASI SISWA,38,ORANG,2021
2069,32,JAWA BARAT,3273,KOTA BANDUNG,3273070,LENGKONG,32.73.13,LENGKONG,SDN 235 LENGKONG KECIL KOTA BANDUNG,20245045,SK SISWA,95,ORANG,2021
2070,32,JAWA BARAT,3273,KOTA BANDUNG,3273070,LENGKONG,32.73.13,LENGKONG,SDN 235 LENGKONG KECIL KOTA BANDUNG,20245045,AKTIVASI SISWA,90,ORANG,2021
2071,32,JAWA BARAT,3273,KOTA BANDUNG,3273070,LENGKONG,32.73.13,LENGKONG,SDN 257 PELITA KOTA BANDUNG,20245257,SK SISWA,23,ORANG,2021
2072,32,JAWA BARAT,3273,KOTA BANDUNG,3273070,LENGKONG,32.73.13,LENGKONG,SDN 257 PELITA KOTA BANDUNG,20245257,AKTIVASI SISWA,21,ORANG,2021
2073,32,JAWA BARAT,3273,KOTA BANDUNG,3273070,LENGKONG,32.73.13,LENGKONG,SLB BC YPLAB WARTAWAN,20219875,SK SISWA,2,ORANG,2021
2074,32,JAWA BARAT,3273,KOTA BANDUNG,3273070,LENGKONG,32.73.13,LENGKONG,SLB BC YPLAB WARTAWAN,20219875,AKTIVASI SISWA,2,ORANG,2021
2075,32,JAWA BARAT,3273,KOTA BANDUNG,3273121,CINAMBO,32.73.29,CINAMBO,PKBM INTAN,P9948537,SK SISWA,1,ORANG,2021
2076,32,JAWA BARAT,3273,KOTA BANDUNG,3273121,CINAMBO,32.73.29,CINAMBO,PKBM INTAN,P9948537,AKTIVASI SISWA,0,ORANG,2021
2077,32,JAWA BARAT,3273,KOTA BANDUNG,3273121,CINAMBO,32.73.29,CINAMBO,SDN 052 CISARANTEN WETAN GEDEBAGE KOTA BANDUNG,20245534,SK SISWA,189,ORANG,2021
2078,32,JAWA BARAT,3273,KOTA BANDUNG,3273121,CINAMBO,32.73.29,CINAMBO,SDN 052 CISARANTEN WETAN GEDEBAGE KOTA BANDUNG,20245534,AKTIVASI SISWA,161,ORANG,2021
2079,32,JAWA BARAT,3273,KOTA BANDUNG,3273121,CINAMBO,32.73.29,CINAMBO,SDN 172 ANDIR KIDUL KOTA BANDUNG,20245439,SK SISWA,121,ORANG,2021
2080,32,JAWA BARAT,3273,KOTA BANDUNG,3273121,CINAMBO,32.73.29,CINAMBO,SDN 172 ANDIR KIDUL KOTA BANDUNG,20245439,AKTIVASI SISWA,91,ORANG,2021
2081,32,JAWA BARAT,3273,KOTA BANDUNG,3273121,CINAMBO,32.73.29,CINAMBO,SLB PANCARAN IMAN,20255797,SK SISWA,8,ORANG,2021
2082,32,JAWA BARAT,3273,KOTA BANDUNG,3273121,CINAMBO,32.73.29,CINAMBO,SLB PANCARAN IMAN,20255797,AKTIVASI SISWA,7,ORANG,2021
2083,32,JAWA BARAT,3273,KOTA BANDUNG,3273110,CIBIRU,32.73.25,CIBIRU,PKBM SUPERVISI,P9996307,SK SISWA,4,ORANG,2021
2084,32,JAWA BARAT,3273,KOTA BANDUNG,3273110,CIBIRU,32.73.25,CIBIRU,PKBM SUPERVISI,P9996307,AKTIVASI SISWA,4,ORANG,2021
2085,32,JAWA BARAT,3273,KOTA BANDUNG,3273110,CIBIRU,32.73.25,CIBIRU,PKBM WIJAYAKUSUMAH,P2961065,SK SISWA,5,ORANG,2021
2086,32,JAWA BARAT,3273,KOTA BANDUNG,3273110,CIBIRU,32.73.25,CIBIRU,PKBM WIJAYAKUSUMAH,P2961065,AKTIVASI SISWA,5,ORANG,2021
2087,32,JAWA BARAT,3273,KOTA BANDUNG,3273110,CIBIRU,32.73.25,CIBIRU,SD INTAN AL-SALI,69952860,SK SISWA,12,ORANG,2021
2088,32,JAWA BARAT,3273,KOTA BANDUNG,3273110,CIBIRU,32.73.25,CIBIRU,SD INTAN AL-SALI,69952860,AKTIVASI SISWA,9,ORANG,2021
2089,32,JAWA BARAT,3273,KOTA BANDUNG,3273110,CIBIRU,32.73.25,CIBIRU,SD TERPADU KRIDA NUSANTARA,20246469,SK SISWA,1,ORANG,2021
2090,32,JAWA BARAT,3273,KOTA BANDUNG,3273110,CIBIRU,32.73.25,CIBIRU,SD TERPADU KRIDA NUSANTARA,20246469,AKTIVASI SISWA,0,ORANG,2021
2091,32,JAWA BARAT,3273,KOTA BANDUNG,3273110,CIBIRU,32.73.25,CIBIRU,SDN 029 CILENGKRANG KOTA BANDUNG,20245494,SK SISWA,91,ORANG,2021
2092,32,JAWA BARAT,3273,KOTA BANDUNG,3273110,CIBIRU,32.73.25,CIBIRU,SDN 029 CILENGKRANG KOTA BANDUNG,20245494,AKTIVASI SISWA,85,ORANG,2021
2093,32,JAWA BARAT,3273,KOTA BANDUNG,3273110,CIBIRU,32.73.25,CIBIRU,SDN 050 CIBIRU KOTA BANDUNG,20245488,SK SISWA,51,ORANG,2021
2094,32,JAWA BARAT,3273,KOTA BANDUNG,3273110,CIBIRU,32.73.25,CIBIRU,SDN 050 CIBIRU KOTA BANDUNG,20245488,AKTIVASI SISWA,44,ORANG,2021
2095,32,JAWA BARAT,3273,KOTA BANDUNG,3273110,CIBIRU,32.73.25,CIBIRU,SDN 090 CIBIRU KOTA BANDUNG,20245487,SK SISWA,181,ORANG,2021
2096,32,JAWA BARAT,3273,KOTA BANDUNG,3273110,CIBIRU,32.73.25,CIBIRU,SDN 090 CIBIRU KOTA BANDUNG,20245487,AKTIVASI SISWA,159,ORANG,2021
2097,32,JAWA BARAT,3273,KOTA BANDUNG,3273110,CIBIRU,32.73.25,CIBIRU,SDN 102 CIKUDAYASA KOTA BANDUNG,20245492,SK SISWA,10,ORANG,2021
2098,32,JAWA BARAT,3273,KOTA BANDUNG,3273110,CIBIRU,32.73.25,CIBIRU,SDN 102 CIKUDAYASA KOTA BANDUNG,20245492,AKTIVASI SISWA,9,ORANG,2021
2099,32,JAWA BARAT,3273,KOTA BANDUNG,3273110,CIBIRU,32.73.25,CIBIRU,SDN 124 HANURA KOTA BANDUNG,20245586,SK SISWA,69,ORANG,2021
2100,32,JAWA BARAT,3273,KOTA BANDUNG,3273110,CIBIRU,32.73.25,CIBIRU,SDN 124 HANURA KOTA BANDUNG,20245586,AKTIVASI SISWA,56,ORANG,2021
2101,32,JAWA BARAT,3273,KOTA BANDUNG,3273110,CIBIRU,32.73.25,CIBIRU,SDN 125 TARUNA KARYA KOTA BANDUNG,20245811,SK SISWA,71,ORANG,2021
2102,32,JAWA BARAT,3273,KOTA BANDUNG,3273110,CIBIRU,32.73.25,CIBIRU,SDN 125 TARUNA KARYA KOTA BANDUNG,20245811,AKTIVASI SISWA,64,ORANG,2021
2103,32,JAWA BARAT,3273,KOTA BANDUNG,3273110,CIBIRU,32.73.25,CIBIRU,SDN 152 CIGAGAK KOTA BANDUNG,20245838,SK SISWA,37,ORANG,2021
2104,32,JAWA BARAT,3273,KOTA BANDUNG,3273110,CIBIRU,32.73.25,CIBIRU,SDN 152 CIGAGAK KOTA BANDUNG,20245838,AKTIVASI SISWA,28,ORANG,2021
2105,32,JAWA BARAT,3273,KOTA BANDUNG,3273110,CIBIRU,32.73.25,CIBIRU,SDN 153 TARUNA KARYA KOTA BANDUNG,20245812,SK SISWA,12,ORANG,2021
2106,32,JAWA BARAT,3273,KOTA BANDUNG,3273110,CIBIRU,32.73.25,CIBIRU,SDN 153 TARUNA KARYA KOTA BANDUNG,20245812,AKTIVASI SISWA,11,ORANG,2021
2107,32,JAWA BARAT,3273,KOTA BANDUNG,3273110,CIBIRU,32.73.25,CIBIRU,SDN 168 CIPADUNG KOTA BANDUNG,20245500,SK SISWA,97,ORANG,2021
2108,32,JAWA BARAT,3273,KOTA BANDUNG,3273110,CIBIRU,32.73.25,CIBIRU,SDN 168 CIPADUNG KOTA BANDUNG,20245500,AKTIVASI SISWA,96,ORANG,2021
2109,32,JAWA BARAT,3273,KOTA BANDUNG,3273110,CIBIRU,32.73.25,CIBIRU,SDN 169 PELITA KOTA BANDUNG,20245747,SK SISWA,40,ORANG,2021
2110,32,JAWA BARAT,3273,KOTA BANDUNG,3273110,CIBIRU,32.73.25,CIBIRU,SDN 169 PELITA KOTA BANDUNG,20245747,AKTIVASI SISWA,39,ORANG,2021
2111,32,JAWA BARAT,3273,KOTA BANDUNG,3273110,CIBIRU,32.73.25,CIBIRU,SDN 186 CIPADUNG KOTA BANDUNG,20245498,SK SISWA,23,ORANG,2021
2112,32,JAWA BARAT,3273,KOTA BANDUNG,3273110,CIBIRU,32.73.25,CIBIRU,SDN 186 CIPADUNG KOTA BANDUNG,20245498,AKTIVASI SISWA,21,ORANG,2021
2113,32,JAWA BARAT,3273,KOTA BANDUNG,3273110,CIBIRU,32.73.25,CIBIRU,SDN 247 SUKAPURA KOTA BANDUNG,20258124,SK SISWA,29,ORANG,2021
2114,32,JAWA BARAT,3273,KOTA BANDUNG,3273110,CIBIRU,32.73.25,CIBIRU,SDN 247 SUKAPURA KOTA BANDUNG,20258124,AKTIVASI SISWA,29,ORANG,2021
2115,32,JAWA BARAT,3273,KOTA BANDUNG,3273110,CIBIRU,32.73.25,CIBIRU,SLB ABCDE LOB,20280599,SK SISWA,2,ORANG,2021
2116,32,JAWA BARAT,3273,KOTA BANDUNG,3273110,CIBIRU,32.73.25,CIBIRU,SLB ABCDE LOB,20280599,AKTIVASI SISWA,2,ORANG,2021
2117,32,JAWA BARAT,3273,KOTA BANDUNG,3273101,GEDEBAGE,32.73.27,GEDEBAGE,SD ISLAM AL-MUIZZ,69989950,SK SISWA,11,ORANG,2021
2118,32,JAWA BARAT,3273,KOTA BANDUNG,3273101,GEDEBAGE,32.73.27,GEDEBAGE,SD ISLAM AL-MUIZZ,69989950,AKTIVASI SISWA,7,ORANG,2021
2119,32,JAWA BARAT,3273,KOTA BANDUNG,3273101,GEDEBAGE,32.73.27,GEDEBAGE,SDN 086 CIMINCRANG KOTA BANDUNG,20245497,SK SISWA,46,ORANG,2021
2120,32,JAWA BARAT,3273,KOTA BANDUNG,3273101,GEDEBAGE,32.73.27,GEDEBAGE,SDN 086 CIMINCRANG KOTA BANDUNG,20245497,AKTIVASI SISWA,46,ORANG,2021
2121,32,JAWA BARAT,3273,KOTA BANDUNG,3273101,GEDEBAGE,32.73.27,GEDEBAGE,SDN 190 CISARANTEN KIDUL KOTA BANDUNG,20245505,SK SISWA,147,ORANG,2021
2122,32,JAWA BARAT,3273,KOTA BANDUNG,3273101,GEDEBAGE,32.73.27,GEDEBAGE,SDN 190 CISARANTEN KIDUL KOTA BANDUNG,20245505,AKTIVASI SISWA,126,ORANG,2021
2123,32,JAWA BARAT,3273,KOTA BANDUNG,3273101,GEDEBAGE,32.73.27,GEDEBAGE,SDN 215 RANCASAGATAN KOTA BANDUNG,20245759,SK SISWA,40,ORANG,2021
2124,32,JAWA BARAT,3273,KOTA BANDUNG,3273101,GEDEBAGE,32.73.27,GEDEBAGE,SDN 215 RANCASAGATAN KOTA BANDUNG,20245759,AKTIVASI SISWA,39,ORANG,2021
2125,32,JAWA BARAT,3273,KOTA BANDUNG,3273101,GEDEBAGE,32.73.27,GEDEBAGE,SDN 216 SONDARIAH KOTA BANDUNG,20245780,SK SISWA,34,ORANG,2021
2126,32,JAWA BARAT,3273,KOTA BANDUNG,3273101,GEDEBAGE,32.73.27,GEDEBAGE,SDN 216 SONDARIAH KOTA BANDUNG,20245780,AKTIVASI SISWA,26,ORANG,2021
2127,32,JAWA BARAT,3273,KOTA BANDUNG,3273101,GEDEBAGE,32.73.27,GEDEBAGE,SDN 274 CEMPAKA ARUM KOTA BANDUNG,20245486,SK SISWA,20,ORANG,2021
2128,32,JAWA BARAT,3273,KOTA BANDUNG,3273101,GEDEBAGE,32.73.27,GEDEBAGE,SDN 274 CEMPAKA ARUM KOTA BANDUNG,20245486,AKTIVASI SISWA,16,ORANG,2021
2129,32,JAWA BARAT,3273,KOTA BANDUNG,3273190,CICENDO,32.73.06,CICENDO,SD 1 KRISTEN PAULUS,20219591,SK SISWA,12,ORANG,2021
2130,32,JAWA BARAT,3273,KOTA BANDUNG,3273190,CICENDO,32.73.06,CICENDO,SD 1 KRISTEN PAULUS,20219591,AKTIVASI SISWA,12,ORANG,2021
2131,32,JAWA BARAT,3273,KOTA BANDUNG,3273190,CICENDO,32.73.06,CICENDO,SD AL FATAH AL HASAN,20219524,SK SISWA,107,ORANG,2021
2132,32,JAWA BARAT,3273,KOTA BANDUNG,3273190,CICENDO,32.73.06,CICENDO,SD AL FATAH AL HASAN,20219524,AKTIVASI SISWA,86,ORANG,2021
2133,32,JAWA BARAT,3273,KOTA BANDUNG,3273190,CICENDO,32.73.06,CICENDO,SD ANGKASA 1,20219534,SK SISWA,7,ORANG,2021
2134,32,JAWA BARAT,3273,KOTA BANDUNG,3273190,CICENDO,32.73.06,CICENDO,SD ANGKASA 1,20219534,AKTIVASI SISWA,7,ORANG,2021
2135,32,JAWA BARAT,3273,KOTA BANDUNG,3273190,CICENDO,32.73.06,CICENDO,SD ANGKASA 3,20219542,SK SISWA,1,ORANG,2021
2136,32,JAWA BARAT,3273,KOTA BANDUNG,3273190,CICENDO,32.73.06,CICENDO,SD ANGKASA 3,20219542,AKTIVASI SISWA,1,ORANG,2021
2137,32,JAWA BARAT,3273,KOTA BANDUNG,3273190,CICENDO,32.73.06,CICENDO,SD INDUSTRI,20219595,SK SISWA,52,ORANG,2021
2138,32,JAWA BARAT,3273,KOTA BANDUNG,3273190,CICENDO,32.73.06,CICENDO,SD INDUSTRI,20219595,AKTIVASI SISWA,41,ORANG,2021
2139,32,JAWA BARAT,3273,KOTA BANDUNG,3273190,CICENDO,32.73.06,CICENDO,SD KRISTEN BPPK,20219858,SK SISWA,16,ORANG,2021
2140,32,JAWA BARAT,3273,KOTA BANDUNG,3273190,CICENDO,32.73.06,CICENDO,SD KRISTEN BPPK,20219858,AKTIVASI SISWA,13,ORANG,2021
2141,32,JAWA BARAT,3273,KOTA BANDUNG,3273190,CICENDO,32.73.06,CICENDO,SD KRISTEN TRIMULIA HITS,20247257,SK SISWA,1,ORANG,2021
2142,32,JAWA BARAT,3273,KOTA BANDUNG,3273190,CICENDO,32.73.06,CICENDO,SD KRISTEN TRIMULIA HITS,20247257,AKTIVASI SISWA,0,ORANG,2021
2143,32,JAWA BARAT,3273,KOTA BANDUNG,3273190,CICENDO,32.73.06,CICENDO,SD PELITA JASA,20219813,SK SISWA,53,ORANG,2021
2144,32,JAWA BARAT,3273,KOTA BANDUNG,3273190,CICENDO,32.73.06,CICENDO,SD PELITA JASA,20219813,AKTIVASI SISWA,46,ORANG,2021
2145,32,JAWA BARAT,3273,KOTA BANDUNG,3273190,CICENDO,32.73.06,CICENDO,SD YPI,20253257,SK SISWA,29,ORANG,2021
2146,32,JAWA BARAT,3273,KOTA BANDUNG,3273190,CICENDO,32.73.06,CICENDO,SD YPI,20253257,AKTIVASI SISWA,21,ORANG,2021
2147,32,JAWA BARAT,3273,KOTA BANDUNG,3273190,CICENDO,32.73.06,CICENDO,SDN 013 PASIRKALIKI KOTA BANDUNG,20245742,SK SISWA,34,ORANG,2021
2148,32,JAWA BARAT,3273,KOTA BANDUNG,3273190,CICENDO,32.73.06,CICENDO,SDN 013 PASIRKALIKI KOTA BANDUNG,20245742,AKTIVASI SISWA,29,ORANG,2021
2149,32,JAWA BARAT,3273,KOTA BANDUNG,3273190,CICENDO,32.73.06,CICENDO,SDN 015 KRESNA KOTA BANDUNG,20245706,SK SISWA,150,ORANG,2021
2150,32,JAWA BARAT,3273,KOTA BANDUNG,3273190,CICENDO,32.73.06,CICENDO,SDN 015 KRESNA KOTA BANDUNG,20245706,AKTIVASI SISWA,146,ORANG,2021
2151,32,JAWA BARAT,3273,KOTA BANDUNG,3273190,CICENDO,32.73.06,CICENDO,SDN 016 DR. CIPTO PAJAJARAN KOTA BANDUNG,20245566,SK SISWA,202,ORANG,2021
2152,32,JAWA BARAT,3273,KOTA BANDUNG,3273190,CICENDO,32.73.06,CICENDO,SDN 016 DR. CIPTO PAJAJARAN KOTA BANDUNG,20245566,AKTIVASI SISWA,186,ORANG,2021
2153,32,JAWA BARAT,3273,KOTA BANDUNG,3273190,CICENDO,32.73.06,CICENDO,SDN 045 PASIRKALIKI KOTA BANDUNG,20245735,SK SISWA,119,ORANG,2021
2154,32,JAWA BARAT,3273,KOTA BANDUNG,3273190,CICENDO,32.73.06,CICENDO,SDN 045 PASIRKALIKI KOTA BANDUNG,20245735,AKTIVASI SISWA,118,ORANG,2021
2155,32,JAWA BARAT,3273,KOTA BANDUNG,3273190,CICENDO,32.73.06,CICENDO,SDN 051 PASIRKALIKI KOTA BANDUNG,20245740,SK SISWA,61,ORANG,2021
2156,32,JAWA BARAT,3273,KOTA BANDUNG,3273190,CICENDO,32.73.06,CICENDO,SDN 051 PASIRKALIKI KOTA BANDUNG,20245740,AKTIVASI SISWA,59,ORANG,2021
2157,32,JAWA BARAT,3273,KOTA BANDUNG,3273190,CICENDO,32.73.06,CICENDO,SDN 074 AYUDIA KOTA BANDUNG,20245449,SK SISWA,34,ORANG,2021
2158,32,JAWA BARAT,3273,KOTA BANDUNG,3273190,CICENDO,32.73.06,CICENDO,SDN 074 AYUDIA KOTA BANDUNG,20245449,AKTIVASI SISWA,31,ORANG,2021
2159,32,JAWA BARAT,3273,KOTA BANDUNG,3273190,CICENDO,32.73.06,CICENDO,SDN 075 JATAYU KOTA BANDUNG,20245591,SK SISWA,240,ORANG,2021
2160,32,JAWA BARAT,3273,KOTA BANDUNG,3273190,CICENDO,32.73.06,CICENDO,SDN 075 JATAYU KOTA BANDUNG,20245591,AKTIVASI SISWA,231,ORANG,2021
2161,32,JAWA BARAT,3273,KOTA BANDUNG,3273190,CICENDO,32.73.06,CICENDO,SDN 110 PASIRKALIKI KOMARABUDI KOTA BANDUNG,20245736,SK SISWA,61,ORANG,2021
2162,32,JAWA BARAT,3273,KOTA BANDUNG,3273190,CICENDO,32.73.06,CICENDO,SDN 110 PASIRKALIKI KOMARABUDI KOTA BANDUNG,20245736,AKTIVASI SISWA,60,ORANG,2021
2163,32,JAWA BARAT,3273,KOTA BANDUNG,3273190,CICENDO,32.73.06,CICENDO,SDN 154 CITEPUS KOTA BANDUNG,20245541,SK SISWA,402,ORANG,2021
2164,32,JAWA BARAT,3273,KOTA BANDUNG,3273190,CICENDO,32.73.06,CICENDO,SDN 154 CITEPUS KOTA BANDUNG,20245541,AKTIVASI SISWA,377,ORANG,2021
2165,32,JAWA BARAT,3273,KOTA BANDUNG,3273190,CICENDO,32.73.06,CICENDO,SDN 155 GUNUNG RAHAYU KOTA BANDUNG,20245570,SK SISWA,461,ORANG,2021
2166,32,JAWA BARAT,3273,KOTA BANDUNG,3273190,CICENDO,32.73.06,CICENDO,SDN 155 GUNUNG RAHAYU KOTA BANDUNG,20245570,AKTIVASI SISWA,439,ORANG,2021
2167,32,JAWA BARAT,3273,KOTA BANDUNG,3273190,CICENDO,32.73.06,CICENDO,SDN 156 PASIRKALIKI KOTA BANDUNG,20245737,SK SISWA,147,ORANG,2021
2168,32,JAWA BARAT,3273,KOTA BANDUNG,3273190,CICENDO,32.73.06,CICENDO,SDN 156 PASIRKALIKI KOTA BANDUNG,20245737,AKTIVASI SISWA,25,ORANG,2021
2169,32,JAWA BARAT,3273,KOTA BANDUNG,3273190,CICENDO,32.73.06,CICENDO,SDN 157 SUKARAJA KOTA BANDUNG,20245810,SK SISWA,22,ORANG,2021
2170,32,JAWA BARAT,3273,KOTA BANDUNG,3273190,CICENDO,32.73.06,CICENDO,SDN 157 SUKARAJA KOTA BANDUNG,20245810,AKTIVASI SISWA,18,ORANG,2021
2171,32,JAWA BARAT,3273,KOTA BANDUNG,3273190,CICENDO,32.73.06,CICENDO,SDN 170 DIAN KOTA BANDUNG,20245564,SK SISWA,51,ORANG,2021
2172,32,JAWA BARAT,3273,KOTA BANDUNG,3273190,CICENDO,32.73.06,CICENDO,SDN 170 DIAN KOTA BANDUNG,20245564,AKTIVASI SISWA,51,ORANG,2021
2173,32,JAWA BARAT,3273,KOTA BANDUNG,3273190,CICENDO,32.73.06,CICENDO,SDN 171 LANUMA HUSEIN KOTA BANDUNG,20245709,SK SISWA,110,ORANG,2021
2174,32,JAWA BARAT,3273,KOTA BANDUNG,3273190,CICENDO,32.73.06,CICENDO,SDN 171 LANUMA HUSEIN KOTA BANDUNG,20245709,AKTIVASI SISWA,107,ORANG,2021
2175,32,JAWA BARAT,3273,KOTA BANDUNG,3273190,CICENDO,32.73.06,CICENDO,SDN 187 LANUMA HUSEIN KOTA BANDUNG,20245707,SK SISWA,70,ORANG,2021
2176,32,JAWA BARAT,3273,KOTA BANDUNG,3273190,CICENDO,32.73.06,CICENDO,SDN 187 LANUMA HUSEIN KOTA BANDUNG,20245707,AKTIVASI SISWA,57,ORANG,2021
2177,32,JAWA BARAT,3273,KOTA BANDUNG,3273190,CICENDO,32.73.06,CICENDO,SLB NEGERI A PAJAJARAN,20280593,SK SISWA,20,ORANG,2021
2178,32,JAWA BARAT,3273,KOTA BANDUNG,3273190,CICENDO,32.73.06,CICENDO,SLB NEGERI A PAJAJARAN,20280593,AKTIVASI SISWA,1,ORANG,2021
2179,32,JAWA BARAT,3273,KOTA BANDUNG,3273210,CIBEUNYING KIDUL,32.73.14,CIBEUNYING KIDUL,PKBM AS SYAADAH,P9908904,SK SISWA,2,ORANG,2021
2180,32,JAWA BARAT,3273,KOTA BANDUNG,3273210,CIBEUNYING KIDUL,32.73.14,CIBEUNYING KIDUL,PKBM AS SYAADAH,P9908904,AKTIVASI SISWA,2,ORANG,2021
2181,32,JAWA BARAT,3273,KOTA BANDUNG,3273210,CIBEUNYING KIDUL,32.73.14,CIBEUNYING KIDUL,SD ITQAN ISLAMIC SCHOOL,69946543,SK SISWA,1,ORANG,2021
2182,32,JAWA BARAT,3273,KOTA BANDUNG,3273210,CIBEUNYING KIDUL,32.73.14,CIBEUNYING KIDUL,SD ITQAN ISLAMIC SCHOOL,69946543,AKTIVASI SISWA,1,ORANG,2021
2183,32,JAWA BARAT,3273,KOTA BANDUNG,3273210,CIBEUNYING KIDUL,32.73.14,CIBEUNYING KIDUL,SD KARAKTER AZ-ZAHRA,20279824,SK SISWA,27,ORANG,2021
2184,32,JAWA BARAT,3273,KOTA BANDUNG,3273210,CIBEUNYING KIDUL,32.73.14,CIBEUNYING KIDUL,SD KARAKTER AZ-ZAHRA,20279824,AKTIVASI SISWA,27,ORANG,2021
2185,32,JAWA BARAT,3273,KOTA BANDUNG,3273210,CIBEUNYING KIDUL,32.73.14,CIBEUNYING KIDUL,SD MUHAMMADIYAH 3,20219852,SK SISWA,31,ORANG,2021
2186,32,JAWA BARAT,3273,KOTA BANDUNG,3273210,CIBEUNYING KIDUL,32.73.14,CIBEUNYING KIDUL,SD MUHAMMADIYAH 3,20219852,AKTIVASI SISWA,31,ORANG,2021
2187,32,JAWA BARAT,3273,KOTA BANDUNG,3273210,CIBEUNYING KIDUL,32.73.14,CIBEUNYING KIDUL,SD PELITA,20219814,SK SISWA,67,ORANG,2021
2188,32,JAWA BARAT,3273,KOTA BANDUNG,3273210,CIBEUNYING KIDUL,32.73.14,CIBEUNYING KIDUL,SD PELITA,20219814,AKTIVASI SISWA,61,ORANG,2021
2189,32,JAWA BARAT,3273,KOTA BANDUNG,3273210,CIBEUNYING KIDUL,32.73.14,CIBEUNYING KIDUL,SD SANTO YUSUP I,20253862,SK SISWA,17,ORANG,2021
2190,32,JAWA BARAT,3273,KOTA BANDUNG,3273210,CIBEUNYING KIDUL,32.73.14,CIBEUNYING KIDUL,SD SANTO YUSUP I,20253862,AKTIVASI SISWA,17,ORANG,2021
2191,32,JAWA BARAT,3273,KOTA BANDUNG,3273210,CIBEUNYING KIDUL,32.73.14,CIBEUNYING KIDUL,SD YAYASAN ATIKAN SUNDA,20219904,SK SISWA,28,ORANG,2021
2192,32,JAWA BARAT,3273,KOTA BANDUNG,3273210,CIBEUNYING KIDUL,32.73.14,CIBEUNYING KIDUL,SD YAYASAN ATIKAN SUNDA,20219904,AKTIVASI SISWA,28,ORANG,2021
2193,32,JAWA BARAT,3273,KOTA BANDUNG,3273210,CIBEUNYING KIDUL,32.73.14,CIBEUNYING KIDUL,SDN 022 CICADAS KOTA BANDUNG,20245153,SK SISWA,87,ORANG,2021
2194,32,JAWA BARAT,3273,KOTA BANDUNG,3273210,CIBEUNYING KIDUL,32.73.14,CIBEUNYING KIDUL,SDN 022 CICADAS KOTA BANDUNG,20245153,AKTIVASI SISWA,87,ORANG,2021
2195,32,JAWA BARAT,3273,KOTA BANDUNG,3273210,CIBEUNYING KIDUL,32.73.14,CIBEUNYING KIDUL,SDN 027 CICADAS KOTA BANDUNG,20245149,SK SISWA,145,ORANG,2021
2196,32,JAWA BARAT,3273,KOTA BANDUNG,3273210,CIBEUNYING KIDUL,32.73.14,CIBEUNYING KIDUL,SDN 027 CICADAS KOTA BANDUNG,20245149,AKTIVASI SISWA,145,ORANG,2021
2197,32,JAWA BARAT,3273,KOTA BANDUNG,3273210,CIBEUNYING KIDUL,32.73.14,CIBEUNYING KIDUL,SDN 043 CIMUNCANG KOTA BANDUNG,20245178,SK SISWA,172,ORANG,2021
2198,32,JAWA BARAT,3273,KOTA BANDUNG,3273210,CIBEUNYING KIDUL,32.73.14,CIBEUNYING KIDUL,SDN 043 CIMUNCANG KOTA BANDUNG,20245178,AKTIVASI SISWA,172,ORANG,2021
2199,32,JAWA BARAT,3273,KOTA BANDUNG,3273210,CIBEUNYING KIDUL,32.73.14,CIBEUNYING KIDUL,SDN 044 CICADAS AWIGOMBONG KOTA BANDUNG,20245157,SK SISWA,92,ORANG,2021
2200,32,JAWA BARAT,3273,KOTA BANDUNG,3273210,CIBEUNYING KIDUL,32.73.14,CIBEUNYING KIDUL,SDN 044 CICADAS AWIGOMBONG KOTA BANDUNG,20245157,AKTIVASI SISWA,92,ORANG,2021
2201,32,JAWA BARAT,3273,KOTA BANDUNG,3273210,CIBEUNYING KIDUL,32.73.14,CIBEUNYING KIDUL,SDN 064 PADASUKA KOTA BANDUNG,20245247,SK SISWA,106,ORANG,2021
2202,32,JAWA BARAT,3273,KOTA BANDUNG,3273210,CIBEUNYING KIDUL,32.73.14,CIBEUNYING KIDUL,SDN 064 PADASUKA KOTA BANDUNG,20245247,AKTIVASI SISWA,90,ORANG,2021
2203,32,JAWA BARAT,3273,KOTA BANDUNG,3273210,CIBEUNYING KIDUL,32.73.14,CIBEUNYING KIDUL,SDN 114 BOJONGKONENG CIBEUNYING KOTA BANDUNG,20245119,SK SISWA,24,ORANG,2021
2204,32,JAWA BARAT,3273,KOTA BANDUNG,3273210,CIBEUNYING KIDUL,32.73.14,CIBEUNYING KIDUL,SDN 114 BOJONGKONENG CIBEUNYING KOTA BANDUNG,20245119,AKTIVASI SISWA,24,ORANG,2021
2205,32,JAWA BARAT,3273,KOTA BANDUNG,3273210,CIBEUNYING KIDUL,32.73.14,CIBEUNYING KIDUL,SDN 133 JALAN ANYAR KOTA BANDUNG,20245211,SK SISWA,37,ORANG,2021
2206,32,JAWA BARAT,3273,KOTA BANDUNG,3273210,CIBEUNYING KIDUL,32.73.14,CIBEUNYING KIDUL,SDN 133 JALAN ANYAR KOTA BANDUNG,20245211,AKTIVASI SISWA,35,ORANG,2021
2207,32,JAWA BARAT,3273,KOTA BANDUNG,3273210,CIBEUNYING KIDUL,32.73.14,CIBEUNYING KIDUL,SDN 150 GATOT SUBROTO KOTA BANDUNG,20245206,SK SISWA,38,ORANG,2021
2208,32,JAWA BARAT,3273,KOTA BANDUNG,3273210,CIBEUNYING KIDUL,32.73.14,CIBEUNYING KIDUL,SDN 150 GATOT SUBROTO KOTA BANDUNG,20245206,AKTIVASI SISWA,15,ORANG,2021
2209,32,JAWA BARAT,3273,KOTA BANDUNG,3273210,CIBEUNYING KIDUL,32.73.14,CIBEUNYING KIDUL,SDN 151 SUKASENANG KOTA BANDUNG,20245284,SK SISWA,28,ORANG,2021
2210,32,JAWA BARAT,3273,KOTA BANDUNG,3273210,CIBEUNYING KIDUL,32.73.14,CIBEUNYING KIDUL,SDN 151 SUKASENANG KOTA BANDUNG,20245284,AKTIVASI SISWA,4,ORANG,2021
2211,32,JAWA BARAT,3273,KOTA BANDUNG,3273210,CIBEUNYING KIDUL,32.73.14,CIBEUNYING KIDUL,SDN 234 SALUYU KOTA BANDUNG,20245262,SK SISWA,96,ORANG,2021
2212,32,JAWA BARAT,3273,KOTA BANDUNG,3273210,CIBEUNYING KIDUL,32.73.14,CIBEUNYING KIDUL,SDN 234 SALUYU KOTA BANDUNG,20245262,AKTIVASI SISWA,92,ORANG,2021
2213,32,JAWA BARAT,3273,KOTA BANDUNG,3273210,CIBEUNYING KIDUL,32.73.14,CIBEUNYING KIDUL,SLB C KARYA BAKTI,20219872,SK SISWA,12,ORANG,2021
2214,32,JAWA BARAT,3273,KOTA BANDUNG,3273210,CIBEUNYING KIDUL,32.73.14,CIBEUNYING KIDUL,SLB C KARYA BAKTI,20219872,AKTIVASI SISWA,12,ORANG,2021
2215,32,JAWA BARAT,3273,KOTA BANDUNG,3273210,CIBEUNYING KIDUL,32.73.14,CIBEUNYING KIDUL,SLB PUSPPA SURYAKANTI,20219743,SK SISWA,3,ORANG,2021
2216,32,JAWA BARAT,3273,KOTA BANDUNG,3273210,CIBEUNYING KIDUL,32.73.14,CIBEUNYING KIDUL,SLB PUSPPA SURYAKANTI,20219743,AKTIVASI SISWA,3,ORANG,2021
2217,32,JAWA BARAT,3273,KOTA BANDUNG,3273220,CIBEUNYING KALER,32.73.18,CIBEUNYING KALER,PKBM AMANAH,P2961028,SK SISWA,1,ORANG,2021
2218,32,JAWA BARAT,3273,KOTA BANDUNG,3273220,CIBEUNYING KALER,32.73.18,CIBEUNYING KALER,PKBM AMANAH,P2961028,AKTIVASI SISWA,0,ORANG,2021
2219,32,JAWA BARAT,3273,KOTA BANDUNG,3273220,CIBEUNYING KALER,32.73.18,CIBEUNYING KALER,PKBM ANAK HARAPAN (GOLDEN KIDS),P9984688,SK SISWA,1,ORANG,2021
2220,32,JAWA BARAT,3273,KOTA BANDUNG,3273220,CIBEUNYING KALER,32.73.18,CIBEUNYING KALER,PKBM ANAK HARAPAN (GOLDEN KIDS),P9984688,AKTIVASI SISWA,0,ORANG,2021
2221,32,JAWA BARAT,3273,KOTA BANDUNG,3273220,CIBEUNYING KALER,32.73.18,CIBEUNYING KALER,SD ISLAM TERPADU AL IRSYAD,20253818,SK SISWA,3,ORANG,2021
2222,32,JAWA BARAT,3273,KOTA BANDUNG,3273220,CIBEUNYING KALER,32.73.18,CIBEUNYING KALER,SD ISLAM TERPADU AL IRSYAD,20253818,AKTIVASI SISWA,3,ORANG,2021
2223,32,JAWA BARAT,3273,KOTA BANDUNG,3273220,CIBEUNYING KALER,32.73.18,CIBEUNYING KALER,SD MELANIA,20219883,SK SISWA,18,ORANG,2021
2224,32,JAWA BARAT,3273,KOTA BANDUNG,3273220,CIBEUNYING KALER,32.73.18,CIBEUNYING KALER,SD MELANIA,20219883,AKTIVASI SISWA,18,ORANG,2021
2225,32,JAWA BARAT,3273,KOTA BANDUNG,3273220,CIBEUNYING KALER,32.73.18,CIBEUNYING KALER,SD SEJATI,20219891,SK SISWA,54,ORANG,2021
2226,32,JAWA BARAT,3273,KOTA BANDUNG,3273220,CIBEUNYING KALER,32.73.18,CIBEUNYING KALER,SD SEJATI,20219891,AKTIVASI SISWA,54,ORANG,2021
2227,32,JAWA BARAT,3273,KOTA BANDUNG,3273220,CIBEUNYING KALER,32.73.18,CIBEUNYING KALER,SDN 025 CIKUTRA KOTA BANDUNG,20245172,SK SISWA,98,ORANG,2021
2228,32,JAWA BARAT,3273,KOTA BANDUNG,3273220,CIBEUNYING KALER,32.73.18,CIBEUNYING KALER,SDN 025 CIKUTRA KOTA BANDUNG,20245172,AKTIVASI SISWA,93,ORANG,2021
2229,32,JAWA BARAT,3273,KOTA BANDUNG,3273220,CIBEUNYING KALER,32.73.18,CIBEUNYING KALER,SDN 082 MUARARAJEUN KOTA BANDUNG,20245242,SK SISWA,41,ORANG,2021
2230,32,JAWA BARAT,3273,KOTA BANDUNG,3273220,CIBEUNYING KALER,32.73.18,CIBEUNYING KALER,SDN 082 MUARARAJEUN KOTA BANDUNG,20245242,AKTIVASI SISWA,36,ORANG,2021
2231,32,JAWA BARAT,3273,KOTA BANDUNG,3273220,CIBEUNYING KALER,32.73.18,CIBEUNYING KALER,SDN 132 CIHAURGEULIS KOTA BANDUNG,20245165,SK SISWA,73,ORANG,2021
2232,32,JAWA BARAT,3273,KOTA BANDUNG,3273220,CIBEUNYING KALER,32.73.18,CIBEUNYING KALER,SDN 132 CIHAURGEULIS KOTA BANDUNG,20245165,AKTIVASI SISWA,72,ORANG,2021
2233,32,JAWA BARAT,3273,KOTA BANDUNG,3273220,CIBEUNYING KALER,32.73.18,CIBEUNYING KALER,SDN 149 CIGADUNG KOTA BANDUNG,20245162,SK SISWA,104,ORANG,2021
2234,32,JAWA BARAT,3273,KOTA BANDUNG,3273220,CIBEUNYING KALER,32.73.18,CIBEUNYING KALER,SDN 149 CIGADUNG KOTA BANDUNG,20245162,AKTIVASI SISWA,95,ORANG,2021
2235,32,JAWA BARAT,3273,KOTA BANDUNG,3273220,CIBEUNYING KALER,32.73.18,CIBEUNYING KALER,SDN 185 CIHAURGEULIS KOTA BANDUNG,20245166,SK SISWA,44,ORANG,2021
2236,32,JAWA BARAT,3273,KOTA BANDUNG,3273220,CIBEUNYING KALER,32.73.18,CIBEUNYING KALER,SDN 185 CIHAURGEULIS KOTA BANDUNG,20245166,AKTIVASI SISWA,41,ORANG,2021
2237,32,JAWA BARAT,3273,KOTA BANDUNG,3273220,CIBEUNYING KALER,32.73.18,CIBEUNYING KALER,SDN 201 SUKALUYU KOTA BANDUNG,20245280,SK SISWA,178,ORANG,2021
2238,32,JAWA BARAT,3273,KOTA BANDUNG,3273220,CIBEUNYING KALER,32.73.18,CIBEUNYING KALER,SDN 201 SUKALUYU KOTA BANDUNG,20245280,AKTIVASI SISWA,157,ORANG,2021
2239,32,JAWA BARAT,3273,KOTA BANDUNG,3273220,CIBEUNYING KALER,32.73.18,CIBEUNYING KALER,SLB ADITYA GRAHITA,20219874,SK SISWA,10,ORANG,2021
2240,32,JAWA BARAT,3273,KOTA BANDUNG,3273220,CIBEUNYING KALER,32.73.18,CIBEUNYING KALER,SLB ADITYA GRAHITA,20219874,AKTIVASI SISWA,10,ORANG,2021
2241,32,JAWA BARAT,3273,KOTA BANDUNG,3273260,CIDADAP,32.73.08,CIDADAP,SD ADZKIA,69932122,SK SISWA,9,ORANG,2021
2242,32,JAWA BARAT,3273,KOTA BANDUNG,3273260,CIDADAP,32.73.08,CIDADAP,SD ADZKIA,69932122,AKTIVASI SISWA,9,ORANG,2021
2243,32,JAWA BARAT,3273,KOTA BANDUNG,3273260,CIDADAP,32.73.08,CIDADAP,SD AL HUSAINIYYAH,20219544,SK SISWA,42,ORANG,2021
2244,32,JAWA BARAT,3273,KOTA BANDUNG,3273260,CIDADAP,32.73.08,CIDADAP,SD AL HUSAINIYYAH,20219544,AKTIVASI SISWA,41,ORANG,2021
2245,32,JAWA BARAT,3273,KOTA BANDUNG,3273260,CIDADAP,32.73.08,CIDADAP,SD AL- HIDAYAH,20252052,SK SISWA,18,ORANG,2021
2246,32,JAWA BARAT,3273,KOTA BANDUNG,3273260,CIDADAP,32.73.08,CIDADAP,SD AL- HIDAYAH,20252052,AKTIVASI SISWA,18,ORANG,2021
2247,32,JAWA BARAT,3273,KOTA BANDUNG,3273260,CIDADAP,32.73.08,CIDADAP,SD KRISTEN HIDUP BARU,20258399,SK SISWA,11,ORANG,2021
2248,32,JAWA BARAT,3273,KOTA BANDUNG,3273260,CIDADAP,32.73.08,CIDADAP,SD KRISTEN HIDUP BARU,20258399,AKTIVASI SISWA,11,ORANG,2021
2249,32,JAWA BARAT,3273,KOTA BANDUNG,3273260,CIDADAP,32.73.08,CIDADAP,SD MUHAMMADIYAH 6,20219849,SK SISWA,53,ORANG,2021
2250,32,JAWA BARAT,3273,KOTA BANDUNG,3273260,CIDADAP,32.73.08,CIDADAP,SD MUHAMMADIYAH 6,20219849,AKTIVASI SISWA,51,ORANG,2021
2251,32,JAWA BARAT,3273,KOTA BANDUNG,3273260,CIDADAP,32.73.08,CIDADAP,SD SURUUR,20219887,SK SISWA,54,ORANG,2021
2252,32,JAWA BARAT,3273,KOTA BANDUNG,3273260,CIDADAP,32.73.08,CIDADAP,SD SURUUR,20219887,AKTIVASI SISWA,53,ORANG,2021
2253,32,JAWA BARAT,3273,KOTA BANDUNG,3273260,CIDADAP,32.73.08,CIDADAP,SDN 010 CIDADAP KOTA BANDUNG,20245138,SK SISWA,17,ORANG,2021
2254,32,JAWA BARAT,3273,KOTA BANDUNG,3273260,CIDADAP,32.73.08,CIDADAP,SDN 010 CIDADAP KOTA BANDUNG,20245138,AKTIVASI SISWA,17,ORANG,2021
2255,32,JAWA BARAT,3273,KOTA BANDUNG,3273260,CIDADAP,32.73.08,CIDADAP,SDN 030 CIRATEUN KOTA BANDUNG,20245140,SK SISWA,45,ORANG,2021
2256,32,JAWA BARAT,3273,KOTA BANDUNG,3273260,CIDADAP,32.73.08,CIDADAP,SDN 030 CIRATEUN KOTA BANDUNG,20245140,AKTIVASI SISWA,45,ORANG,2021
2257,32,JAWA BARAT,3273,KOTA BANDUNG,3273260,CIDADAP,32.73.08,CIDADAP,SDN 085 CIUMBULEUIT KOTA BANDUNG,20245142,SK SISWA,71,ORANG,2021
2258,32,JAWA BARAT,3273,KOTA BANDUNG,3273260,CIDADAP,32.73.08,CIDADAP,SDN 085 CIUMBULEUIT KOTA BANDUNG,20245142,AKTIVASI SISWA,66,ORANG,2021
2259,32,JAWA BARAT,3273,KOTA BANDUNG,3273260,CIDADAP,32.73.08,CIDADAP,SDN 108 CIUMBULEUIT KOTA BANDUNG,20245144,SK SISWA,31,ORANG,2021
2260,32,JAWA BARAT,3273,KOTA BANDUNG,3273260,CIDADAP,32.73.08,CIDADAP,SDN 108 CIUMBULEUIT KOTA BANDUNG,20245144,AKTIVASI SISWA,30,ORANG,2021
2261,32,JAWA BARAT,3273,KOTA BANDUNG,3273260,CIDADAP,32.73.08,CIDADAP,SDN 134 PANORAMA KOTA BANDUNG,20245244,SK SISWA,31,ORANG,2021
2262,32,JAWA BARAT,3273,KOTA BANDUNG,3273260,CIDADAP,32.73.08,CIDADAP,SDN 134 PANORAMA KOTA BANDUNG,20245244,AKTIVASI SISWA,29,ORANG,2021
2263,32,JAWA BARAT,3273,KOTA BANDUNG,3273260,CIDADAP,32.73.08,CIDADAP,SDN 188 BANDUNG BARU KOTA BANDUNG,20245106,SK SISWA,122,ORANG,2021
2264,32,JAWA BARAT,3273,KOTA BANDUNG,3273260,CIDADAP,32.73.08,CIDADAP,SDN 188 BANDUNG BARU KOTA BANDUNG,20245106,AKTIVASI SISWA,121,ORANG,2021
2265,32,JAWA BARAT,3273,KOTA BANDUNG,3273260,CIDADAP,32.73.08,CIDADAP,SDN 204 CIDADAP KOTA BANDUNG,20245139,SK SISWA,25,ORANG,2021
2266,32,JAWA BARAT,3273,KOTA BANDUNG,3273260,CIDADAP,32.73.08,CIDADAP,SDN 204 CIDADAP KOTA BANDUNG,20245139,AKTIVASI SISWA,25,ORANG,2021
2267,32,JAWA BARAT,3273,KOTA BANDUNG,3273090,BUAHBATU,32.73.22,BUAHBATU,SD AL KENZIE,70005214,SK SISWA,1,ORANG,2021
2268,32,JAWA BARAT,3273,KOTA BANDUNG,3273090,BUAHBATU,32.73.22,BUAHBATU,SD AL KENZIE,70005214,AKTIVASI SISWA,0,ORANG,2021
2269,32,JAWA BARAT,3273,KOTA BANDUNG,3273090,BUAHBATU,32.73.22,BUAHBATU,SD AZ-ZAKIYAH,20219579,SK SISWA,1,ORANG,2021
2270,32,JAWA BARAT,3273,KOTA BANDUNG,3273090,BUAHBATU,32.73.22,BUAHBATU,SD AZ-ZAKIYAH,20219579,AKTIVASI SISWA,1,ORANG,2021
2271,32,JAWA BARAT,3273,KOTA BANDUNG,3273090,BUAHBATU,32.73.22,BUAHBATU,SD BUDI ASIH,20219522,SK SISWA,11,ORANG,2021
2272,32,JAWA BARAT,3273,KOTA BANDUNG,3273090,BUAHBATU,32.73.22,BUAHBATU,SD BUDI ASIH,20219522,AKTIVASI SISWA,11,ORANG,2021
2273,32,JAWA BARAT,3273,KOTA BANDUNG,3273090,BUAHBATU,32.73.22,BUAHBATU,SD IT AL-HIDAYAH LOGAM,69986203,SK SISWA,113,ORANG,2021
2274,32,JAWA BARAT,3273,KOTA BANDUNG,3273090,BUAHBATU,32.73.22,BUAHBATU,SD IT AL-HIDAYAH LOGAM,69986203,AKTIVASI SISWA,110,ORANG,2021
2275,32,JAWA BARAT,3273,KOTA BANDUNG,3273090,BUAHBATU,32.73.22,BUAHBATU,SD TULUS KARTIKA,20219895,SK SISWA,1,ORANG,2021
2276,32,JAWA BARAT,3273,KOTA BANDUNG,3273090,BUAHBATU,32.73.22,BUAHBATU,SD TULUS KARTIKA,20219895,AKTIVASI SISWA,1,ORANG,2021
2277,32,JAWA BARAT,3273,KOTA BANDUNG,3273090,BUAHBATU,32.73.22,BUAHBATU,SDN 006 BUAHBATU KOTA BANDUNG,20245122,SK SISWA,599,ORANG,2021
2278,32,JAWA BARAT,3273,KOTA BANDUNG,3273090,BUAHBATU,32.73.22,BUAHBATU,SDN 006 BUAHBATU KOTA BANDUNG,20245122,AKTIVASI SISWA,582,ORANG,2021
2279,32,JAWA BARAT,3273,KOTA BANDUNG,3273090,BUAHBATU,32.73.22,BUAHBATU,SDN 095 BABAKANJATI KOTA BANDUNG,20246455,SK SISWA,98,ORANG,2021
2280,32,JAWA BARAT,3273,KOTA BANDUNG,3273090,BUAHBATU,32.73.22,BUAHBATU,SDN 095 BABAKANJATI KOTA BANDUNG,20246455,AKTIVASI SISWA,98,ORANG,2021
2281,32,JAWA BARAT,3273,KOTA BANDUNG,3273090,BUAHBATU,32.73.22,BUAHBATU,SDN 129 RANCASAWO MARGASARI KOTA BANDUNG,20246417,SK SISWA,170,ORANG,2021
2282,32,JAWA BARAT,3273,KOTA BANDUNG,3273090,BUAHBATU,32.73.22,BUAHBATU,SDN 129 RANCASAWO MARGASARI KOTA BANDUNG,20246417,AKTIVASI SISWA,145,ORANG,2021
2283,32,JAWA BARAT,3273,KOTA BANDUNG,3273090,BUAHBATU,32.73.22,BUAHBATU,SDN 131 CIJAWURA KOTA BANDUNG,20245171,SK SISWA,30,ORANG,2021
2284,32,JAWA BARAT,3273,KOTA BANDUNG,3273090,BUAHBATU,32.73.22,BUAHBATU,SDN 131 CIJAWURA KOTA BANDUNG,20245171,AKTIVASI SISWA,13,ORANG,2021
2285,32,JAWA BARAT,3273,KOTA BANDUNG,3273090,BUAHBATU,32.73.22,BUAHBATU,SDN 184 BUAHBATU KOTA BANDUNG,20246396,SK SISWA,23,ORANG,2021
2286,32,JAWA BARAT,3273,KOTA BANDUNG,3273090,BUAHBATU,32.73.22,BUAHBATU,SDN 184 BUAHBATU KOTA BANDUNG,20246396,AKTIVASI SISWA,20,ORANG,2021
2287,32,JAWA BARAT,3273,KOTA BANDUNG,3273090,BUAHBATU,32.73.22,BUAHBATU,SDN 230 MARGAHAYU RAYA KOTA BANDUNG,20245226,SK SISWA,17,ORANG,2021
2288,32,JAWA BARAT,3273,KOTA BANDUNG,3273090,BUAHBATU,32.73.22,BUAHBATU,SDN 230 MARGAHAYU RAYA KOTA BANDUNG,20245226,AKTIVASI SISWA,11,ORANG,2021
2289,32,JAWA BARAT,3273,KOTA BANDUNG,3273090,BUAHBATU,32.73.22,BUAHBATU,SDN 242 MARGASARI KOTA BANDUNG,20245228,SK SISWA,47,ORANG,2021
2290,32,JAWA BARAT,3273,KOTA BANDUNG,3273090,BUAHBATU,32.73.22,BUAHBATU,SDN 242 MARGASARI KOTA BANDUNG,20245228,AKTIVASI SISWA,42,ORANG,2021
2291,32,JAWA BARAT,3273,KOTA BANDUNG,3273090,BUAHBATU,32.73.22,BUAHBATU,SDN 246 MARGACINTA KOTA BANDUNG,20246410,SK SISWA,37,ORANG,2021
2292,32,JAWA BARAT,3273,KOTA BANDUNG,3273090,BUAHBATU,32.73.22,BUAHBATU,SDN 246 MARGACINTA KOTA BANDUNG,20246410,AKTIVASI SISWA,33,ORANG,2021
2293,32,JAWA BARAT,3273,KOTA BANDUNG,3273090,BUAHBATU,32.73.22,BUAHBATU,SDN 261 MARGAHAYU RAYA KOTA BANDUNG,20246408,SK SISWA,29,ORANG,2021
2294,32,JAWA BARAT,3273,KOTA BANDUNG,3273090,BUAHBATU,32.73.22,BUAHBATU,SDN 261 MARGAHAYU RAYA KOTA BANDUNG,20246408,AKTIVASI SISWA,24,ORANG,2021
2295,32,JAWA BARAT,3273,KOTA BANDUNG,3273090,BUAHBATU,32.73.22,BUAHBATU,SLB AZ-ZAKIYAH,20280597,SK SISWA,20,ORANG,2021
2296,32,JAWA BARAT,3273,KOTA BANDUNG,3273090,BUAHBATU,32.73.22,BUAHBATU,SLB AZ-ZAKIYAH,20280597,AKTIVASI SISWA,1,ORANG,2021
2297,32,JAWA BARAT,3273,KOTA BANDUNG,3273090,BUAHBATU,32.73.22,BUAHBATU,SLB BC HIKMAT,20219879,SK SISWA,6,ORANG,2021
2298,32,JAWA BARAT,3273,KOTA BANDUNG,3273090,BUAHBATU,32.73.22,BUAHBATU,SLB BC HIKMAT,20219879,AKTIVASI SISWA,6,ORANG,2021
2299,32,JAWA BARAT,3273,KOTA BANDUNG,3273150,KIARACONDONG,32.73.16,KIARACONDONG,PKBM BONTI SUKSES ABADI,P9952613,SK SISWA,2,ORANG,2021
2300,32,JAWA BARAT,3273,KOTA BANDUNG,3273150,KIARACONDONG,32.73.16,KIARACONDONG,PKBM BONTI SUKSES ABADI,P9952613,AKTIVASI SISWA,2,ORANG,2021
2301,32,JAWA BARAT,3273,KOTA BANDUNG,3273150,KIARACONDONG,32.73.16,KIARACONDONG,PKBM KARYA REMAJA,P9934597,SK SISWA,4,ORANG,2021
2302,32,JAWA BARAT,3273,KOTA BANDUNG,3273150,KIARACONDONG,32.73.16,KIARACONDONG,PKBM KARYA REMAJA,P9934597,AKTIVASI SISWA,4,ORANG,2021
2303,32,JAWA BARAT,3273,KOTA BANDUNG,3273150,KIARACONDONG,32.73.16,KIARACONDONG,SD IGNATIUS SLAMET RIYADI 2,20219608,SK SISWA,8,ORANG,2021
2304,32,JAWA BARAT,3273,KOTA BANDUNG,3273150,KIARACONDONG,32.73.16,KIARACONDONG,SD IGNATIUS SLAMET RIYADI 2,20219608,AKTIVASI SISWA,8,ORANG,2021
2305,32,JAWA BARAT,3273,KOTA BANDUNG,3273150,KIARACONDONG,32.73.16,KIARACONDONG,SD MUHAMMADIYAH 2,20219853,SK SISWA,65,ORANG,2021
2306,32,JAWA BARAT,3273,KOTA BANDUNG,3273150,KIARACONDONG,32.73.16,KIARACONDONG,SD MUHAMMADIYAH 2,20219853,AKTIVASI SISWA,65,ORANG,2021
2307,32,JAWA BARAT,3273,KOTA BANDUNG,3273150,KIARACONDONG,32.73.16,KIARACONDONG,SDN 017 SEKEJATI KOTA BANDUNG,20245760,SK SISWA,75,ORANG,2021
2308,32,JAWA BARAT,3273,KOTA BANDUNG,3273150,KIARACONDONG,32.73.16,KIARACONDONG,SDN 017 SEKEJATI KOTA BANDUNG,20245760,AKTIVASI SISWA,75,ORANG,2021
2309,32,JAWA BARAT,3273,KOTA BANDUNG,3273150,KIARACONDONG,32.73.16,KIARACONDONG,SDN 038 KIARACONDONG KOTA BANDUNG,20245701,SK SISWA,172,ORANG,2021
2310,32,JAWA BARAT,3273,KOTA BANDUNG,3273150,KIARACONDONG,32.73.16,KIARACONDONG,SDN 038 KIARACONDONG KOTA BANDUNG,20245701,AKTIVASI SISWA,172,ORANG,2021
2311,32,JAWA BARAT,3273,KOTA BANDUNG,3273150,KIARACONDONG,32.73.16,KIARACONDONG,SDN 083 BABAKAN SURABAYA KOTA BANDUNG,20245470,SK SISWA,187,ORANG,2021
2312,32,JAWA BARAT,3273,KOTA BANDUNG,3273150,KIARACONDONG,32.73.16,KIARACONDONG,SDN 083 BABAKAN SURABAYA KOTA BANDUNG,20245470,AKTIVASI SISWA,187,ORANG,2021
2313,32,JAWA BARAT,3273,KOTA BANDUNG,3273150,KIARACONDONG,32.73.16,KIARACONDONG,SDN 111 PINDAD KOTA BANDUNG,20245751,SK SISWA,58,ORANG,2021
2314,32,JAWA BARAT,3273,KOTA BANDUNG,3273150,KIARACONDONG,32.73.16,KIARACONDONG,SDN 111 PINDAD KOTA BANDUNG,20245751,AKTIVASI SISWA,58,ORANG,2021
2315,32,JAWA BARAT,3273,KOTA BANDUNG,3273150,KIARACONDONG,32.73.16,KIARACONDONG,SDN 116 CICAHEUM KOTA BANDUNG,20245512,SK SISWA,14,ORANG,2021
2316,32,JAWA BARAT,3273,KOTA BANDUNG,3273150,KIARACONDONG,32.73.16,KIARACONDONG,SDN 116 CICAHEUM KOTA BANDUNG,20245512,AKTIVASI SISWA,14,ORANG,2021
2317,32,JAWA BARAT,3273,KOTA BANDUNG,3273150,KIARACONDONG,32.73.16,KIARACONDONG,SDN 158 BABAKAN SARI BABAKAN SURABAYA KOTA BANDUNG,20245452,SK SISWA,28,ORANG,2021
2318,32,JAWA BARAT,3273,KOTA BANDUNG,3273150,KIARACONDONG,32.73.16,KIARACONDONG,SDN 158 BABAKAN SARI BABAKAN SURABAYA KOTA BANDUNG,20245452,AKTIVASI SISWA,28,ORANG,2021
2319,32,JAWA BARAT,3273,KOTA BANDUNG,3273150,KIARACONDONG,32.73.16,KIARACONDONG,SDN 159 SEKEJATI KOTA BANDUNG,20245762,SK SISWA,161,ORANG,2021
2320,32,JAWA BARAT,3273,KOTA BANDUNG,3273150,KIARACONDONG,32.73.16,KIARACONDONG,SDN 159 SEKEJATI KOTA BANDUNG,20245762,AKTIVASI SISWA,161,ORANG,2021
2321,32,JAWA BARAT,3273,KOTA BANDUNG,3273150,KIARACONDONG,32.73.16,KIARACONDONG,SDN 160 SUKALAKSANA KOTA BANDUNG,20245797,SK SISWA,68,ORANG,2021
2322,32,JAWA BARAT,3273,KOTA BANDUNG,3273150,KIARACONDONG,32.73.16,KIARACONDONG,SDN 160 SUKALAKSANA KOTA BANDUNG,20245797,AKTIVASI SISWA,68,ORANG,2021
2323,32,JAWA BARAT,3273,KOTA BANDUNG,3273150,KIARACONDONG,32.73.16,KIARACONDONG,SDN 161 SUKAPURA KOTA BANDUNG,20245805,SK SISWA,44,ORANG,2021
2324,32,JAWA BARAT,3273,KOTA BANDUNG,3273150,KIARACONDONG,32.73.16,KIARACONDONG,SDN 161 SUKAPURA KOTA BANDUNG,20245805,AKTIVASI SISWA,44,ORANG,2021
2325,32,JAWA BARAT,3273,KOTA BANDUNG,3273150,KIARACONDONG,32.73.16,KIARACONDONG,SDN 162 WARUNGJAMBU KIARACONDONG KOTA BANDUNG,20245836,SK SISWA,30,ORANG,2021
2326,32,JAWA BARAT,3273,KOTA BANDUNG,3273150,KIARACONDONG,32.73.16,KIARACONDONG,SDN 162 WARUNGJAMBU KIARACONDONG KOTA BANDUNG,20245836,AKTIVASI SISWA,30,ORANG,2021
2327,32,JAWA BARAT,3273,KOTA BANDUNG,3273150,KIARACONDONG,32.73.16,KIARACONDONG,SDN 191 BABAKAN SURABAYA KOTA BANDUNG,20245464,SK SISWA,39,ORANG,2021
2328,32,JAWA BARAT,3273,KOTA BANDUNG,3273150,KIARACONDONG,32.73.16,KIARACONDONG,SDN 191 BABAKAN SURABAYA KOTA BANDUNG,20245464,AKTIVASI SISWA,39,ORANG,2021
2329,32,JAWA BARAT,3273,KOTA BANDUNG,3273150,KIARACONDONG,32.73.16,KIARACONDONG,SDN 210 BABAKAN SINYAR KOTA BANDUNG,20245460,SK SISWA,82,ORANG,2021
2330,32,JAWA BARAT,3273,KOTA BANDUNG,3273150,KIARACONDONG,32.73.16,KIARACONDONG,SDN 210 BABAKAN SINYAR KOTA BANDUNG,20245460,AKTIVASI SISWA,82,ORANG,2021
2331,32,JAWA BARAT,3273,KOTA BANDUNG,3273150,KIARACONDONG,32.73.16,KIARACONDONG,SDN 221 BABAKAN SENTRAL KOTA BANDUNG,20245455,SK SISWA,69,ORANG,2021
2332,32,JAWA BARAT,3273,KOTA BANDUNG,3273150,KIARACONDONG,32.73.16,KIARACONDONG,SDN 221 BABAKAN SENTRAL KOTA BANDUNG,20245455,AKTIVASI SISWA,69,ORANG,2021
2333,32,JAWA BARAT,3273,KOTA BANDUNG,3273150,KIARACONDONG,32.73.16,KIARACONDONG,SLB B KARYA BHAKTI,20219869,SK SISWA,3,ORANG,2021
2334,32,JAWA BARAT,3273,KOTA BANDUNG,3273150,KIARACONDONG,32.73.16,KIARACONDONG,SLB B KARYA BHAKTI,20219869,AKTIVASI SISWA,3,ORANG,2021
2335,32,JAWA BARAT,3273,KOTA BANDUNG,3273150,KIARACONDONG,32.73.16,KIARACONDONG,SLB B SUKAPURA,20219863,SK SISWA,5,ORANG,2021
2336,32,JAWA BARAT,3273,KOTA BANDUNG,3273150,KIARACONDONG,32.73.16,KIARACONDONG,SLB B SUKAPURA,20219863,AKTIVASI SISWA,5,ORANG,2021
2337,32,JAWA BARAT,3273,KOTA BANDUNG,3273150,KIARACONDONG,32.73.16,KIARACONDONG,SLB C SUKAPURA,20219811,SK SISWA,19,ORANG,2021
2338,32,JAWA BARAT,3273,KOTA BANDUNG,3273150,KIARACONDONG,32.73.16,KIARACONDONG,SLB C SUKAPURA,20219811,AKTIVASI SISWA,19,ORANG,2021
2339,32,JAWA BARAT,3273,KOTA BANDUNG,3273230,COBLONG,32.73.02,COBLONG,PKBM PELITA PRATAMA,P2961017,SK SISWA,3,ORANG,2021
2340,32,JAWA BARAT,3273,KOTA BANDUNG,3273230,COBLONG,32.73.02,COBLONG,PKBM PELITA PRATAMA,P2961017,AKTIVASI SISWA,3,ORANG,2021
2341,32,JAWA BARAT,3273,KOTA BANDUNG,3273230,COBLONG,32.73.02,COBLONG,SD ADVENT II BANDUNG,20258082,SK SISWA,3,ORANG,2021
2342,32,JAWA BARAT,3273,KOTA BANDUNG,3273230,COBLONG,32.73.02,COBLONG,SD ADVENT II BANDUNG,20258082,AKTIVASI SISWA,3,ORANG,2021
2343,32,JAWA BARAT,3273,KOTA BANDUNG,3273230,COBLONG,32.73.02,COBLONG,SD AL FALAH,20219526,SK SISWA,14,ORANG,2021
2344,32,JAWA BARAT,3273,KOTA BANDUNG,3273230,COBLONG,32.73.02,COBLONG,SD AL FALAH,20219526,AKTIVASI SISWA,12,ORANG,2021
2345,32,JAWA BARAT,3273,KOTA BANDUNG,3273230,COBLONG,32.73.02,COBLONG,SD AL-AMIN,20219529,SK SISWA,27,ORANG,2021
2346,32,JAWA BARAT,3273,KOTA BANDUNG,3273230,COBLONG,32.73.02,COBLONG,SD AL-AMIN,20219529,AKTIVASI SISWA,27,ORANG,2021
2347,32,JAWA BARAT,3273,KOTA BANDUNG,3273230,COBLONG,32.73.02,COBLONG,SD ALAM BANDUNG,20269424,SK SISWA,5,ORANG,2021
2348,32,JAWA BARAT,3273,KOTA BANDUNG,3273230,COBLONG,32.73.02,COBLONG,SD ALAM BANDUNG,20269424,AKTIVASI SISWA,5,ORANG,2021
2349,32,JAWA BARAT,3273,KOTA BANDUNG,3273230,COBLONG,32.73.02,COBLONG,SD AR-RAHMAN DARUL ILMI,69934958,SK SISWA,2,ORANG,2021
2350,32,JAWA BARAT,3273,KOTA BANDUNG,3273230,COBLONG,32.73.02,COBLONG,SD AR-RAHMAN DARUL ILMI,69934958,AKTIVASI SISWA,0,ORANG,2021
2351,32,JAWA BARAT,3273,KOTA BANDUNG,3273230,COBLONG,32.73.02,COBLONG,SD DARUL HIKAM,20219597,SK SISWA,2,ORANG,2021
2352,32,JAWA BARAT,3273,KOTA BANDUNG,3273230,COBLONG,32.73.02,COBLONG,SD DARUL HIKAM,20219597,AKTIVASI SISWA,2,ORANG,2021
2353,32,JAWA BARAT,3273,KOTA BANDUNG,3273230,COBLONG,32.73.02,COBLONG,SD PROF. DR. MOESTOPO,20219830,SK SISWA,1,ORANG,2021
2354,32,JAWA BARAT,3273,KOTA BANDUNG,3273230,COBLONG,32.73.02,COBLONG,SD PROF. DR. MOESTOPO,20219830,AKTIVASI SISWA,1,ORANG,2021
2355,32,JAWA BARAT,3273,KOTA BANDUNG,3273230,COBLONG,32.73.02,COBLONG,SD SALMAN AL FARISI,20253819,SK SISWA,1,ORANG,2021
2356,32,JAWA BARAT,3273,KOTA BANDUNG,3273230,COBLONG,32.73.02,COBLONG,SD SALMAN AL FARISI,20253819,AKTIVASI SISWA,0,ORANG,2021
2357,32,JAWA BARAT,3273,KOTA BANDUNG,3273230,COBLONG,32.73.02,COBLONG,SDN 007 CIPAGANTI KOTA BANDUNG,20245525,SK SISWA,71,ORANG,2021
2358,32,JAWA BARAT,3273,KOTA BANDUNG,3273230,COBLONG,32.73.02,COBLONG,SDN 007 CIPAGANTI KOTA BANDUNG,20245525,AKTIVASI SISWA,68,ORANG,2021
2359,32,JAWA BARAT,3273,KOTA BANDUNG,3273230,COBLONG,32.73.02,COBLONG,SDN 024 COBLONG KOTA BANDUNG,20245546,SK SISWA,109,ORANG,2021
2360,32,JAWA BARAT,3273,KOTA BANDUNG,3273230,COBLONG,32.73.02,COBLONG,SDN 024 COBLONG KOTA BANDUNG,20245546,AKTIVASI SISWA,106,ORANG,2021
2361,32,JAWA BARAT,3273,KOTA BANDUNG,3273230,COBLONG,32.73.02,COBLONG,SDN 031 PELESIRAN KOTA BANDUNG,20245749,SK SISWA,61,ORANG,2021
2362,32,JAWA BARAT,3273,KOTA BANDUNG,3273230,COBLONG,32.73.02,COBLONG,SDN 031 PELESIRAN KOTA BANDUNG,20245749,AKTIVASI SISWA,61,ORANG,2021
2363,32,JAWA BARAT,3273,KOTA BANDUNG,3273230,COBLONG,32.73.02,COBLONG,SDN 032 TILIL KOTA BANDUNG,20245822,SK SISWA,112,ORANG,2021
2364,32,JAWA BARAT,3273,KOTA BANDUNG,3273230,COBLONG,32.73.02,COBLONG,SDN 032 TILIL KOTA BANDUNG,20245822,AKTIVASI SISWA,88,ORANG,2021
2365,32,JAWA BARAT,3273,KOTA BANDUNG,3273230,COBLONG,32.73.02,COBLONG,SDN 053 CISITU KOTA BANDUNG,20245537,SK SISWA,110,ORANG,2021
2366,32,JAWA BARAT,3273,KOTA BANDUNG,3273230,COBLONG,32.73.02,COBLONG,SDN 053 CISITU KOTA BANDUNG,20245537,AKTIVASI SISWA,110,ORANG,2021
2367,32,JAWA BARAT,3273,KOTA BANDUNG,3273230,COBLONG,32.73.02,COBLONG,SDN 054 TIKUKUR KOTA BANDUNG,20245817,SK SISWA,77,ORANG,2021
2368,32,JAWA BARAT,3273,KOTA BANDUNG,3273230,COBLONG,32.73.02,COBLONG,SDN 054 TIKUKUR KOTA BANDUNG,20245817,AKTIVASI SISWA,70,ORANG,2021
2369,32,JAWA BARAT,3273,KOTA BANDUNG,3273230,COBLONG,32.73.02,COBLONG,SDN 065 CIHAMPELAS KOTA BANDUNG,20245514,SK SISWA,43,ORANG,2021
2370,32,JAWA BARAT,3273,KOTA BANDUNG,3273230,COBLONG,32.73.02,COBLONG,SDN 065 CIHAMPELAS KOTA BANDUNG,20245514,AKTIVASI SISWA,42,ORANG,2021
2371,32,JAWA BARAT,3273,KOTA BANDUNG,3273230,COBLONG,32.73.02,COBLONG,SDN 103 COBLONG KOTA BANDUNG,20245549,SK SISWA,46,ORANG,2021
2372,32,JAWA BARAT,3273,KOTA BANDUNG,3273230,COBLONG,32.73.02,COBLONG,SDN 103 COBLONG KOTA BANDUNG,20245549,AKTIVASI SISWA,42,ORANG,2021
2373,32,JAWA BARAT,3273,KOTA BANDUNG,3273230,COBLONG,32.73.02,COBLONG,SDN 104 LANGENSARI SENANGGALIH KOTA BANDUNG,20245710,SK SISWA,46,ORANG,2021
2374,32,JAWA BARAT,3273,KOTA BANDUNG,3273230,COBLONG,32.73.02,COBLONG,SDN 104 LANGENSARI SENANGGALIH KOTA BANDUNG,20245710,AKTIVASI SISWA,41,ORANG,2021
2375,32,JAWA BARAT,3273,KOTA BANDUNG,3273230,COBLONG,32.73.02,COBLONG,SDN 127 SEKELOA KOTA BANDUNG,20245765,SK SISWA,59,ORANG,2021
2376,32,JAWA BARAT,3273,KOTA BANDUNG,3273230,COBLONG,32.73.02,COBLONG,SDN 127 SEKELOA KOTA BANDUNG,20245765,AKTIVASI SISWA,58,ORANG,2021
2377,32,JAWA BARAT,3273,KOTA BANDUNG,3273230,COBLONG,32.73.02,COBLONG,SDN 128 HAURPANCUH KOTA BANDUNG,20245587,SK SISWA,127,ORANG,2021
2378,32,JAWA BARAT,3273,KOTA BANDUNG,3273230,COBLONG,32.73.02,COBLONG,SDN 128 HAURPANCUH KOTA BANDUNG,20245587,AKTIVASI SISWA,118,ORANG,2021
2379,32,JAWA BARAT,3273,KOTA BANDUNG,3273230,COBLONG,32.73.02,COBLONG,SDN 173 NEGLASARI KOTA BANDUNG,20245717,SK SISWA,203,ORANG,2021
2380,32,JAWA BARAT,3273,KOTA BANDUNG,3273230,COBLONG,32.73.02,COBLONG,SDN 173 NEGLASARI KOTA BANDUNG,20245717,AKTIVASI SISWA,197,ORANG,2021
2381,32,JAWA BARAT,3273,KOTA BANDUNG,3273230,COBLONG,32.73.02,COBLONG,SDN 189 NEGLASARI KOTA BANDUNG,20245718,SK SISWA,219,ORANG,2021
2382,32,JAWA BARAT,3273,KOTA BANDUNG,3273230,COBLONG,32.73.02,COBLONG,SDN 189 NEGLASARI KOTA BANDUNG,20245718,AKTIVASI SISWA,217,ORANG,2021
2383,32,JAWA BARAT,3273,KOTA BANDUNG,3273230,COBLONG,32.73.02,COBLONG,SDN 205 NEGLASARI KOTA BANDUNG,20245720,SK SISWA,56,ORANG,2021
2384,32,JAWA BARAT,3273,KOTA BANDUNG,3273230,COBLONG,32.73.02,COBLONG,SDN 205 NEGLASARI KOTA BANDUNG,20245720,AKTIVASI SISWA,48,ORANG,2021
2385,32,JAWA BARAT,3273,KOTA BANDUNG,3273230,COBLONG,32.73.02,COBLONG,SLB C ASIH MANUNGGAL,20219859,SK SISWA,4,ORANG,2021
2386,32,JAWA BARAT,3273,KOTA BANDUNG,3273230,COBLONG,32.73.02,COBLONG,SLB C ASIH MANUNGGAL,20219859,AKTIVASI SISWA,1,ORANG,2021
2387,32,JAWA BARAT,3273,KOTA BANDUNG,3273230,COBLONG,32.73.02,COBLONG,SLB C YAYASAN TERATE,20219747,SK SISWA,1,ORANG,2021
2388,32,JAWA BARAT,3273,KOTA BANDUNG,3273230,COBLONG,32.73.02,COBLONG,SLB C YAYASAN TERATE,20219747,AKTIVASI SISWA,1,ORANG,2021
2389,32,JAWA BARAT,3273,KOTA BANDUNG,3273230,COBLONG,32.73.02,COBLONG,SPLB C YPLB,20219746,SK SISWA,1,ORANG,2021
2390,32,JAWA BARAT,3273,KOTA BANDUNG,3273230,COBLONG,32.73.02,COBLONG,SPLB C YPLB,20219746,AKTIVASI SISWA,1,ORANG,2021
2391,32,JAWA BARAT,3273,KOTA BANDUNG,3273040,BOJONGLOA KIDUL,32.73.17,BOJONGLOA KIDUL,SD AL BASYARIYAH,20219527,SK SISWA,11,ORANG,2021
2392,32,JAWA BARAT,3273,KOTA BANDUNG,3273040,BOJONGLOA KIDUL,32.73.17,BOJONGLOA KIDUL,SD AL BASYARIYAH,20219527,AKTIVASI SISWA,5,ORANG,2021
2393,32,JAWA BARAT,3273,KOTA BANDUNG,3273040,BOJONGLOA KIDUL,32.73.17,BOJONGLOA KIDUL,SD BUDI SASTRA,20219604,SK SISWA,79,ORANG,2021
2394,32,JAWA BARAT,3273,KOTA BANDUNG,3273040,BOJONGLOA KIDUL,32.73.17,BOJONGLOA KIDUL,SD BUDI SASTRA,20219604,AKTIVASI SISWA,68,ORANG,2021
2395,32,JAWA BARAT,3273,KOTA BANDUNG,3273040,BOJONGLOA KIDUL,32.73.17,BOJONGLOA KIDUL,SD HARAPAN KASIH,69895387,SK SISWA,2,ORANG,2021
2396,32,JAWA BARAT,3273,KOTA BANDUNG,3273040,BOJONGLOA KIDUL,32.73.17,BOJONGLOA KIDUL,SD HARAPAN KASIH,69895387,AKTIVASI SISWA,0,ORANG,2021
2397,32,JAWA BARAT,3273,KOTA BANDUNG,3273040,BOJONGLOA KIDUL,32.73.17,BOJONGLOA KIDUL,SD KRISTEN DIAN EMAS,20219845,SK SISWA,3,ORANG,2021
2398,32,JAWA BARAT,3273,KOTA BANDUNG,3273040,BOJONGLOA KIDUL,32.73.17,BOJONGLOA KIDUL,SD KRISTEN DIAN EMAS,20219845,AKTIVASI SISWA,0,ORANG,2021
2399,32,JAWA BARAT,3273,KOTA BANDUNG,3273040,BOJONGLOA KIDUL,32.73.17,BOJONGLOA KIDUL,SD MUHAMMADIYAH 5,20219850,SK SISWA,20,ORANG,2021
2400,32,JAWA BARAT,3273,KOTA BANDUNG,3273040,BOJONGLOA KIDUL,32.73.17,BOJONGLOA KIDUL,SD MUHAMMADIYAH 5,20219850,AKTIVASI SISWA,13,ORANG,2021
2401,32,JAWA BARAT,3273,KOTA BANDUNG,3273040,BOJONGLOA KIDUL,32.73.17,BOJONGLOA KIDUL,SDN 026 BOJONGLOA KOTA BANDUNG,20244953,SK SISWA,21,ORANG,2021
2402,32,JAWA BARAT,3273,KOTA BANDUNG,3273040,BOJONGLOA KIDUL,32.73.17,BOJONGLOA KIDUL,SDN 026 BOJONGLOA KOTA BANDUNG,20244953,AKTIVASI SISWA,10,ORANG,2021
2403,32,JAWA BARAT,3273,KOTA BANDUNG,3273040,BOJONGLOA KIDUL,32.73.17,BOJONGLOA KIDUL,SDN 148 CIBADUYUT KOTA BANDUNG,20244963,SK SISWA,319,ORANG,2021
2404,32,JAWA BARAT,3273,KOTA BANDUNG,3273040,BOJONGLOA KIDUL,32.73.17,BOJONGLOA KIDUL,SDN 148 CIBADUYUT KOTA BANDUNG,20244963,AKTIVASI SISWA,66,ORANG,2021
2405,32,JAWA BARAT,3273,KOTA BANDUNG,3273040,BOJONGLOA KIDUL,32.73.17,BOJONGLOA KIDUL,SDN 200 LEUWIPANJANG KOTA BANDUNG,20244980,SK SISWA,80,ORANG,2021
2406,32,JAWA BARAT,3273,KOTA BANDUNG,3273040,BOJONGLOA KIDUL,32.73.17,BOJONGLOA KIDUL,SDN 200 LEUWIPANJANG KOTA BANDUNG,20244980,AKTIVASI SISWA,61,ORANG,2021
2407,32,JAWA BARAT,3273,KOTA BANDUNG,3273040,BOJONGLOA KIDUL,32.73.17,BOJONGLOA KIDUL,SDN 228 CANGKUANG KOTA BANDUNG,20244959,SK SISWA,55,ORANG,2021
2408,32,JAWA BARAT,3273,KOTA BANDUNG,3273040,BOJONGLOA KIDUL,32.73.17,BOJONGLOA KIDUL,SDN 228 CANGKUANG KOTA BANDUNG,20244959,AKTIVASI SISWA,10,ORANG,2021
2409,32,JAWA BARAT,3273,KOTA BANDUNG,3273040,BOJONGLOA KIDUL,32.73.17,BOJONGLOA KIDUL,SDN 229 CIBADUYUT KOTA BANDUNG,20244966,SK SISWA,3,ORANG,2021
2410,32,JAWA BARAT,3273,KOTA BANDUNG,3273040,BOJONGLOA KIDUL,32.73.17,BOJONGLOA KIDUL,SDN 229 CIBADUYUT KOTA BANDUNG,20244966,AKTIVASI SISWA,3,ORANG,2021
2411,32,JAWA BARAT,3273,KOTA BANDUNG,3273040,BOJONGLOA KIDUL,32.73.17,BOJONGLOA KIDUL,SDN 233 CIBADUYUT KOTA BANDUNG,20244967,SK SISWA,34,ORANG,2021
2412,32,JAWA BARAT,3273,KOTA BANDUNG,3273040,BOJONGLOA KIDUL,32.73.17,BOJONGLOA KIDUL,SDN 233 CIBADUYUT KOTA BANDUNG,20244967,AKTIVASI SISWA,28,ORANG,2021
2413,32,JAWA BARAT,3273,KOTA BANDUNG,3273040,BOJONGLOA KIDUL,32.73.17,BOJONGLOA KIDUL,SDN 241 LEUWIANYAR KOTA BANDUNG,20244978,SK SISWA,49,ORANG,2021
2414,32,JAWA BARAT,3273,KOTA BANDUNG,3273040,BOJONGLOA KIDUL,32.73.17,BOJONGLOA KIDUL,SDN 241 LEUWIANYAR KOTA BANDUNG,20244978,AKTIVASI SISWA,43,ORANG,2021
2415,32,JAWA BARAT,3273,KOTA BANDUNG,3273040,BOJONGLOA KIDUL,32.73.17,BOJONGLOA KIDUL,SLB BC YPLAB CIBADUYUT,20280596,SK SISWA,3,ORANG,2021
2416,32,JAWA BARAT,3273,KOTA BANDUNG,3273040,BOJONGLOA KIDUL,32.73.17,BOJONGLOA KIDUL,SLB BC YPLAB CIBADUYUT,20280596,AKTIVASI SISWA,3,ORANG,2021
2417,32,JAWA BARAT,3273,KOTA BANDUNG,3273030,BOJONGLOA KALER,32.73.04,BOJONGLOA KALER,PKBM BUDAYA BANGSA,P2960320,SK SISWA,2,ORANG,2021
2418,32,JAWA BARAT,3273,KOTA BANDUNG,3273030,BOJONGLOA KALER,32.73.04,BOJONGLOA KALER,PKBM BUDAYA BANGSA,P2960320,AKTIVASI SISWA,0,ORANG,2021
2419,32,JAWA BARAT,3273,KOTA BANDUNG,3273030,BOJONGLOA KALER,32.73.04,BOJONGLOA KALER,PKBM MOTEKAR BANGSA,P9970495,SK SISWA,1,ORANG,2021
2420,32,JAWA BARAT,3273,KOTA BANDUNG,3273030,BOJONGLOA KALER,32.73.04,BOJONGLOA KALER,PKBM MOTEKAR BANGSA,P9970495,AKTIVASI SISWA,1,ORANG,2021
2421,32,JAWA BARAT,3273,KOTA BANDUNG,3273030,BOJONGLOA KALER,32.73.04,BOJONGLOA KALER,SD AL FATAH,20219525,SK SISWA,25,ORANG,2021
2422,32,JAWA BARAT,3273,KOTA BANDUNG,3273030,BOJONGLOA KALER,32.73.04,BOJONGLOA KALER,SD AL FATAH,20219525,AKTIVASI SISWA,13,ORANG,2021
2423,32,JAWA BARAT,3273,KOTA BANDUNG,3273030,BOJONGLOA KALER,32.73.04,BOJONGLOA KALER,SD AL HIDAYAH,20219523,SK SISWA,65,ORANG,2021
2424,32,JAWA BARAT,3273,KOTA BANDUNG,3273030,BOJONGLOA KALER,32.73.04,BOJONGLOA KALER,SD AL HIDAYAH,20219523,AKTIVASI SISWA,50,ORANG,2021
2425,32,JAWA BARAT,3273,KOTA BANDUNG,3273030,BOJONGLOA KALER,32.73.04,BOJONGLOA KALER,SD DWI AMANAT,20219607,SK SISWA,36,ORANG,2021
2426,32,JAWA BARAT,3273,KOTA BANDUNG,3273030,BOJONGLOA KALER,32.73.04,BOJONGLOA KALER,SD DWI AMANAT,20219607,AKTIVASI SISWA,33,ORANG,2021
2427,32,JAWA BARAT,3273,KOTA BANDUNG,3273030,BOJONGLOA KALER,32.73.04,BOJONGLOA KALER,SD GRACIA 2,20219612,SK SISWA,1,ORANG,2021
2428,32,JAWA BARAT,3273,KOTA BANDUNG,3273030,BOJONGLOA KALER,32.73.04,BOJONGLOA KALER,SD GRACIA 2,20219612,AKTIVASI SISWA,1,ORANG,2021
2429,32,JAWA BARAT,3273,KOTA BANDUNG,3273030,BOJONGLOA KALER,32.73.04,BOJONGLOA KALER,SD PELITA FAJAR,60728783,SK SISWA,1,ORANG,2021
2430,32,JAWA BARAT,3273,KOTA BANDUNG,3273030,BOJONGLOA KALER,32.73.04,BOJONGLOA KALER,SD PELITA FAJAR,60728783,AKTIVASI SISWA,0,ORANG,2021
2431,32,JAWA BARAT,3273,KOTA BANDUNG,3273030,BOJONGLOA KALER,32.73.04,BOJONGLOA KALER,SD SWADAYA 1,20219886,SK SISWA,143,ORANG,2021
2432,32,JAWA BARAT,3273,KOTA BANDUNG,3273030,BOJONGLOA KALER,32.73.04,BOJONGLOA KALER,SD SWADAYA 1,20219886,AKTIVASI SISWA,120,ORANG,2021
2433,32,JAWA BARAT,3273,KOTA BANDUNG,3273030,BOJONGLOA KALER,32.73.04,BOJONGLOA KALER,SD TERANG NUSANTARA,69986026,SK SISWA,3,ORANG,2021
2434,32,JAWA BARAT,3273,KOTA BANDUNG,3273030,BOJONGLOA KALER,32.73.04,BOJONGLOA KALER,SD TERANG NUSANTARA,69986026,AKTIVASI SISWA,3,ORANG,2021
2435,32,JAWA BARAT,3273,KOTA BANDUNG,3273030,BOJONGLOA KALER,32.73.04,BOJONGLOA KALER,SDN 099 BABAKAN TAROGONG KOTA BANDUNG,20244943,SK SISWA,135,ORANG,2021
2436,32,JAWA BARAT,3273,KOTA BANDUNG,3273030,BOJONGLOA KALER,32.73.04,BOJONGLOA KALER,SDN 099 BABAKAN TAROGONG KOTA BANDUNG,20244943,AKTIVASI SISWA,132,ORANG,2021
2437,32,JAWA BARAT,3273,KOTA BANDUNG,3273030,BOJONGLOA KALER,32.73.04,BOJONGLOA KALER,SDN 118 TANJUNG KOTA BANDUNG,20244990,SK SISWA,62,ORANG,2021
2438,32,JAWA BARAT,3273,KOTA BANDUNG,3273030,BOJONGLOA KALER,32.73.04,BOJONGLOA KALER,SDN 118 TANJUNG KOTA BANDUNG,20244990,AKTIVASI SISWA,57,ORANG,2021
2439,32,JAWA BARAT,3273,KOTA BANDUNG,3273030,BOJONGLOA KALER,32.73.04,BOJONGLOA KALER,SDN 147 CITARIP BARAT KOTA BANDUNG,20244969,SK SISWA,44,ORANG,2021
2440,32,JAWA BARAT,3273,KOTA BANDUNG,3273030,BOJONGLOA KALER,32.73.04,BOJONGLOA KALER,SDN 147 CITARIP BARAT KOTA BANDUNG,20244969,AKTIVASI SISWA,43,ORANG,2021
2441,32,JAWA BARAT,3273,KOTA BANDUNG,3273030,BOJONGLOA KALER,32.73.04,BOJONGLOA KALER,SDN 251 JAMIKA KOTA BANDUNG,20244975,SK SISWA,66,ORANG,2021
2442,32,JAWA BARAT,3273,KOTA BANDUNG,3273030,BOJONGLOA KALER,32.73.04,BOJONGLOA KALER,SDN 251 JAMIKA KOTA BANDUNG,20244975,AKTIVASI SISWA,63,ORANG,2021
2443,32,JAWA BARAT,3273,KOTA BANDUNG,3273030,BOJONGLOA KALER,32.73.04,BOJONGLOA KALER,SDN 270 GENTRA MASEKDAS KOTA BANDUNG,20244974,SK SISWA,57,ORANG,2021
2444,32,JAWA BARAT,3273,KOTA BANDUNG,3273030,BOJONGLOA KALER,32.73.04,BOJONGLOA KALER,SDN 270 GENTRA MASEKDAS KOTA BANDUNG,20244974,AKTIVASI SISWA,54,ORANG,2021
2445,32,JAWA BARAT,3273,KOTA BANDUNG,3273160,BATUNUNGGAL,32.73.12,BATUNUNGGAL,SD CIPTA KARYA,20246315,SK SISWA,20,ORANG,2021
2446,32,JAWA BARAT,3273,KOTA BANDUNG,3273160,BATUNUNGGAL,32.73.12,BATUNUNGGAL,SD CIPTA KARYA,20246315,AKTIVASI SISWA,18,ORANG,2021
2447,32,JAWA BARAT,3273,KOTA BANDUNG,3273160,BATUNUNGGAL,32.73.12,BATUNUNGGAL,SD IGNATIUS SLAMET RIYADI,20219609,SK SISWA,3,ORANG,2021
2448,32,JAWA BARAT,3273,KOTA BANDUNG,3273160,BATUNUNGGAL,32.73.12,BATUNUNGGAL,SD IGNATIUS SLAMET RIYADI,20219609,AKTIVASI SISWA,2,ORANG,2021
2449,32,JAWA BARAT,3273,KOTA BANDUNG,3273160,BATUNUNGGAL,32.73.12,BATUNUNGGAL,SD JEMBAR,20219576,SK SISWA,5,ORANG,2021
2450,32,JAWA BARAT,3273,KOTA BANDUNG,3273160,BATUNUNGGAL,32.73.12,BATUNUNGGAL,SD JEMBAR,20219576,AKTIVASI SISWA,5,ORANG,2021
2451,32,JAWA BARAT,3273,KOTA BANDUNG,3273160,BATUNUNGGAL,32.73.12,BATUNUNGGAL,SD TRIKARSA,20219884,SK SISWA,40,ORANG,2021
2452,32,JAWA BARAT,3273,KOTA BANDUNG,3273160,BATUNUNGGAL,32.73.12,BATUNUNGGAL,SD TRIKARSA,20219884,AKTIVASI SISWA,40,ORANG,2021
2453,32,JAWA BARAT,3273,KOTA BANDUNG,3273160,BATUNUNGGAL,32.73.12,BATUNUNGGAL,SD YPU,20219902,SK SISWA,95,ORANG,2021
2454,32,JAWA BARAT,3273,KOTA BANDUNG,3273160,BATUNUNGGAL,32.73.12,BATUNUNGGAL,SD YPU,20219902,AKTIVASI SISWA,95,ORANG,2021
2455,32,JAWA BARAT,3273,KOTA BANDUNG,3273160,BATUNUNGGAL,32.73.12,BATUNUNGGAL,SDN 028 GUMURUH KOTA BANDUNG,20244864,SK SISWA,50,ORANG,2021
2456,32,JAWA BARAT,3273,KOTA BANDUNG,3273160,BATUNUNGGAL,32.73.12,BATUNUNGGAL,SDN 028 GUMURUH KOTA BANDUNG,20244864,AKTIVASI SISWA,50,ORANG,2021
2457,32,JAWA BARAT,3273,KOTA BANDUNG,3273160,BATUNUNGGAL,32.73.12,BATUNUNGGAL,SDN 042 GAMBIR KOTA BANDUNG,20244857,SK SISWA,82,ORANG,2021
2458,32,JAWA BARAT,3273,KOTA BANDUNG,3273160,BATUNUNGGAL,32.73.12,BATUNUNGGAL,SDN 042 GAMBIR KOTA BANDUNG,20244857,AKTIVASI SISWA,77,ORANG,2021
2459,32,JAWA BARAT,3273,KOTA BANDUNG,3273160,BATUNUNGGAL,32.73.12,BATUNUNGGAL,SDN 063 KEBON GEDANG KOTA BANDUNG,20245950,SK SISWA,95,ORANG,2021
2460,32,JAWA BARAT,3273,KOTA BANDUNG,3273160,BATUNUNGGAL,32.73.12,BATUNUNGGAL,SDN 063 KEBON GEDANG KOTA BANDUNG,20245950,AKTIVASI SISWA,95,ORANG,2021
2461,32,JAWA BARAT,3273,KOTA BANDUNG,3273160,BATUNUNGGAL,32.73.12,BATUNUNGGAL,SDN 081 KEBON GEDANG KRIDAWINAYA KOTA BANDUNG,20245956,SK SISWA,80,ORANG,2021
2462,32,JAWA BARAT,3273,KOTA BANDUNG,3273160,BATUNUNGGAL,32.73.12,BATUNUNGGAL,SDN 081 KEBON GEDANG KRIDAWINAYA KOTA BANDUNG,20245956,AKTIVASI SISWA,70,ORANG,2021
2463,32,JAWA BARAT,3273,KOTA BANDUNG,3273160,BATUNUNGGAL,32.73.12,BATUNUNGGAL,SDN 109 CENTEH KOTA BANDUNG,20244829,SK SISWA,107,ORANG,2021
2464,32,JAWA BARAT,3273,KOTA BANDUNG,3273160,BATUNUNGGAL,32.73.12,BATUNUNGGAL,SDN 109 CENTEH KOTA BANDUNG,20244829,AKTIVASI SISWA,63,ORANG,2021
2465,32,JAWA BARAT,3273,KOTA BANDUNG,3273160,BATUNUNGGAL,32.73.12,BATUNUNGGAL,SDN 145 BINONG JATI KOTA BANDUNG,20244825,SK SISWA,38,ORANG,2021
2466,32,JAWA BARAT,3273,KOTA BANDUNG,3273160,BATUNUNGGAL,32.73.12,BATUNUNGGAL,SDN 145 BINONG JATI KOTA BANDUNG,20244825,AKTIVASI SISWA,36,ORANG,2021
2467,32,JAWA BARAT,3273,KOTA BANDUNG,3273160,BATUNUNGGAL,32.73.12,BATUNUNGGAL,SDN 146 GUMURUH KOTA BANDUNG,20244870,SK SISWA,34,ORANG,2021
2468,32,JAWA BARAT,3273,KOTA BANDUNG,3273160,BATUNUNGGAL,32.73.12,BATUNUNGGAL,SDN 146 GUMURUH KOTA BANDUNG,20244870,AKTIVASI SISWA,33,ORANG,2021
2469,32,JAWA BARAT,3273,KOTA BANDUNG,3273160,BATUNUNGGAL,32.73.12,BATUNUNGGAL,SDN 203 KACAPIRING KOTA BANDUNG,20244880,SK SISWA,145,ORANG,2021
2470,32,JAWA BARAT,3273,KOTA BANDUNG,3273160,BATUNUNGGAL,32.73.12,BATUNUNGGAL,SDN 203 KACAPIRING KOTA BANDUNG,20244880,AKTIVASI SISWA,133,ORANG,2021
2471,32,JAWA BARAT,3273,KOTA BANDUNG,3273160,BATUNUNGGAL,32.73.12,BATUNUNGGAL,SDN 219 BABAKANJATI KOTA BANDUNG,20244823,SK SISWA,74,ORANG,2021
2472,32,JAWA BARAT,3273,KOTA BANDUNG,3273160,BATUNUNGGAL,32.73.12,BATUNUNGGAL,SDN 219 BABAKANJATI KOTA BANDUNG,20244823,AKTIVASI SISWA,74,ORANG,2021
2473,32,JAWA BARAT,3273,KOTA BANDUNG,3273160,BATUNUNGGAL,32.73.12,BATUNUNGGAL,SDN 220 GUMURUH KOTA BANDUNG,20244871,SK SISWA,79,ORANG,2021
2474,32,JAWA BARAT,3273,KOTA BANDUNG,3273160,BATUNUNGGAL,32.73.12,BATUNUNGGAL,SDN 220 GUMURUH KOTA BANDUNG,20244871,AKTIVASI SISWA,76,ORANG,2021
2475,32,JAWA BARAT,3273,KOTA BANDUNG,3273160,BATUNUNGGAL,32.73.12,BATUNUNGGAL,SLB DARUL HIDAYAH,69830375,SK SISWA,5,ORANG,2021
2476,32,JAWA BARAT,3273,KOTA BANDUNG,3273160,BATUNUNGGAL,32.73.12,BATUNUNGGAL,SLB DARUL HIDAYAH,69830375,AKTIVASI SISWA,5,ORANG,2021
2477,32,JAWA BARAT,3273,KOTA BANDUNG,3273200,BANDUNG WETAN,32.73.09,BANDUNG WETAN,SD ISTIQAMAH,20219578,SK SISWA,1,ORANG,2021
2478,32,JAWA BARAT,3273,KOTA BANDUNG,3273200,BANDUNG WETAN,32.73.09,BANDUNG WETAN,SD ISTIQAMAH,20219578,AKTIVASI SISWA,0,ORANG,2021
2479,32,JAWA BARAT,3273,KOTA BANDUNG,3273200,BANDUNG WETAN,32.73.09,BANDUNG WETAN,SD KRISTEN BAPTIS,20219584,SK SISWA,23,ORANG,2021
2480,32,JAWA BARAT,3273,KOTA BANDUNG,3273200,BANDUNG WETAN,32.73.09,BANDUNG WETAN,SD KRISTEN BAPTIS,20219584,AKTIVASI SISWA,18,ORANG,2021
2481,32,JAWA BARAT,3273,KOTA BANDUNG,3273200,BANDUNG WETAN,32.73.09,BANDUNG WETAN,SD LINGGAWASTU,20219838,SK SISWA,38,ORANG,2021
2482,32,JAWA BARAT,3273,KOTA BANDUNG,3273200,BANDUNG WETAN,32.73.09,BANDUNG WETAN,SD LINGGAWASTU,20219838,AKTIVASI SISWA,37,ORANG,2021
2483,32,JAWA BARAT,3273,KOTA BANDUNG,3273200,BANDUNG WETAN,32.73.09,BANDUNG WETAN,SD MATHLAUL KHOERIYAH,20219856,SK SISWA,94,ORANG,2021
2484,32,JAWA BARAT,3273,KOTA BANDUNG,3273200,BANDUNG WETAN,32.73.09,BANDUNG WETAN,SD MATHLAUL KHOERIYAH,20219856,AKTIVASI SISWA,92,ORANG,2021
2485,32,JAWA BARAT,3273,KOTA BANDUNG,3273200,BANDUNG WETAN,32.73.09,BANDUNG WETAN,SD PERTIWI,20219823,SK SISWA,49,ORANG,2021
2486,32,JAWA BARAT,3273,KOTA BANDUNG,3273200,BANDUNG WETAN,32.73.09,BANDUNG WETAN,SD PERTIWI,20219823,AKTIVASI SISWA,49,ORANG,2021
2487,32,JAWA BARAT,3273,KOTA BANDUNG,3273200,BANDUNG WETAN,32.73.09,BANDUNG WETAN,SD PRIANGAN ISTIQAMAH,20219832,SK SISWA,51,ORANG,2021
2488,32,JAWA BARAT,3273,KOTA BANDUNG,3273200,BANDUNG WETAN,32.73.09,BANDUNG WETAN,SD PRIANGAN ISTIQAMAH,20219832,AKTIVASI SISWA,48,ORANG,2021
2489,32,JAWA BARAT,3273,KOTA BANDUNG,3273200,BANDUNG WETAN,32.73.09,BANDUNG WETAN,SD SANTO AGUSTINUS,20219894,SK SISWA,1,ORANG,2021
2490,32,JAWA BARAT,3273,KOTA BANDUNG,3273200,BANDUNG WETAN,32.73.09,BANDUNG WETAN,SD SANTO AGUSTINUS,20219894,AKTIVASI SISWA,0,ORANG,2021
2491,32,JAWA BARAT,3273,KOTA BANDUNG,3273200,BANDUNG WETAN,32.73.09,BANDUNG WETAN,SD TARUNA BAKTI,20219885,SK SISWA,1,ORANG,2021
2492,32,JAWA BARAT,3273,KOTA BANDUNG,3273200,BANDUNG WETAN,32.73.09,BANDUNG WETAN,SD TARUNA BAKTI,20219885,AKTIVASI SISWA,1,ORANG,2021
2493,32,JAWA BARAT,3273,KOTA BANDUNG,3273200,BANDUNG WETAN,32.73.09,BANDUNG WETAN,SD YAKESWA,20219906,SK SISWA,43,ORANG,2021
2494,32,JAWA BARAT,3273,KOTA BANDUNG,3273200,BANDUNG WETAN,32.73.09,BANDUNG WETAN,SD YAKESWA,20219906,AKTIVASI SISWA,43,ORANG,2021
2495,32,JAWA BARAT,3273,KOTA BANDUNG,3273200,BANDUNG WETAN,32.73.09,BANDUNG WETAN,SD YKPPK,20253349,SK SISWA,31,ORANG,2021
2496,32,JAWA BARAT,3273,KOTA BANDUNG,3273200,BANDUNG WETAN,32.73.09,BANDUNG WETAN,SD YKPPK,20253349,AKTIVASI SISWA,31,ORANG,2021
2497,32,JAWA BARAT,3273,KOTA BANDUNG,3273200,BANDUNG WETAN,32.73.09,BANDUNG WETAN,SDN 037 SABANG KOTA BANDUNG,20245285,SK SISWA,22,ORANG,2021
2498,32,JAWA BARAT,3273,KOTA BANDUNG,3273200,BANDUNG WETAN,32.73.09,BANDUNG WETAN,SDN 037 SABANG KOTA BANDUNG,20245285,AKTIVASI SISWA,22,ORANG,2021
2499,32,JAWA BARAT,3273,KOTA BANDUNG,3273200,BANDUNG WETAN,32.73.09,BANDUNG WETAN,SDN 062 CIUJUNG KOTA BANDUNG,20245187,SK SISWA,71,ORANG,2021
2500,32,JAWA BARAT,3273,KOTA BANDUNG,3273200,BANDUNG WETAN,32.73.09,BANDUNG WETAN,SDN 062 CIUJUNG KOTA BANDUNG,20245187,AKTIVASI SISWA,70,ORANG,2021
2501,32,JAWA BARAT,3273,KOTA BANDUNG,3273120,UJUNG BERUNG,32.73.26,UJUNGBERUNG,PKBM ALDYKA PUTRA,P2961063,SK SISWA,3,ORANG,2021
2502,32,JAWA BARAT,3273,KOTA BANDUNG,3273120,UJUNG BERUNG,32.73.26,UJUNGBERUNG,PKBM ALDYKA PUTRA,P2961063,AKTIVASI SISWA,1,ORANG,2021
2503,32,JAWA BARAT,3273,KOTA BANDUNG,3273120,UJUNG BERUNG,32.73.26,UJUNGBERUNG,PKBM BINA CIPTA,P2962425,SK SISWA,4,ORANG,2021
2504,32,JAWA BARAT,3273,KOTA BANDUNG,3273120,UJUNG BERUNG,32.73.26,UJUNGBERUNG,PKBM BINA CIPTA,P2962425,AKTIVASI SISWA,4,ORANG,2021
2505,32,JAWA BARAT,3273,KOTA BANDUNG,3273120,UJUNG BERUNG,32.73.26,UJUNGBERUNG,PKBM PATRAKOMALA,P2961059,SK SISWA,3,ORANG,2021
2506,32,JAWA BARAT,3273,KOTA BANDUNG,3273120,UJUNG BERUNG,32.73.26,UJUNGBERUNG,PKBM PATRAKOMALA,P2961059,AKTIVASI SISWA,3,ORANG,2021
2507,32,JAWA BARAT,3273,KOTA BANDUNG,3273120,UJUNG BERUNG,32.73.26,UJUNGBERUNG,SD PLUS BAITURRAHMAN,20247254,SK SISWA,5,ORANG,2021
2508,32,JAWA BARAT,3273,KOTA BANDUNG,3273120,UJUNG BERUNG,32.73.26,UJUNGBERUNG,SD PLUS BAITURRAHMAN,20247254,AKTIVASI SISWA,5,ORANG,2021
2509,32,JAWA BARAT,3273,KOTA BANDUNG,3273120,UJUNG BERUNG,32.73.26,UJUNGBERUNG,SDN 021 CIPOREAT KOTA BANDUNG,20245527,SK SISWA,24,ORANG,2021
2510,32,JAWA BARAT,3273,KOTA BANDUNG,3273120,UJUNG BERUNG,32.73.26,UJUNGBERUNG,SDN 021 CIPOREAT KOTA BANDUNG,20245527,AKTIVASI SISWA,24,ORANG,2021
2511,32,JAWA BARAT,3273,KOTA BANDUNG,3273120,UJUNG BERUNG,32.73.26,UJUNGBERUNG,SDN 036 UJUNGBERUNG KOTA BANDUNG,20245826,SK SISWA,223,ORANG,2021
2512,32,JAWA BARAT,3273,KOTA BANDUNG,3273120,UJUNG BERUNG,32.73.26,UJUNGBERUNG,SDN 036 UJUNGBERUNG KOTA BANDUNG,20245826,AKTIVASI SISWA,222,ORANG,2021
2513,32,JAWA BARAT,3273,KOTA BANDUNG,3273120,UJUNG BERUNG,32.73.26,UJUNGBERUNG,SDN 106 AJITUNGGAL CIJAMBE KOTA BANDUNG,20246393,SK SISWA,165,ORANG,2021
2514,32,JAWA BARAT,3273,KOTA BANDUNG,3273120,UJUNG BERUNG,32.73.26,UJUNGBERUNG,SDN 106 AJITUNGGAL CIJAMBE KOTA BANDUNG,20246393,AKTIVASI SISWA,159,ORANG,2021
2515,32,JAWA BARAT,3273,KOTA BANDUNG,3273120,UJUNG BERUNG,32.73.26,UJUNGBERUNG,SDN 107 PALEDANG KOTA BANDUNG,20245729,SK SISWA,80,ORANG,2021
2516,32,JAWA BARAT,3273,KOTA BANDUNG,3273120,UJUNG BERUNG,32.73.26,UJUNGBERUNG,SDN 107 PALEDANG KOTA BANDUNG,20245729,AKTIVASI SISWA,80,ORANG,2021
2517,32,JAWA BARAT,3273,KOTA BANDUNG,3273120,UJUNG BERUNG,32.73.26,UJUNGBERUNG,SDN 224 CIJAMBE KOTA BANDUNG,20245517,SK SISWA,40,ORANG,2021
2518,32,JAWA BARAT,3273,KOTA BANDUNG,3273120,UJUNG BERUNG,32.73.26,UJUNGBERUNG,SDN 224 CIJAMBE KOTA BANDUNG,20245517,AKTIVASI SISWA,37,ORANG,2021
2519,32,JAWA BARAT,3273,KOTA BANDUNG,3273120,UJUNG BERUNG,32.73.26,UJUNGBERUNG,SDN 225 MEKARGALIH KOTA BANDUNG,20245714,SK SISWA,136,ORANG,2021
2520,32,JAWA BARAT,3273,KOTA BANDUNG,3273120,UJUNG BERUNG,32.73.26,UJUNGBERUNG,SDN 225 MEKARGALIH KOTA BANDUNG,20245714,AKTIVASI SISWA,129,ORANG,2021
2521,32,JAWA BARAT,3273,KOTA BANDUNG,3273120,UJUNG BERUNG,32.73.26,UJUNGBERUNG,SDN 253 PANGGUNGSARI KOTA BANDUNG,20245731,SK SISWA,83,ORANG,2021
2522,32,JAWA BARAT,3273,KOTA BANDUNG,3273120,UJUNG BERUNG,32.73.26,UJUNGBERUNG,SDN 253 PANGGUNGSARI KOTA BANDUNG,20245731,AKTIVASI SISWA,83,ORANG,2021
2523,32,JAWA BARAT,3273,KOTA BANDUNG,3273120,UJUNG BERUNG,32.73.26,UJUNGBERUNG,SLB YRBB,20280600,SK SISWA,3,ORANG,2021
2524,32,JAWA BARAT,3273,KOTA BANDUNG,3273120,UJUNG BERUNG,32.73.26,UJUNGBERUNG,SLB YRBB,20280600,AKTIVASI SISWA,3,ORANG,2021
2525,32,JAWA BARAT,3273,KOTA BANDUNG,3273170,SUMUR BANDUNG,32.73.19,SUMUR BANDUNG,SD 3 KRISTEN PAULUS,20219588,SK SISWA,17,ORANG,2021
2526,32,JAWA BARAT,3273,KOTA BANDUNG,3273170,SUMUR BANDUNG,32.73.19,SUMUR BANDUNG,SD 3 KRISTEN PAULUS,20219588,AKTIVASI SISWA,16,ORANG,2021
2527,32,JAWA BARAT,3273,KOTA BANDUNG,3273170,SUMUR BANDUNG,32.73.19,SUMUR BANDUNG,SD ADVENT NARIPAN,20219530,SK SISWA,7,ORANG,2021
2528,32,JAWA BARAT,3273,KOTA BANDUNG,3273170,SUMUR BANDUNG,32.73.19,SUMUR BANDUNG,SD ADVENT NARIPAN,20219530,AKTIVASI SISWA,7,ORANG,2021
2529,32,JAWA BARAT,3273,KOTA BANDUNG,3273170,SUMUR BANDUNG,32.73.19,SUMUR BANDUNG,SDN 001 MERDEKA KOTA BANDUNG,20245231,SK SISWA,116,ORANG,2021
2530,32,JAWA BARAT,3273,KOTA BANDUNG,3273170,SUMUR BANDUNG,32.73.19,SUMUR BANDUNG,SDN 001 MERDEKA KOTA BANDUNG,20245231,AKTIVASI SISWA,105,ORANG,2021
2531,32,JAWA BARAT,3273,KOTA BANDUNG,3273170,SUMUR BANDUNG,32.73.19,SUMUR BANDUNG,SDN 034 PATRAKOMALA KOTA BANDUNG,20245745,SK SISWA,30,ORANG,2021
2532,32,JAWA BARAT,3273,KOTA BANDUNG,3273170,SUMUR BANDUNG,32.73.19,SUMUR BANDUNG,SDN 034 PATRAKOMALA KOTA BANDUNG,20245745,AKTIVASI SISWA,27,ORANG,2021
2533,32,JAWA BARAT,3273,KOTA BANDUNG,3273170,SUMUR BANDUNG,32.73.19,SUMUR BANDUNG,SDN 035 SOKA KOTA BANDUNG,20245781,SK SISWA,73,ORANG,2021
2534,32,JAWA BARAT,3273,KOTA BANDUNG,3273170,SUMUR BANDUNG,32.73.19,SUMUR BANDUNG,SDN 035 SOKA KOTA BANDUNG,20245781,AKTIVASI SISWA,64,ORANG,2021
2535,32,JAWA BARAT,3273,KOTA BANDUNG,3273170,SUMUR BANDUNG,32.73.19,SUMUR BANDUNG,SDN 088 EMBONG KOTA BANDUNG,20245568,SK SISWA,54,ORANG,2021
2536,32,JAWA BARAT,3273,KOTA BANDUNG,3273170,SUMUR BANDUNG,32.73.19,SUMUR BANDUNG,SDN 088 EMBONG KOTA BANDUNG,20245568,AKTIVASI SISWA,49,ORANG,2021
2537,32,JAWA BARAT,3273,KOTA BANDUNG,3273170,SUMUR BANDUNG,32.73.19,SUMUR BANDUNG,SDN 113 BANJARSARI KOTA BANDUNG,20245475,SK SISWA,3,ORANG,2021
2538,32,JAWA BARAT,3273,KOTA BANDUNG,3273170,SUMUR BANDUNG,32.73.19,SUMUR BANDUNG,SDN 113 BANJARSARI KOTA BANDUNG,20245475,AKTIVASI SISWA,2,ORANG,2021
2539,32,JAWA BARAT,3273,KOTA BANDUNG,3273170,SUMUR BANDUNG,32.73.19,SUMUR BANDUNG,SLB NEGERI CICENDO,26017001,SK SISWA,50,ORANG,2021
2540,32,JAWA BARAT,3273,KOTA BANDUNG,3273170,SUMUR BANDUNG,32.73.19,SUMUR BANDUNG,SLB NEGERI CICENDO,26017001,AKTIVASI SISWA,8,ORANG,2021
2541,32,JAWA BARAT,3273,KOTA BANDUNG,3273010,BANDUNG KULON,32.73.15,BANDUNG KULON,PKBM HOLIS,P9952429,SK SISWA,3,ORANG,2021
2542,32,JAWA BARAT,3273,KOTA BANDUNG,3273010,BANDUNG KULON,32.73.15,BANDUNG KULON,PKBM HOLIS,P9952429,AKTIVASI SISWA,3,ORANG,2021
2543,32,JAWA BARAT,3273,KOTA BANDUNG,3273010,BANDUNG KULON,32.73.15,BANDUNG KULON,PKBM MDC (MASA DEPAN CERAH),P9908903,SK SISWA,2,ORANG,2021
2544,32,JAWA BARAT,3273,KOTA BANDUNG,3273010,BANDUNG KULON,32.73.15,BANDUNG KULON,PKBM MDC (MASA DEPAN CERAH),P9908903,AKTIVASI SISWA,1,ORANG,2021
2545,32,JAWA BARAT,3273,KOTA BANDUNG,3273010,BANDUNG KULON,32.73.15,BANDUNG KULON,SD ANDIR MUKTI,20219533,SK SISWA,63,ORANG,2021
2546,32,JAWA BARAT,3273,KOTA BANDUNG,3273010,BANDUNG KULON,32.73.15,BANDUNG KULON,SD ANDIR MUKTI,20219533,AKTIVASI SISWA,63,ORANG,2021
2547,32,JAWA BARAT,3273,KOTA BANDUNG,3273010,BANDUNG KULON,32.73.15,BANDUNG KULON,SD ATTAZHIMIYAH,20219538,SK SISWA,96,ORANG,2021
2548,32,JAWA BARAT,3273,KOTA BANDUNG,3273010,BANDUNG KULON,32.73.15,BANDUNG KULON,SD ATTAZHIMIYAH,20219538,AKTIVASI SISWA,70,ORANG,2021
2549,32,JAWA BARAT,3273,KOTA BANDUNG,3273010,BANDUNG KULON,32.73.15,BANDUNG KULON,SD BAITUL HIKMAH,69947447,SK SISWA,3,ORANG,2021
2550,32,JAWA BARAT,3273,KOTA BANDUNG,3273010,BANDUNG KULON,32.73.15,BANDUNG KULON,SD BAITUL HIKMAH,69947447,AKTIVASI SISWA,2,ORANG,2021
2551,32,JAWA BARAT,3273,KOTA BANDUNG,3273010,BANDUNG KULON,32.73.15,BANDUNG KULON,SD BANDUNG RAYA,20219537,SK SISWA,58,ORANG,2021
2552,32,JAWA BARAT,3273,KOTA BANDUNG,3273010,BANDUNG KULON,32.73.15,BANDUNG KULON,SD BANDUNG RAYA,20219537,AKTIVASI SISWA,54,ORANG,2021
2553,32,JAWA BARAT,3273,KOTA BANDUNG,3273010,BANDUNG KULON,32.73.15,BANDUNG KULON,SD CAHAYA NUSANTARA,20258325,SK SISWA,2,ORANG,2021
2554,32,JAWA BARAT,3273,KOTA BANDUNG,3273010,BANDUNG KULON,32.73.15,BANDUNG KULON,SD CAHAYA NUSANTARA,20258325,AKTIVASI SISWA,0,ORANG,2021
2555,32,JAWA BARAT,3273,KOTA BANDUNG,3273010,BANDUNG KULON,32.73.15,BANDUNG KULON,SD CITRA CEMARA,20269306,SK SISWA,1,ORANG,2021
2556,32,JAWA BARAT,3273,KOTA BANDUNG,3273010,BANDUNG KULON,32.73.15,BANDUNG KULON,SD CITRA CEMARA,20269306,AKTIVASI SISWA,1,ORANG,2021
2557,32,JAWA BARAT,3273,KOTA BANDUNG,3273010,BANDUNG KULON,32.73.15,BANDUNG KULON,SD KASIH BANGSA,69894361,SK SISWA,5,ORANG,2021
2558,32,JAWA BARAT,3273,KOTA BANDUNG,3273010,BANDUNG KULON,32.73.15,BANDUNG KULON,SD KASIH BANGSA,69894361,AKTIVASI SISWA,5,ORANG,2021
2559,32,JAWA BARAT,3273,KOTA BANDUNG,3273010,BANDUNG KULON,32.73.15,BANDUNG KULON,SD SURYANI DWI MARGA,20219889,SK SISWA,68,ORANG,2021
2560,32,JAWA BARAT,3273,KOTA BANDUNG,3273010,BANDUNG KULON,32.73.15,BANDUNG KULON,SD SURYANI DWI MARGA,20219889,AKTIVASI SISWA,54,ORANG,2021
2561,32,JAWA BARAT,3273,KOTA BANDUNG,3273010,BANDUNG KULON,32.73.15,BANDUNG KULON,SDN 011 CIBUNTU KOTA BANDUNG,20244743,SK SISWA,87,ORANG,2021
2562,32,JAWA BARAT,3273,KOTA BANDUNG,3273010,BANDUNG KULON,32.73.15,BANDUNG KULON,SDN 011 CIBUNTU KOTA BANDUNG,20244743,AKTIVASI SISWA,68,ORANG,2021
2563,32,JAWA BARAT,3273,KOTA BANDUNG,3273010,BANDUNG KULON,32.73.15,BANDUNG KULON,SDN 014 CIGONDEWAH KOTA BANDUNG,20244836,SK SISWA,76,ORANG,2021
2564,32,JAWA BARAT,3273,KOTA BANDUNG,3273010,BANDUNG KULON,32.73.15,BANDUNG KULON,SDN 014 CIGONDEWAH KOTA BANDUNG,20244836,AKTIVASI SISWA,67,ORANG,2021
2565,32,JAWA BARAT,3273,KOTA BANDUNG,3273010,BANDUNG KULON,32.73.15,BANDUNG KULON,SDN 041 CIBUNTU WARUNG MUNCANG KOTA BANDUNG,20244744,SK SISWA,92,ORANG,2021
2566,32,JAWA BARAT,3273,KOTA BANDUNG,3273010,BANDUNG KULON,32.73.15,BANDUNG KULON,SDN 041 CIBUNTU WARUNG MUNCANG KOTA BANDUNG,20244744,AKTIVASI SISWA,86,ORANG,2021
2567,32,JAWA BARAT,3273,KOTA BANDUNG,3273010,BANDUNG KULON,32.73.15,BANDUNG KULON,SDN 061 CIJERAH KOTA BANDUNG,20244841,SK SISWA,53,ORANG,2021
2568,32,JAWA BARAT,3273,KOTA BANDUNG,3273010,BANDUNG KULON,32.73.15,BANDUNG KULON,SDN 061 CIJERAH KOTA BANDUNG,20244841,AKTIVASI SISWA,53,ORANG,2021
2569,32,JAWA BARAT,3273,KOTA BANDUNG,3273010,BANDUNG KULON,32.73.15,BANDUNG KULON,SDN 080 BOJONG INDAH CIBUNTU KOTA BANDUNG,20244740,SK SISWA,20,ORANG,2021
2570,32,JAWA BARAT,3273,KOTA BANDUNG,3273010,BANDUNG KULON,32.73.15,BANDUNG KULON,SDN 080 BOJONG INDAH CIBUNTU KOTA BANDUNG,20244740,AKTIVASI SISWA,18,ORANG,2021
2571,32,JAWA BARAT,3273,KOTA BANDUNG,3273010,BANDUNG KULON,32.73.15,BANDUNG KULON,SDN 093 TUNAS HARAPAN CIJERAH KOTA BANDUNG,20244933,SK SISWA,61,ORANG,2021
2572,32,JAWA BARAT,3273,KOTA BANDUNG,3273010,BANDUNG KULON,32.73.15,BANDUNG KULON,SDN 093 TUNAS HARAPAN CIJERAH KOTA BANDUNG,20244933,AKTIVASI SISWA,61,ORANG,2021
2573,32,JAWA BARAT,3273,KOTA BANDUNG,3273010,BANDUNG KULON,32.73.15,BANDUNG KULON,SDN 121 CARINGIN HOLIS KOTA BANDUNG,20244742,SK SISWA,32,ORANG,2021
2574,32,JAWA BARAT,3273,KOTA BANDUNG,3273010,BANDUNG KULON,32.73.15,BANDUNG KULON,SDN 121 CARINGIN HOLIS KOTA BANDUNG,20244742,AKTIVASI SISWA,30,ORANG,2021
2575,32,JAWA BARAT,3273,KOTA BANDUNG,3273010,BANDUNG KULON,32.73.15,BANDUNG KULON,SDN 182 PERUMNAS CIJERAH KOTA BANDUNG,20244899,SK SISWA,51,ORANG,2021
2576,32,JAWA BARAT,3273,KOTA BANDUNG,3273010,BANDUNG KULON,32.73.15,BANDUNG KULON,SDN 182 PERUMNAS CIJERAH KOTA BANDUNG,20244899,AKTIVASI SISWA,51,ORANG,2021
2577,32,JAWA BARAT,3273,KOTA BANDUNG,3273010,BANDUNG KULON,32.73.15,BANDUNG KULON,SDN 183 SAYURAN KOTA BANDUNG,20244910,SK SISWA,29,ORANG,2021
2578,32,JAWA BARAT,3273,KOTA BANDUNG,3273010,BANDUNG KULON,32.73.15,BANDUNG KULON,SDN 183 SAYURAN KOTA BANDUNG,20244910,AKTIVASI SISWA,29,ORANG,2021
2579,32,JAWA BARAT,3273,KOTA BANDUNG,3273010,BANDUNG KULON,32.73.15,BANDUNG KULON,SDN 199 SAYURAN KOTA BANDUNG,20244909,SK SISWA,28,ORANG,2021
2580,32,JAWA BARAT,3273,KOTA BANDUNG,3273010,BANDUNG KULON,32.73.15,BANDUNG KULON,SDN 199 SAYURAN KOTA BANDUNG,20244909,AKTIVASI SISWA,28,ORANG,2021
2581,32,JAWA BARAT,3273,KOTA BANDUNG,3273010,BANDUNG KULON,32.73.15,BANDUNG KULON,SDN 214 PERUMNAS CIJERAH KOTA BANDUNG,20244900,SK SISWA,13,ORANG,2021
2582,32,JAWA BARAT,3273,KOTA BANDUNG,3273010,BANDUNG KULON,32.73.15,BANDUNG KULON,SDN 214 PERUMNAS CIJERAH KOTA BANDUNG,20244900,AKTIVASI SISWA,13,ORANG,2021
2583,32,JAWA BARAT,3273,KOTA BANDUNG,3273010,BANDUNG KULON,32.73.15,BANDUNG KULON,SDN 232 BLOK SAWAH KOTA BANDUNG,20244739,SK SISWA,37,ORANG,2021
2584,32,JAWA BARAT,3273,KOTA BANDUNG,3273010,BANDUNG KULON,32.73.15,BANDUNG KULON,SDN 232 BLOK SAWAH KOTA BANDUNG,20244739,AKTIVASI SISWA,35,ORANG,2021
2585,32,JAWA BARAT,3273,KOTA BANDUNG,3273010,BANDUNG KULON,32.73.15,BANDUNG KULON,SDN 238 CIGONDEWAH KOTA BANDUNG,20244839,SK SISWA,26,ORANG,2021
2586,32,JAWA BARAT,3273,KOTA BANDUNG,3273010,BANDUNG KULON,32.73.15,BANDUNG KULON,SDN 238 CIGONDEWAH KOTA BANDUNG,20244839,AKTIVASI SISWA,24,ORANG,2021
2587,32,JAWA BARAT,3273,KOTA BANDUNG,3273010,BANDUNG KULON,32.73.15,BANDUNG KULON,SDN 239 CIGONDEWAH KOTA BANDUNG,20244838,SK SISWA,52,ORANG,2021
2588,32,JAWA BARAT,3273,KOTA BANDUNG,3273010,BANDUNG KULON,32.73.15,BANDUNG KULON,SDN 239 CIGONDEWAH KOTA BANDUNG,20244838,AKTIVASI SISWA,52,ORANG,2021
2589,32,JAWA BARAT,3273,KOTA BANDUNG,3273010,BANDUNG KULON,32.73.15,BANDUNG KULON,SDN 240 CIJERAH INDAH KOTA BANDUNG,20244846,SK SISWA,34,ORANG,2021
2590,32,JAWA BARAT,3273,KOTA BANDUNG,3273010,BANDUNG KULON,32.73.15,BANDUNG KULON,SDN 240 CIJERAH INDAH KOTA BANDUNG,20244846,AKTIVASI SISWA,34,ORANG,2021
2591,32,JAWA BARAT,3273,KOTA BANDUNG,3273010,BANDUNG KULON,32.73.15,BANDUNG KULON,SDN 256 CIGONDEWAH HILIR KOTA BANDUNG,20244840,SK SISWA,39,ORANG,2021
2592,32,JAWA BARAT,3273,KOTA BANDUNG,3273010,BANDUNG KULON,32.73.15,BANDUNG KULON,SDN 256 CIGONDEWAH HILIR KOTA BANDUNG,20244840,AKTIVASI SISWA,33,ORANG,2021
2593,32,JAWA BARAT,3273,KOTA BANDUNG,3273010,BANDUNG KULON,32.73.15,BANDUNG KULON,SDN 273 GEMPOL SARI KOTA BANDUNG,20244863,SK SISWA,18,ORANG,2021
2594,32,JAWA BARAT,3273,KOTA BANDUNG,3273010,BANDUNG KULON,32.73.15,BANDUNG KULON,SDN 273 GEMPOL SARI KOTA BANDUNG,20244863,AKTIVASI SISWA,17,ORANG,2021
2595,32,JAWA BARAT,3273,KOTA BANDUNG,3273010,BANDUNG KULON,32.73.15,BANDUNG KULON,SLB B TUT WURI HANDAYANI,20280589,SK SISWA,5,ORANG,2021
2596,32,JAWA BARAT,3273,KOTA BANDUNG,3273010,BANDUNG KULON,32.73.15,BANDUNG KULON,SLB B TUT WURI HANDAYANI,20280589,AKTIVASI SISWA,0,ORANG,2021
2597,32,JAWA BARAT,3273,KOTA BANDUNG,3273010,BANDUNG KULON,32.73.15,BANDUNG KULON,SLB PELITA ADINDA B,69948890,SK SISWA,24,ORANG,2021
2598,32,JAWA BARAT,3273,KOTA BANDUNG,3273010,BANDUNG KULON,32.73.15,BANDUNG KULON,SLB PELITA ADINDA B,69948890,AKTIVASI SISWA,5,ORANG,2021
2599,32,JAWA BARAT,3273,KOTA BANDUNG,3273250,SUKASARI,32.73.01,SUKASARI,PKBM DAARUT TAUHID,P9984875,SK SISWA,4,ORANG,2021
2600,32,JAWA BARAT,3273,KOTA BANDUNG,3273250,SUKASARI,32.73.01,SUKASARI,PKBM DAARUT TAUHID,P9984875,AKTIVASI SISWA,0,ORANG,2021
2601,32,JAWA BARAT,3273,KOTA BANDUNG,3273250,SUKASARI,32.73.01,SUKASARI,SD ISLAM AL AZHAR 30,20253348,SK SISWA,1,ORANG,2021
2602,32,JAWA BARAT,3273,KOTA BANDUNG,3273250,SUKASARI,32.73.01,SUKASARI,SD ISLAM AL AZHAR 30,20253348,AKTIVASI SISWA,0,ORANG,2021
2603,32,JAWA BARAT,3273,KOTA BANDUNG,3273250,SUKASARI,32.73.01,SUKASARI,SD MIFTAHUL IMAN,20219855,SK SISWA,27,ORANG,2021
2604,32,JAWA BARAT,3273,KOTA BANDUNG,3273250,SUKASARI,32.73.01,SUKASARI,SD MIFTAHUL IMAN,20219855,AKTIVASI SISWA,27,ORANG,2021
2605,32,JAWA BARAT,3273,KOTA BANDUNG,3273250,SUKASARI,32.73.01,SUKASARI,SDN 097 CIRATEUN KULON KOTA BANDUNG,20244855,SK SISWA,13,ORANG,2021
2606,32,JAWA BARAT,3273,KOTA BANDUNG,3273250,SUKASARI,32.73.01,SUKASARI,SDN 097 CIRATEUN KULON KOTA BANDUNG,20244855,AKTIVASI SISWA,11,ORANG,2021
2607,32,JAWA BARAT,3273,KOTA BANDUNG,3273250,SUKASARI,32.73.01,SUKASARI,SDN 100 CIPEDES KOTA BANDUNG,20245922,SK SISWA,83,ORANG,2021
2608,32,JAWA BARAT,3273,KOTA BANDUNG,3273250,SUKASARI,32.73.01,SUKASARI,SDN 100 CIPEDES KOTA BANDUNG,20245922,AKTIVASI SISWA,83,ORANG,2021
2609,32,JAWA BARAT,3273,KOTA BANDUNG,3273250,SUKASARI,32.73.01,SUKASARI,SDN 137 CIJEROKASO KOTA BANDUNG,20244848,SK SISWA,27,ORANG,2021
2610,32,JAWA BARAT,3273,KOTA BANDUNG,3273250,SUKASARI,32.73.01,SUKASARI,SDN 137 CIJEROKASO KOTA BANDUNG,20244848,AKTIVASI SISWA,24,ORANG,2021
2611,32,JAWA BARAT,3273,KOTA BANDUNG,3273250,SUKASARI,32.73.01,SUKASARI,SDN 138 GEGERKALONG GIRANG KOTA BANDUNG,20247203,SK SISWA,282,ORANG,2021
2612,32,JAWA BARAT,3273,KOTA BANDUNG,3273250,SUKASARI,32.73.01,SUKASARI,SDN 138 GEGERKALONG GIRANG KOTA BANDUNG,20247203,AKTIVASI SISWA,88,ORANG,2021
2613,32,JAWA BARAT,3273,KOTA BANDUNG,3273250,SUKASARI,32.73.01,SUKASARI,SDN 139 SUKARASA KOTA BANDUNG,20244928,SK SISWA,46,ORANG,2021
2614,32,JAWA BARAT,3273,KOTA BANDUNG,3273250,SUKASARI,32.73.01,SUKASARI,SDN 139 SUKARASA KOTA BANDUNG,20244928,AKTIVASI SISWA,44,ORANG,2021
2615,32,JAWA BARAT,3273,KOTA BANDUNG,3273250,SUKASARI,32.73.01,SUKASARI,SDN 176 CILANDAK KOTA BANDUNG,20245918,SK SISWA,26,ORANG,2021
2616,32,JAWA BARAT,3273,KOTA BANDUNG,3273250,SUKASARI,32.73.01,SUKASARI,SDN 176 CILANDAK KOTA BANDUNG,20245918,AKTIVASI SISWA,26,ORANG,2021
2617,32,JAWA BARAT,3273,KOTA BANDUNG,3273250,SUKASARI,32.73.01,SUKASARI,SDN 177 CIPEDES KOTA BANDUNG,20245919,SK SISWA,98,ORANG,2021
2618,32,JAWA BARAT,3273,KOTA BANDUNG,3273250,SUKASARI,32.73.01,SUKASARI,SDN 177 CIPEDES KOTA BANDUNG,20245919,AKTIVASI SISWA,97,ORANG,2021
2619,32,JAWA BARAT,3273,KOTA BANDUNG,3273250,SUKASARI,32.73.01,SUKASARI,SDN 178 GEGERKALONG KPAD KOTA BANDUNG,20244861,SK SISWA,13,ORANG,2021
2620,32,JAWA BARAT,3273,KOTA BANDUNG,3273250,SUKASARI,32.73.01,SUKASARI,SDN 178 GEGERKALONG KPAD KOTA BANDUNG,20244861,AKTIVASI SISWA,13,ORANG,2021
2621,32,JAWA BARAT,3273,KOTA BANDUNG,3273250,SUKASARI,32.73.01,SUKASARI,SDN 179 SARIJADI KOTA BANDUNG,20244903,SK SISWA,76,ORANG,2021
2622,32,JAWA BARAT,3273,KOTA BANDUNG,3273250,SUKASARI,32.73.01,SUKASARI,SDN 179 SARIJADI KOTA BANDUNG,20244903,AKTIVASI SISWA,75,ORANG,2021
2623,32,JAWA BARAT,3273,KOTA BANDUNG,3273250,SUKASARI,32.73.01,SUKASARI,SDN 195 ISOLA KOTA BANDUNG,20244878,SK SISWA,123,ORANG,2021
2624,32,JAWA BARAT,3273,KOTA BANDUNG,3273250,SUKASARI,32.73.01,SUKASARI,SDN 195 ISOLA KOTA BANDUNG,20244878,AKTIVASI SISWA,36,ORANG,2021
2625,32,JAWA BARAT,3273,KOTA BANDUNG,3273250,SUKASARI,32.73.01,SUKASARI,SDN 196 SUKARASA KOTA BANDUNG,20244929,SK SISWA,14,ORANG,2021
2626,32,JAWA BARAT,3273,KOTA BANDUNG,3273250,SUKASARI,32.73.01,SUKASARI,SDN 196 SUKARASA KOTA BANDUNG,20244929,AKTIVASI SISWA,8,ORANG,2021
2627,32,JAWA BARAT,3273,KOTA BANDUNG,3273250,SUKASARI,32.73.01,SUKASARI,SDN 212 HARAPAN KOTA BANDUNG,20245941,SK SISWA,56,ORANG,2021
2628,32,JAWA BARAT,3273,KOTA BANDUNG,3273250,SUKASARI,32.73.01,SUKASARI,SDN 212 HARAPAN KOTA BANDUNG,20245941,AKTIVASI SISWA,56,ORANG,2021
2629,32,JAWA BARAT,3273,KOTA BANDUNG,3273250,SUKASARI,32.73.01,SUKASARI,SDN 217 SARIJADI KOTA BANDUNG,20245971,SK SISWA,46,ORANG,2021
2630,32,JAWA BARAT,3273,KOTA BANDUNG,3273250,SUKASARI,32.73.01,SUKASARI,SDN 217 SARIJADI KOTA BANDUNG,20245971,AKTIVASI SISWA,44,ORANG,2021
2631,32,JAWA BARAT,3273,KOTA BANDUNG,3273250,SUKASARI,32.73.01,SUKASARI,SDN 218 SARIJADI KOTA BANDUNG,20244907,SK SISWA,51,ORANG,2021
2632,32,JAWA BARAT,3273,KOTA BANDUNG,3273250,SUKASARI,32.73.01,SUKASARI,SDN 218 SARIJADI KOTA BANDUNG,20244907,AKTIVASI SISWA,39,ORANG,2021
2633,32,JAWA BARAT,3273,KOTA BANDUNG,3273250,SUKASARI,32.73.01,SUKASARI,SDN 252 SETIABUDI KOTA BANDUNG,20244937,SK SISWA,19,ORANG,2021
2634,32,JAWA BARAT,3273,KOTA BANDUNG,3273250,SUKASARI,32.73.01,SUKASARI,SDN 252 SETIABUDI KOTA BANDUNG,20244937,AKTIVASI SISWA,19,ORANG,2021
2635,32,JAWA BARAT,3273,KOTA BANDUNG,3273250,SUKASARI,32.73.01,SUKASARI,SLB SOLALIN,20280590,SK SISWA,10,ORANG,2021
2636,32,JAWA BARAT,3273,KOTA BANDUNG,3273250,SUKASARI,32.73.01,SUKASARI,SLB SOLALIN,20280590,AKTIVASI SISWA,10,ORANG,2021
2637,32,JAWA BARAT,3273,KOTA BANDUNG,3273240,SUKAJADI,32.73.07,SUKAJADI,PKBM SUKAJADI,P9948546,SK SISWA,3,ORANG,2021
2638,32,JAWA BARAT,3273,KOTA BANDUNG,3273240,SUKAJADI,32.73.07,SUKAJADI,PKBM SUKAJADI,P9948546,AKTIVASI SISWA,0,ORANG,2021
2639,32,JAWA BARAT,3273,KOTA BANDUNG,3273240,SUKAJADI,32.73.07,SUKAJADI,SD AL IKHLAS,20219532,SK SISWA,38,ORANG,2021
2640,32,JAWA BARAT,3273,KOTA BANDUNG,3273240,SUKAJADI,32.73.07,SUKAJADI,SD AL IKHLAS,20219532,AKTIVASI SISWA,37,ORANG,2021
2641,32,JAWA BARAT,3273,KOTA BANDUNG,3273240,SUKAJADI,32.73.07,SUKAJADI,SD CEMARA,20219601,SK SISWA,49,ORANG,2021
2642,32,JAWA BARAT,3273,KOTA BANDUNG,3273240,SUKAJADI,32.73.07,SUKAJADI,SD CEMARA,20219601,AKTIVASI SISWA,43,ORANG,2021
2643,32,JAWA BARAT,3273,KOTA BANDUNG,3273240,SUKAJADI,32.73.07,SUKAJADI,SD CITRA WINAYA,20219598,SK SISWA,31,ORANG,2021
2644,32,JAWA BARAT,3273,KOTA BANDUNG,3273240,SUKAJADI,32.73.07,SUKAJADI,SD CITRA WINAYA,20219598,AKTIVASI SISWA,30,ORANG,2021
2645,32,JAWA BARAT,3273,KOTA BANDUNG,3273240,SUKAJADI,32.73.07,SUKAJADI,SD IBNU TAIMIYAH,20219610,SK SISWA,7,ORANG,2021
2646,32,JAWA BARAT,3273,KOTA BANDUNG,3273240,SUKAJADI,32.73.07,SUKAJADI,SD IBNU TAIMIYAH,20219610,AKTIVASI SISWA,6,ORANG,2021
2647,32,JAWA BARAT,3273,KOTA BANDUNG,3273240,SUKAJADI,32.73.07,SUKAJADI,SD MUHAMMADIYAH 4,20219851,SK SISWA,99,ORANG,2021
2648,32,JAWA BARAT,3273,KOTA BANDUNG,3273240,SUKAJADI,32.73.07,SUKAJADI,SD MUHAMMADIYAH 4,20219851,AKTIVASI SISWA,16,ORANG,2021
2649,32,JAWA BARAT,3273,KOTA BANDUNG,3273240,SUKAJADI,32.73.07,SUKAJADI,SD UCHUWWATUL ISLAM,20219897,SK SISWA,37,ORANG,2021
2650,32,JAWA BARAT,3273,KOTA BANDUNG,3273240,SUKAJADI,32.73.07,SUKAJADI,SD UCHUWWATUL ISLAM,20219897,AKTIVASI SISWA,28,ORANG,2021
2651,32,JAWA BARAT,3273,KOTA BANDUNG,3273240,SUKAJADI,32.73.07,SUKAJADI,SDN 018 SUKAGALIH KOTA BANDUNG,20245266,SK SISWA,162,ORANG,2021
2652,32,JAWA BARAT,3273,KOTA BANDUNG,3273240,SUKAJADI,32.73.07,SUKAJADI,SDN 018 SUKAGALIH KOTA BANDUNG,20245266,AKTIVASI SISWA,158,ORANG,2021
2653,32,JAWA BARAT,3273,KOTA BANDUNG,3273240,SUKAJADI,32.73.07,SUKAJADI,SDN 048 SIRNAMANAH KOTA BANDUNG,20244920,SK SISWA,79,ORANG,2021
2654,32,JAWA BARAT,3273,KOTA BANDUNG,3273240,SUKAJADI,32.73.07,SUKAJADI,SDN 048 SIRNAMANAH KOTA BANDUNG,20244920,AKTIVASI SISWA,75,ORANG,2021
2655,32,JAWA BARAT,3273,KOTA BANDUNG,3273240,SUKAJADI,32.73.07,SUKAJADI,SDN 071 SUKAGALIH KOTA BANDUNG,20245267,SK SISWA,57,ORANG,2021
2656,32,JAWA BARAT,3273,KOTA BANDUNG,3273240,SUKAJADI,32.73.07,SUKAJADI,SDN 071 SUKAGALIH KOTA BANDUNG,20245267,AKTIVASI SISWA,48,ORANG,2021
2657,32,JAWA BARAT,3273,KOTA BANDUNG,3273240,SUKAJADI,32.73.07,SUKAJADI,SDN 072 SUKASARI KOTA BANDUNG,20245276,SK SISWA,52,ORANG,2021
2658,32,JAWA BARAT,3273,KOTA BANDUNG,3273240,SUKAJADI,32.73.07,SUKAJADI,SDN 072 SUKASARI KOTA BANDUNG,20245276,AKTIVASI SISWA,51,ORANG,2021
2659,32,JAWA BARAT,3273,KOTA BANDUNG,3273240,SUKAJADI,32.73.07,SUKAJADI,SDN 076 SUKAJADI KOTA BANDUNG,20244925,SK SISWA,21,ORANG,2021
2660,32,JAWA BARAT,3273,KOTA BANDUNG,3273240,SUKAJADI,32.73.07,SUKAJADI,SDN 076 SUKAJADI KOTA BANDUNG,20244925,AKTIVASI SISWA,20,ORANG,2021
2661,32,JAWA BARAT,3273,KOTA BANDUNG,3273240,SUKAJADI,32.73.07,SUKAJADI,SDN 077 SEJAHTERA KOTA BANDUNG,20245980,SK SISWA,52,ORANG,2021
2662,32,JAWA BARAT,3273,KOTA BANDUNG,3273240,SUKAJADI,32.73.07,SUKAJADI,SDN 077 SEJAHTERA KOTA BANDUNG,20245980,AKTIVASI SISWA,49,ORANG,2021
2663,32,JAWA BARAT,3273,KOTA BANDUNG,3273240,SUKAJADI,32.73.07,SUKAJADI,SDN 096 SARIJADI SELATAN KOTA BANDUNG,20245260,SK SISWA,40,ORANG,2021
2664,32,JAWA BARAT,3273,KOTA BANDUNG,3273240,SUKAJADI,32.73.07,SUKAJADI,SDN 096 SARIJADI SELATAN KOTA BANDUNG,20245260,AKTIVASI SISWA,38,ORANG,2021
2665,32,JAWA BARAT,3273,KOTA BANDUNG,3273240,SUKAJADI,32.73.07,SUKAJADI,SDN 136 SUKAWARNA KOTA BANDUNG,20245278,SK SISWA,39,ORANG,2021
2666,32,JAWA BARAT,3273,KOTA BANDUNG,3273240,SUKAJADI,32.73.07,SUKAJADI,SDN 136 SUKAWARNA KOTA BANDUNG,20245278,AKTIVASI SISWA,32,ORANG,2021
2667,32,JAWA BARAT,3273,KOTA BANDUNG,3273240,SUKAJADI,32.73.07,SUKAJADI,SDN 193 CARINGIN KOTA BANDUNG,20245126,SK SISWA,128,ORANG,2021
2668,32,JAWA BARAT,3273,KOTA BANDUNG,3273240,SUKAJADI,32.73.07,SUKAJADI,SDN 193 CARINGIN KOTA BANDUNG,20245126,AKTIVASI SISWA,128,ORANG,2021
2669,32,JAWA BARAT,3273,KOTA BANDUNG,3273240,SUKAJADI,32.73.07,SUKAJADI,SDN 194 SUKAJADI KOTA BANDUNG,20244926,SK SISWA,46,ORANG,2021
2670,32,JAWA BARAT,3273,KOTA BANDUNG,3273240,SUKAJADI,32.73.07,SUKAJADI,SDN 194 SUKAJADI KOTA BANDUNG,20244926,AKTIVASI SISWA,46,ORANG,2021
2671,32,JAWA BARAT,3273,KOTA BANDUNG,3273240,SUKAJADI,32.73.07,SUKAJADI,SDN 207 CIBOGO KOTA BANDUNG,20245137,SK SISWA,17,ORANG,2021
2672,32,JAWA BARAT,3273,KOTA BANDUNG,3273240,SUKAJADI,32.73.07,SUKAJADI,SDN 207 CIBOGO KOTA BANDUNG,20245137,AKTIVASI SISWA,16,ORANG,2021
2673,32,JAWA BARAT,3273,KOTA BANDUNG,3273240,SUKAJADI,32.73.07,SUKAJADI,SDN 208 LUGINASARI SUKAGALIH KOTA BANDUNG,20245963,SK SISWA,85,ORANG,2021
2674,32,JAWA BARAT,3273,KOTA BANDUNG,3273240,SUKAJADI,32.73.07,SUKAJADI,SDN 208 LUGINASARI SUKAGALIH KOTA BANDUNG,20245963,AKTIVASI SISWA,85,ORANG,2021
2675,32,JAWA BARAT,3273,KOTA BANDUNG,3273240,SUKAJADI,32.73.07,SUKAJADI,SDN 272 SUKASARI KOTA BANDUNG,20245274,SK SISWA,70,ORANG,2021
2676,32,JAWA BARAT,3273,KOTA BANDUNG,3273240,SUKAJADI,32.73.07,SUKAJADI,SDN 272 SUKASARI KOTA BANDUNG,20245274,AKTIVASI SISWA,61,ORANG,2021
2677,32,JAWA BARAT,3273,KOTA BANDUNG,3273240,SUKAJADI,32.73.07,SUKAJADI,SLB D YPAC,20219745,SK SISWA,14,ORANG,2021
2678,32,JAWA BARAT,3273,KOTA BANDUNG,3273240,SUKAJADI,32.73.07,SUKAJADI,SLB D YPAC,20219745,AKTIVASI SISWA,14,ORANG,2021
2679,32,JAWA BARAT,3273,KOTA BANDUNG,3273240,SUKAJADI,32.73.07,SUKAJADI,SLB MUHAMMADIYAH CIPEDES,20259612,SK SISWA,11,ORANG,2021
2680,32,JAWA BARAT,3273,KOTA BANDUNG,3273240,SUKAJADI,32.73.07,SUKAJADI,SLB MUHAMMADIYAH CIPEDES,20259612,AKTIVASI SISWA,10,ORANG,2021
2681,32,JAWA BARAT,3273,KOTA BANDUNG,3273240,SUKAJADI,32.73.07,SUKAJADI,SLB NOOR RAKHMAH,20280592,SK SISWA,14,ORANG,2021
2682,32,JAWA BARAT,3273,KOTA BANDUNG,3273240,SUKAJADI,32.73.07,SUKAJADI,SLB NOOR RAKHMAH,20280592,AKTIVASI SISWA,11,ORANG,2021
2683,32,JAWA BARAT,3273,KOTA BANDUNG,3273060,REGOL,32.73.11,REGOL,SD ASSALAAM,20219541,SK SISWA,4,ORANG,2021
2684,32,JAWA BARAT,3273,KOTA BANDUNG,3273060,REGOL,32.73.11,REGOL,SD ASSALAAM,20219541,AKTIVASI SISWA,2,ORANG,2021
2685,32,JAWA BARAT,3273,KOTA BANDUNG,3273060,REGOL,32.73.11,REGOL,SD BINA TALENTA,20247274,SK SISWA,1,ORANG,2021
2686,32,JAWA BARAT,3273,KOTA BANDUNG,3273060,REGOL,32.73.11,REGOL,SD BINA TALENTA,20247274,AKTIVASI SISWA,0,ORANG,2021
2687,32,JAWA BARAT,3273,KOTA BANDUNG,3273060,REGOL,32.73.11,REGOL,SD DEWI SARTIKA,20219596,SK SISWA,5,ORANG,2021
2688,32,JAWA BARAT,3273,KOTA BANDUNG,3273060,REGOL,32.73.11,REGOL,SD DEWI SARTIKA,20219596,AKTIVASI SISWA,5,ORANG,2021
2689,32,JAWA BARAT,3273,KOTA BANDUNG,3273060,REGOL,32.73.11,REGOL,SD DIAN KENCANA,20219606,SK SISWA,20,ORANG,2021
2690,32,JAWA BARAT,3273,KOTA BANDUNG,3273060,REGOL,32.73.11,REGOL,SD DIAN KENCANA,20219606,AKTIVASI SISWA,17,ORANG,2021
2691,32,JAWA BARAT,3273,KOTA BANDUNG,3273060,REGOL,32.73.11,REGOL,SD NUGRAHA,20219821,SK SISWA,38,ORANG,2021
2692,32,JAWA BARAT,3273,KOTA BANDUNG,3273060,REGOL,32.73.11,REGOL,SD NUGRAHA,20219821,AKTIVASI SISWA,38,ORANG,2021
2693,32,JAWA BARAT,3273,KOTA BANDUNG,3273060,REGOL,32.73.11,REGOL,SD PLUS AL FATWA,20246728,SK SISWA,311,ORANG,2021
2694,32,JAWA BARAT,3273,KOTA BANDUNG,3273060,REGOL,32.73.11,REGOL,SD PLUS AL FATWA,20246728,AKTIVASI SISWA,283,ORANG,2021
2695,32,JAWA BARAT,3273,KOTA BANDUNG,3273060,REGOL,32.73.11,REGOL,SD REHOBOTH,20219841,SK SISWA,1,ORANG,2021
2696,32,JAWA BARAT,3273,KOTA BANDUNG,3273060,REGOL,32.73.11,REGOL,SD REHOBOTH,20219841,AKTIVASI SISWA,0,ORANG,2021
2697,32,JAWA BARAT,3273,KOTA BANDUNG,3273060,REGOL,32.73.11,REGOL,SD YOS SUDARSO,20246460,SK SISWA,1,ORANG,2021
2698,32,JAWA BARAT,3273,KOTA BANDUNG,3273060,REGOL,32.73.11,REGOL,SD YOS SUDARSO,20246460,AKTIVASI SISWA,1,ORANG,2021
2699,32,JAWA BARAT,3273,KOTA BANDUNG,3273060,REGOL,32.73.11,REGOL,SDN 008 MOHAMAD TOHA KOTA BANDUNG,20245238,SK SISWA,52,ORANG,2021
2700,32,JAWA BARAT,3273,KOTA BANDUNG,3273060,REGOL,32.73.11,REGOL,SDN 008 MOHAMAD TOHA KOTA BANDUNG,20245238,AKTIVASI SISWA,47,ORANG,2021
2701,32,JAWA BARAT,3273,KOTA BANDUNG,3273060,REGOL,32.73.11,REGOL,SDN 020 LENGKONG BESAR KOTA BANDUNG,20245219,SK SISWA,78,ORANG,2021
2702,32,JAWA BARAT,3273,KOTA BANDUNG,3273060,REGOL,32.73.11,REGOL,SDN 020 LENGKONG BESAR KOTA BANDUNG,20245219,AKTIVASI SISWA,70,ORANG,2021
2703,32,JAWA BARAT,3273,KOTA BANDUNG,3273060,REGOL,32.73.11,REGOL,SDN 033 ASMI KOTA BANDUNG,20245201,SK SISWA,73,ORANG,2021
2704,32,JAWA BARAT,3273,KOTA BANDUNG,3273060,REGOL,32.73.11,REGOL,SDN 033 ASMI KOTA BANDUNG,20245201,AKTIVASI SISWA,62,ORANG,2021
2705,32,JAWA BARAT,3273,KOTA BANDUNG,3273060,REGOL,32.73.11,REGOL,SDN 047 BALONGGEDE KOTA BANDUNG,20251861,SK SISWA,51,ORANG,2021
2706,32,JAWA BARAT,3273,KOTA BANDUNG,3273060,REGOL,32.73.11,REGOL,SDN 047 BALONGGEDE KOTA BANDUNG,20251861,AKTIVASI SISWA,48,ORANG,2021
2707,32,JAWA BARAT,3273,KOTA BANDUNG,3273060,REGOL,32.73.11,REGOL,SDN 070 PASIRLUYU KOTA BANDUNG,20246459,SK SISWA,18,ORANG,2021
2708,32,JAWA BARAT,3273,KOTA BANDUNG,3273060,REGOL,32.73.11,REGOL,SDN 070 PASIRLUYU KOTA BANDUNG,20246459,AKTIVASI SISWA,18,ORANG,2021
2709,32,JAWA BARAT,3273,KOTA BANDUNG,3273060,REGOL,32.73.11,REGOL,SDN 112 PAMOYANAN KOTA BANDUNG,20245254,SK SISWA,60,ORANG,2021
2710,32,JAWA BARAT,3273,KOTA BANDUNG,3273060,REGOL,32.73.11,REGOL,SDN 112 PAMOYANAN KOTA BANDUNG,20245254,AKTIVASI SISWA,55,ORANG,2021
2711,32,JAWA BARAT,3273,KOTA BANDUNG,3273060,REGOL,32.73.11,REGOL,SDN 120 KOTABARU KOTA BANDUNG,20245218,SK SISWA,33,ORANG,2021
2712,32,JAWA BARAT,3273,KOTA BANDUNG,3273060,REGOL,32.73.11,REGOL,SDN 120 KOTABARU KOTA BANDUNG,20245218,AKTIVASI SISWA,32,ORANG,2021
2713,32,JAWA BARAT,3273,KOTA BANDUNG,3273060,REGOL,32.73.11,REGOL,SDN 123 BABAKAN PRIANGAN KOTA BANDUNG,20245108,SK SISWA,83,ORANG,2021
2714,32,JAWA BARAT,3273,KOTA BANDUNG,3273060,REGOL,32.73.11,REGOL,SDN 123 BABAKAN PRIANGAN KOTA BANDUNG,20245108,AKTIVASI SISWA,76,ORANG,2021
2715,32,JAWA BARAT,3273,KOTA BANDUNG,3273060,REGOL,32.73.11,REGOL,SDN 166 CIATEUL KOTA BANDUNG,20245146,SK SISWA,27,ORANG,2021
2716,32,JAWA BARAT,3273,KOTA BANDUNG,3273060,REGOL,32.73.11,REGOL,SDN 166 CIATEUL KOTA BANDUNG,20245146,AKTIVASI SISWA,27,ORANG,2021
2717,32,JAWA BARAT,3273,KOTA BANDUNG,3273060,REGOL,32.73.11,REGOL,SDN 167 MENGGER GIRANG KOTA BANDUNG,20245229,SK SISWA,54,ORANG,2021
2718,32,JAWA BARAT,3273,KOTA BANDUNG,3273060,REGOL,32.73.11,REGOL,SDN 167 MENGGER GIRANG KOTA BANDUNG,20245229,AKTIVASI SISWA,49,ORANG,2021
2719,32,JAWA BARAT,3273,KOTA BANDUNG,3273060,REGOL,32.73.11,REGOL,SDN 192 CIBURUY KOTA BANDUNG,20245148,SK SISWA,68,ORANG,2021
2720,32,JAWA BARAT,3273,KOTA BANDUNG,3273060,REGOL,32.73.11,REGOL,SDN 192 CIBURUY KOTA BANDUNG,20245148,AKTIVASI SISWA,66,ORANG,2021
2721,32,JAWA BARAT,3273,KOTA BANDUNG,3273060,REGOL,32.73.11,REGOL,SDN 211 BABAKAN PRIANGAN KOTA BANDUNG,20245110,SK SISWA,26,ORANG,2021
2722,32,JAWA BARAT,3273,KOTA BANDUNG,3273060,REGOL,32.73.11,REGOL,SDN 211 BABAKAN PRIANGAN KOTA BANDUNG,20245110,AKTIVASI SISWA,25,ORANG,2021
2723,32,JAWA BARAT,3273,KOTA BANDUNG,3273060,REGOL,32.73.11,REGOL,SDN 223 BHAKTI WINAYA KOTA BANDUNG,20245114,SK SISWA,83,ORANG,2021
2724,32,JAWA BARAT,3273,KOTA BANDUNG,3273060,REGOL,32.73.11,REGOL,SDN 223 BHAKTI WINAYA KOTA BANDUNG,20245114,AKTIVASI SISWA,72,ORANG,2021
2725,32,JAWA BARAT,3273,KOTA BANDUNG,3273060,REGOL,32.73.11,REGOL,SLB AUTISME PELITA HAFIZH,20219865,SK SISWA,13,ORANG,2021
2726,32,JAWA BARAT,3273,KOTA BANDUNG,3273060,REGOL,32.73.11,REGOL,SLB AUTISME PELITA HAFIZH,20219865,AKTIVASI SISWA,3,ORANG,2021
2727,32,JAWA BARAT,3273,KOTA BANDUNG,3273060,REGOL,32.73.11,REGOL,SLB RISANTYA,20280591,SK SISWA,19,ORANG,2021
2728,32,JAWA BARAT,3273,KOTA BANDUNG,3273060,REGOL,32.73.11,REGOL,SLB RISANTYA,20280591,AKTIVASI SISWA,7,ORANG,2021
2729,32,JAWA BARAT,3273,KOTA BANDUNG,3273100,RANCASARI,32.73.23,RANCASARI,PKBM AKSI,P2960324,SK SISWA,1,ORANG,2021
2730,32,JAWA BARAT,3273,KOTA BANDUNG,3273100,RANCASARI,32.73.23,RANCASARI,PKBM AKSI,P2960324,AKTIVASI SISWA,0,ORANG,2021
2731,32,JAWA BARAT,3273,KOTA BANDUNG,3273100,RANCASARI,32.73.23,RANCASARI,SD ASY-SYIFA 1,20219539,SK SISWA,28,ORANG,2021
2732,32,JAWA BARAT,3273,KOTA BANDUNG,3273100,RANCASARI,32.73.23,RANCASARI,SD ASY-SYIFA 1,20219539,AKTIVASI SISWA,16,ORANG,2021
2733,32,JAWA BARAT,3273,KOTA BANDUNG,3273100,RANCASARI,32.73.23,RANCASARI,SD IT AL FITRAH,20269138,SK SISWA,16,ORANG,2021
2734,32,JAWA BARAT,3273,KOTA BANDUNG,3273100,RANCASARI,32.73.23,RANCASARI,SD IT AL FITRAH,20269138,AKTIVASI SISWA,15,ORANG,2021
2735,32,JAWA BARAT,3273,KOTA BANDUNG,3273100,RANCASARI,32.73.23,RANCASARI,SDN 069 CIPAMOKOLAN DERWATI KOTA BANDUNG,20245502,SK SISWA,252,ORANG,2021
2736,32,JAWA BARAT,3273,KOTA BANDUNG,3273100,RANCASARI,32.73.23,RANCASARI,SDN 069 CIPAMOKOLAN DERWATI KOTA BANDUNG,20245502,AKTIVASI SISWA,83,ORANG,2021
2737,32,JAWA BARAT,3273,KOTA BANDUNG,3273100,RANCASARI,32.73.23,RANCASARI,SDN 087 RANCABOLANG KOTA BANDUNG,20246414,SK SISWA,69,ORANG,2021
2738,32,JAWA BARAT,3273,KOTA BANDUNG,3273100,RANCASARI,32.73.23,RANCASARI,SDN 087 RANCABOLANG KOTA BANDUNG,20246414,AKTIVASI SISWA,60,ORANG,2021
2739,32,JAWA BARAT,3273,KOTA BANDUNG,3273100,RANCASARI,32.73.23,RANCASARI,SDN 122 CIJAWURA KOTA BANDUNG,20245169,SK SISWA,92,ORANG,2021
2740,32,JAWA BARAT,3273,KOTA BANDUNG,3273100,RANCASARI,32.73.23,RANCASARI,SDN 122 CIJAWURA KOTA BANDUNG,20245169,AKTIVASI SISWA,86,ORANG,2021
2741,32,JAWA BARAT,3273,KOTA BANDUNG,3273100,RANCASARI,32.73.23,RANCASARI,SDN 222 PASIRPOGOR KOTA BANDUNG,20246413,SK SISWA,34,ORANG,2021
2742,32,JAWA BARAT,3273,KOTA BANDUNG,3273100,RANCASARI,32.73.23,RANCASARI,SDN 222 PASIRPOGOR KOTA BANDUNG,20246413,AKTIVASI SISWA,26,ORANG,2021
2743,32,JAWA BARAT,3273,KOTA BANDUNG,3273100,RANCASARI,32.73.23,RANCASARI,SDN 263 RANCALOA KOTA BANDUNG,20245756,SK SISWA,81,ORANG,2021
2744,32,JAWA BARAT,3273,KOTA BANDUNG,3273100,RANCASARI,32.73.23,RANCASARI,SDN 263 RANCALOA KOTA BANDUNG,20245756,AKTIVASI SISWA,26,ORANG,2021
2745,32,JAWA BARAT,3273,KOTA BANDUNG,3273100,RANCASARI,32.73.23,RANCASARI,SLB ARRAHMAN,20219866,SK SISWA,9,ORANG,2021
2746,32,JAWA BARAT,3273,KOTA BANDUNG,3273100,RANCASARI,32.73.23,RANCASARI,SLB ARRAHMAN,20219866,AKTIVASI SISWA,5,ORANG,2021
2747,32,JAWA BARAT,3273,KOTA BANDUNG,3273100,RANCASARI,32.73.23,RANCASARI,SLB BC BINA KASIH,20219877,SK SISWA,13,ORANG,2021
2748,32,JAWA BARAT,3273,KOTA BANDUNG,3273100,RANCASARI,32.73.23,RANCASARI,SLB BC BINA KASIH,20219877,AKTIVASI SISWA,9,ORANG,2021
2749,32,JAWA BARAT,3273,KOTA BANDUNG,3273100,RANCASARI,32.73.23,RANCASARI,SLB BC NIKE ARDILA YPWN,20219876,SK SISWA,1,ORANG,2021
2750,32,JAWA BARAT,3273,KOTA BANDUNG,3273100,RANCASARI,32.73.23,RANCASARI,SLB BC NIKE ARDILA YPWN,20219876,AKTIVASI SISWA,1,ORANG,2021
2751,32,JAWA BARAT,3273,KOTA BANDUNG,3273100,RANCASARI,32.73.23,RANCASARI,SLB JATIS HURIP,20219744,SK SISWA,5,ORANG,2021
2752,32,JAWA BARAT,3273,KOTA BANDUNG,3273100,RANCASARI,32.73.23,RANCASARI,SLB JATIS HURIP,20219744,AKTIVASI SISWA,5,ORANG,2021
2753,32,JAWA BARAT,3273,KOTA BANDUNG,3273100,RANCASARI,32.73.23,RANCASARI,SLB YPDP,20271533,SK SISWA,14,ORANG,2021
2754,32,JAWA BARAT,3273,KOTA BANDUNG,3273100,RANCASARI,32.73.23,RANCASARI,SLB YPDP,20271533,AKTIVASI SISWA,5,ORANG,2021
2755,32,JAWA BARAT,3273,KOTA BANDUNG,3273111,PANYILEUKAN,32.73.28,PANYILEUKAN,PKBM INOVATIF,P9996275,SK SISWA,4,ORANG,2021
2756,32,JAWA BARAT,3273,KOTA BANDUNG,3273111,PANYILEUKAN,32.73.28,PANYILEUKAN,PKBM INOVATIF,P9996275,AKTIVASI SISWA,4,ORANG,2021
2757,32,JAWA BARAT,3273,KOTA BANDUNG,3273111,PANYILEUKAN,32.73.28,PANYILEUKAN,SD JUARA,69734138,SK SISWA,44,ORANG,2021
2758,32,JAWA BARAT,3273,KOTA BANDUNG,3273111,PANYILEUKAN,32.73.28,PANYILEUKAN,SD JUARA,69734138,AKTIVASI SISWA,44,ORANG,2021
2759,32,JAWA BARAT,3273,KOTA BANDUNG,3273111,PANYILEUKAN,32.73.28,PANYILEUKAN,SD MUHAMMADIYAH 8,20219835,SK SISWA,27,ORANG,2021
2760,32,JAWA BARAT,3273,KOTA BANDUNG,3273111,PANYILEUKAN,32.73.28,PANYILEUKAN,SD MUHAMMADIYAH 8,20219835,AKTIVASI SISWA,23,ORANG,2021
2761,32,JAWA BARAT,3273,KOTA BANDUNG,3273111,PANYILEUKAN,32.73.28,PANYILEUKAN,SDN 105 SUKARELA KOTA BANDUNG,20245790,SK SISWA,84,ORANG,2021
2762,32,JAWA BARAT,3273,KOTA BANDUNG,3273111,PANYILEUKAN,32.73.28,PANYILEUKAN,SDN 105 SUKARELA KOTA BANDUNG,20245790,AKTIVASI SISWA,51,ORANG,2021
2763,32,JAWA BARAT,3273,KOTA BANDUNG,3273111,PANYILEUKAN,32.73.28,PANYILEUKAN,SDN 258 SUKARELA KOTA BANDUNG,20245792,SK SISWA,70,ORANG,2021
2764,32,JAWA BARAT,3273,KOTA BANDUNG,3273111,PANYILEUKAN,32.73.28,PANYILEUKAN,SDN 258 SUKARELA KOTA BANDUNG,20245792,AKTIVASI SISWA,60,ORANG,2021
2765,32,JAWA BARAT,3273,KOTA BANDUNG,3273111,PANYILEUKAN,32.73.28,PANYILEUKAN,SDN 262 PANYILEUKAN KOTA BANDUNG,20245724,SK SISWA,25,ORANG,2021
2766,32,JAWA BARAT,3273,KOTA BANDUNG,3273111,PANYILEUKAN,32.73.28,PANYILEUKAN,SDN 262 PANYILEUKAN KOTA BANDUNG,20245724,AKTIVASI SISWA,17,ORANG,2021
2767,32,JAWA BARAT,3273,KOTA BANDUNG,3273111,PANYILEUKAN,32.73.28,PANYILEUKAN,SDN 268 PANYILEUKAN KOTA BANDUNG,20245726,SK SISWA,43,ORANG,2021
2768,32,JAWA BARAT,3273,KOTA BANDUNG,3273111,PANYILEUKAN,32.73.28,PANYILEUKAN,SDN 268 PANYILEUKAN KOTA BANDUNG,20245726,AKTIVASI SISWA,42,ORANG,2021
2769,32,JAWA BARAT,3273,KOTA BANDUNG,3273111,PANYILEUKAN,32.73.28,PANYILEUKAN,SDN 271 PANGHEGAR KOTA BANDUNG,20245723,SK SISWA,18,ORANG,2021
2770,32,JAWA BARAT,3273,KOTA BANDUNG,3273111,PANYILEUKAN,32.73.28,PANYILEUKAN,SDN 271 PANGHEGAR KOTA BANDUNG,20245723,AKTIVASI SISWA,15,ORANG,2021
2771,32,JAWA BARAT,3273,KOTA BANDUNG,3273111,PANYILEUKAN,32.73.28,PANYILEUKAN,SLB ABC BINA MANDIRI,20219868,SK SISWA,4,ORANG,2021
2772,32,JAWA BARAT,3273,KOTA BANDUNG,3273111,PANYILEUKAN,32.73.28,PANYILEUKAN,SLB ABC BINA MANDIRI,20219868,AKTIVASI SISWA,1,ORANG,2021
2773,32,JAWA BARAT,3273,KOTA BANDUNG,3273142,MANDALAJATI,32.73.30,MANDALAJATI,PKBM AL IKHLASH,P9996131,SK SISWA,1,ORANG,2021
2774,32,JAWA BARAT,3273,KOTA BANDUNG,3273142,MANDALAJATI,32.73.30,MANDALAJATI,PKBM AL IKHLASH,P9996131,AKTIVASI SISWA,1,ORANG,2021
2775,32,JAWA BARAT,3273,KOTA BANDUNG,3273142,MANDALAJATI,32.73.30,MANDALAJATI,PKBM DARMA CITA,P9948544,SK SISWA,1,ORANG,2021
2776,32,JAWA BARAT,3273,KOTA BANDUNG,3273142,MANDALAJATI,32.73.30,MANDALAJATI,PKBM DARMA CITA,P9948544,AKTIVASI SISWA,0,ORANG,2021
2777,32,JAWA BARAT,3273,KOTA BANDUNG,3273142,MANDALAJATI,32.73.30,MANDALAJATI,PKBM NURA AMALIA,P9952433,SK SISWA,1,ORANG,2021
2778,32,JAWA BARAT,3273,KOTA BANDUNG,3273142,MANDALAJATI,32.73.30,MANDALAJATI,PKBM NURA AMALIA,P9952433,AKTIVASI SISWA,0,ORANG,2021
2779,32,JAWA BARAT,3273,KOTA BANDUNG,3273142,MANDALAJATI,32.73.30,MANDALAJATI,SD ABU AZIS,69947473,SK SISWA,1,ORANG,2021
2780,32,JAWA BARAT,3273,KOTA BANDUNG,3273142,MANDALAJATI,32.73.30,MANDALAJATI,SD ABU AZIS,69947473,AKTIVASI SISWA,0,ORANG,2021
2781,32,JAWA BARAT,3273,KOTA BANDUNG,3273142,MANDALAJATI,32.73.30,MANDALAJATI,SD AL-IRHAAM GLOBAL ISLAMIC SCHOOL,20252083,SK SISWA,1,ORANG,2021
2782,32,JAWA BARAT,3273,KOTA BANDUNG,3273142,MANDALAJATI,32.73.30,MANDALAJATI,SD AL-IRHAAM GLOBAL ISLAMIC SCHOOL,20252083,AKTIVASI SISWA,1,ORANG,2021
2783,32,JAWA BARAT,3273,KOTA BANDUNG,3273142,MANDALAJATI,32.73.30,MANDALAJATI,SD AL-QURAN,69986341,SK SISWA,2,ORANG,2021
2784,32,JAWA BARAT,3273,KOTA BANDUNG,3273142,MANDALAJATI,32.73.30,MANDALAJATI,SD AL-QURAN,69986341,AKTIVASI SISWA,0,ORANG,2021
2785,32,JAWA BARAT,3273,KOTA BANDUNG,3273142,MANDALAJATI,32.73.30,MANDALAJATI,SD TUNAS UNGGUL,20219896,SK SISWA,2,ORANG,2021
2786,32,JAWA BARAT,3273,KOTA BANDUNG,3273142,MANDALAJATI,32.73.30,MANDALAJATI,SD TUNAS UNGGUL,20219896,AKTIVASI SISWA,0,ORANG,2021
2787,32,JAWA BARAT,3273,KOTA BANDUNG,3273142,MANDALAJATI,32.73.30,MANDALAJATI,SDN 009 CIKADUT KOTA BANDUNG,20245520,SK SISWA,109,ORANG,2021
2788,32,JAWA BARAT,3273,KOTA BANDUNG,3273142,MANDALAJATI,32.73.30,MANDALAJATI,SDN 009 CIKADUT KOTA BANDUNG,20245520,AKTIVASI SISWA,107,ORANG,2021
2789,32,JAWA BARAT,3273,KOTA BANDUNG,3273142,MANDALAJATI,32.73.30,MANDALAJATI,SDN 046 SINDANGLAYA KOTA BANDUNG,20245768,SK SISWA,40,ORANG,2021
2790,32,JAWA BARAT,3273,KOTA BANDUNG,3273142,MANDALAJATI,32.73.30,MANDALAJATI,SDN 046 SINDANGLAYA KOTA BANDUNG,20245768,AKTIVASI SISWA,36,ORANG,2021
2791,32,JAWA BARAT,3273,KOTA BANDUNG,3273142,MANDALAJATI,32.73.30,MANDALAJATI,SDN 055 JATIHANDAP KOTA BANDUNG,20245598,SK SISWA,78,ORANG,2021
2792,32,JAWA BARAT,3273,KOTA BANDUNG,3273142,MANDALAJATI,32.73.30,MANDALAJATI,SDN 055 JATIHANDAP KOTA BANDUNG,20245598,AKTIVASI SISWA,72,ORANG,2021
2793,32,JAWA BARAT,3273,KOTA BANDUNG,3273142,MANDALAJATI,32.73.30,MANDALAJATI,SDN 068 SINDANGLAYA KOTA BANDUNG,20245769,SK SISWA,44,ORANG,2021
2794,32,JAWA BARAT,3273,KOTA BANDUNG,3273142,MANDALAJATI,32.73.30,MANDALAJATI,SDN 068 SINDANGLAYA KOTA BANDUNG,20245769,AKTIVASI SISWA,42,ORANG,2021
2795,32,JAWA BARAT,3273,KOTA BANDUNG,3273142,MANDALAJATI,32.73.30,MANDALAJATI,SDN 084 CIKADUT KOTA BANDUNG,20245521,SK SISWA,67,ORANG,2021
2796,32,JAWA BARAT,3273,KOTA BANDUNG,3273142,MANDALAJATI,32.73.30,MANDALAJATI,SDN 084 CIKADUT KOTA BANDUNG,20245521,AKTIVASI SISWA,63,ORANG,2021
2797,32,JAWA BARAT,3273,KOTA BANDUNG,3273142,MANDALAJATI,32.73.30,MANDALAJATI,SDN 165 JATIHANDAP KOTA BANDUNG,20245596,SK SISWA,31,ORANG,2021
2798,32,JAWA BARAT,3273,KOTA BANDUNG,3273142,MANDALAJATI,32.73.30,MANDALAJATI,SDN 165 JATIHANDAP KOTA BANDUNG,20245596,AKTIVASI SISWA,26,ORANG,2021
2799,32,JAWA BARAT,3273,KOTA BANDUNG,3273142,MANDALAJATI,32.73.30,MANDALAJATI,SDN 174 PASIR IMPUN KOTA BANDUNG,20245733,SK SISWA,61,ORANG,2021
2800,32,JAWA BARAT,3273,KOTA BANDUNG,3273142,MANDALAJATI,32.73.30,MANDALAJATI,SDN 174 PASIR IMPUN KOTA BANDUNG,20245733,AKTIVASI SISWA,59,ORANG,2021
2801,32,JAWA BARAT,3273,KOTA BANDUNG,3273142,MANDALAJATI,32.73.30,MANDALAJATI,SDN 175 TANJAKAN KOTA BANDUNG,20245816,SK SISWA,55,ORANG,2021
2802,32,JAWA BARAT,3273,KOTA BANDUNG,3273142,MANDALAJATI,32.73.30,MANDALAJATI,SDN 175 TANJAKAN KOTA BANDUNG,20245816,AKTIVASI SISWA,54,ORANG,2021
2803,32,JAWA BARAT,3273,KOTA BANDUNG,3273142,MANDALAJATI,32.73.30,MANDALAJATI,SDN 231 SUKAASIH KOTA BANDUNG,20245794,SK SISWA,69,ORANG,2021
2804,32,JAWA BARAT,3273,KOTA BANDUNG,3273142,MANDALAJATI,32.73.30,MANDALAJATI,SDN 231 SUKAASIH KOTA BANDUNG,20245794,AKTIVASI SISWA,68,ORANG,2021
2805,32,JAWA BARAT,3273,KOTA BANDUNG,3273142,MANDALAJATI,32.73.30,MANDALAJATI,SDN 243 CICABE KOTA BANDUNG,20245510,SK SISWA,48,ORANG,2021
2806,32,JAWA BARAT,3273,KOTA BANDUNG,3273142,MANDALAJATI,32.73.30,MANDALAJATI,SDN 243 CICABE KOTA BANDUNG,20245510,AKTIVASI SISWA,41,ORANG,2021
2807,32,JAWA BARAT,3273,KOTA BANDUNG,3273080,BANDUNG KIDUL,32.73.21,BANDUNG KIDUL,SD IT AL-FAJAR,20267927,SK SISWA,2,ORANG,2021
2808,32,JAWA BARAT,3273,KOTA BANDUNG,3273080,BANDUNG KIDUL,32.73.21,BANDUNG KIDUL,SD IT AL-FAJAR,20267927,AKTIVASI SISWA,1,ORANG,2021
2809,32,JAWA BARAT,3273,KOTA BANDUNG,3273080,BANDUNG KIDUL,32.73.21,BANDUNG KIDUL,SD TIARA BUNDA,20268416,SK SISWA,2,ORANG,2021
2810,32,JAWA BARAT,3273,KOTA BANDUNG,3273080,BANDUNG KIDUL,32.73.21,BANDUNG KIDUL,SD TIARA BUNDA,20268416,AKTIVASI SISWA,2,ORANG,2021
2811,32,JAWA BARAT,3273,KOTA BANDUNG,3273080,BANDUNG KIDUL,32.73.21,BANDUNG KIDUL,SDN 040 PASAWAHAN KOTA BANDUNG,20245073,SK SISWA,149,ORANG,2021
2812,32,JAWA BARAT,3273,KOTA BANDUNG,3273080,BANDUNG KIDUL,32.73.21,BANDUNG KIDUL,SDN 040 PASAWAHAN KOTA BANDUNG,20245073,AKTIVASI SISWA,141,ORANG,2021
2813,32,JAWA BARAT,3273,KOTA BANDUNG,3273080,BANDUNG KIDUL,32.73.21,BANDUNG KIDUL,SDN 094 PARAKANWAAS KOTA BANDUNG,20245072,SK SISWA,74,ORANG,2021
2814,32,JAWA BARAT,3273,KOTA BANDUNG,3273080,BANDUNG KIDUL,32.73.21,BANDUNG KIDUL,SDN 094 PARAKANWAAS KOTA BANDUNG,20245072,AKTIVASI SISWA,70,ORANG,2021
2815,32,JAWA BARAT,3273,KOTA BANDUNG,3273080,BANDUNG KIDUL,32.73.21,BANDUNG KIDUL,SDN 117 BATUNUNGGAL KOTA BANDUNG,20245021,SK SISWA,98,ORANG,2021
2816,32,JAWA BARAT,3273,KOTA BANDUNG,3273080,BANDUNG KIDUL,32.73.21,BANDUNG KIDUL,SDN 117 BATUNUNGGAL KOTA BANDUNG,20245021,AKTIVASI SISWA,98,ORANG,2021
2817,32,JAWA BARAT,3273,KOTA BANDUNG,3273080,BANDUNG KIDUL,32.73.21,BANDUNG KIDUL,SDN 130 SEKELIMUS BATUNUNGGAL KOTA BANDUNG,20245084,SK SISWA,160,ORANG,2021
2818,32,JAWA BARAT,3273,KOTA BANDUNG,3273080,BANDUNG KIDUL,32.73.21,BANDUNG KIDUL,SDN 130 SEKELIMUS BATUNUNGGAL KOTA BANDUNG,20245084,AKTIVASI SISWA,54,ORANG,2021
2819,32,JAWA BARAT,3273,KOTA BANDUNG,3273080,BANDUNG KIDUL,32.73.21,BANDUNG KIDUL,SDN 250 JAKAPURWA KOTA BANDUNG,20245034,SK SISWA,17,ORANG,2021
2820,32,JAWA BARAT,3273,KOTA BANDUNG,3273080,BANDUNG KIDUL,32.73.21,BANDUNG KIDUL,SDN 250 JAKAPURWA KOTA BANDUNG,20245034,AKTIVASI SISWA,11,ORANG,2021
2821,32,JAWA BARAT,3273,KOTA BANDUNG,3273080,BANDUNG KIDUL,32.73.21,BANDUNG KIDUL,SDN 266 MENGGER KOTA BANDUNG,20245049,SK SISWA,112,ORANG,2021
2822,32,JAWA BARAT,3273,KOTA BANDUNG,3273080,BANDUNG KIDUL,32.73.21,BANDUNG KIDUL,SDN 266 MENGGER KOTA BANDUNG,20245049,AKTIVASI SISWA,58,ORANG,2021
2823,32,JAWA BARAT,3273,KOTA BANDUNG,3273080,BANDUNG KIDUL,32.73.21,BANDUNG KIDUL,SLB AUTIS PRANANDA,20280598,SK SISWA,9,ORANG,2021
2824,32,JAWA BARAT,3273,KOTA BANDUNG,3273080,BANDUNG KIDUL,32.73.21,BANDUNG KIDUL,SLB AUTIS PRANANDA,20280598,AKTIVASI SISWA,3,ORANG,2021
2825,32,JAWA BARAT,3273,KOTA BANDUNG,3273020,BABAKAN CIPARAY,32.73.03,BABAKAN CIPARAY,PKBM RESIDIVIST,P9984496,SK SISWA,3,ORANG,2021
2826,32,JAWA BARAT,3273,KOTA BANDUNG,3273020,BABAKAN CIPARAY,32.73.03,BABAKAN CIPARAY,PKBM RESIDIVIST,P9984496,AKTIVASI SISWA,3,ORANG,2021
2827,32,JAWA BARAT,3273,KOTA BANDUNG,3273020,BABAKAN CIPARAY,32.73.03,BABAKAN CIPARAY,SD AL BAROKAH,20219528,SK SISWA,28,ORANG,2021
2828,32,JAWA BARAT,3273,KOTA BANDUNG,3273020,BABAKAN CIPARAY,32.73.03,BABAKAN CIPARAY,SD AL BAROKAH,20219528,AKTIVASI SISWA,28,ORANG,2021
2829,32,JAWA BARAT,3273,KOTA BANDUNG,3273020,BABAKAN CIPARAY,32.73.03,BABAKAN CIPARAY,SD CAHAYA PELITA,20219603,SK SISWA,107,ORANG,2021
2830,32,JAWA BARAT,3273,KOTA BANDUNG,3273020,BABAKAN CIPARAY,32.73.03,BABAKAN CIPARAY,SD CAHAYA PELITA,20219603,AKTIVASI SISWA,107,ORANG,2021
2831,32,JAWA BARAT,3273,KOTA BANDUNG,3273020,BABAKAN CIPARAY,32.73.03,BABAKAN CIPARAY,SD PANGKALAN,20219819,SK SISWA,24,ORANG,2021
2832,32,JAWA BARAT,3273,KOTA BANDUNG,3273020,BABAKAN CIPARAY,32.73.03,BABAKAN CIPARAY,SD PANGKALAN,20219819,AKTIVASI SISWA,24,ORANG,2021
2833,32,JAWA BARAT,3273,KOTA BANDUNG,3273020,BABAKAN CIPARAY,32.73.03,BABAKAN CIPARAY,SD PASUNDAN 2,20219816,SK SISWA,175,ORANG,2021
2834,32,JAWA BARAT,3273,KOTA BANDUNG,3273020,BABAKAN CIPARAY,32.73.03,BABAKAN CIPARAY,SD PASUNDAN 2,20219816,AKTIVASI SISWA,175,ORANG,2021
2835,32,JAWA BARAT,3273,KOTA BANDUNG,3273020,BABAKAN CIPARAY,32.73.03,BABAKAN CIPARAY,SD PASUNDAN 3,20219815,SK SISWA,76,ORANG,2021
2836,32,JAWA BARAT,3273,KOTA BANDUNG,3273020,BABAKAN CIPARAY,32.73.03,BABAKAN CIPARAY,SD PASUNDAN 3,20219815,AKTIVASI SISWA,76,ORANG,2021
2837,32,JAWA BARAT,3273,KOTA BANDUNG,3273020,BABAKAN CIPARAY,32.73.03,BABAKAN CIPARAY,SD SALUYU,20219826,SK SISWA,27,ORANG,2021
2838,32,JAWA BARAT,3273,KOTA BANDUNG,3273020,BABAKAN CIPARAY,32.73.03,BABAKAN CIPARAY,SD SALUYU,20219826,AKTIVASI SISWA,27,ORANG,2021
2839,32,JAWA BARAT,3273,KOTA BANDUNG,3273020,BABAKAN CIPARAY,32.73.03,BABAKAN CIPARAY,SDN 005 BABAKAN CIPARAY KOTA BANDUNG,20245011,SK SISWA,34,ORANG,2021
2840,32,JAWA BARAT,3273,KOTA BANDUNG,3273020,BABAKAN CIPARAY,32.73.03,BABAKAN CIPARAY,SDN 005 BABAKAN CIPARAY KOTA BANDUNG,20245011,AKTIVASI SISWA,14,ORANG,2021
2841,32,JAWA BARAT,3273,KOTA BANDUNG,3273020,BABAKAN CIPARAY,32.73.03,BABAKAN CIPARAY,SDN 012 BABAKAN CIPARAY KOTA BANDUNG,20245013,SK SISWA,39,ORANG,2021
2842,32,JAWA BARAT,3273,KOTA BANDUNG,3273020,BABAKAN CIPARAY,32.73.03,BABAKAN CIPARAY,SDN 012 BABAKAN CIPARAY KOTA BANDUNG,20245013,AKTIVASI SISWA,36,ORANG,2021
2843,32,JAWA BARAT,3273,KOTA BANDUNG,3273020,BABAKAN CIPARAY,32.73.03,BABAKAN CIPARAY,SDN 058 BABAKAN CIPARAY KOTA BANDUNG,20245014,SK SISWA,25,ORANG,2021
2844,32,JAWA BARAT,3273,KOTA BANDUNG,3273020,BABAKAN CIPARAY,32.73.03,BABAKAN CIPARAY,SDN 058 BABAKAN CIPARAY KOTA BANDUNG,20245014,AKTIVASI SISWA,21,ORANG,2021
2845,32,JAWA BARAT,3273,KOTA BANDUNG,3273020,BABAKAN CIPARAY,32.73.03,BABAKAN CIPARAY,SDN 059 CIRANGRANG KOTA BANDUNG,20245025,SK SISWA,239,ORANG,2021
2846,32,JAWA BARAT,3273,KOTA BANDUNG,3273020,BABAKAN CIPARAY,32.73.03,BABAKAN CIPARAY,SDN 059 CIRANGRANG KOTA BANDUNG,20245025,AKTIVASI SISWA,239,ORANG,2021
2847,32,JAWA BARAT,3273,KOTA BANDUNG,3273020,BABAKAN CIPARAY,32.73.03,BABAKAN CIPARAY,SDN 060 RAYA BARAT KOTA BANDUNG,20245078,SK SISWA,19,ORANG,2021
2848,32,JAWA BARAT,3273,KOTA BANDUNG,3273020,BABAKAN CIPARAY,32.73.03,BABAKAN CIPARAY,SDN 060 RAYA BARAT KOTA BANDUNG,20245078,AKTIVASI SISWA,19,ORANG,2021
2849,32,JAWA BARAT,3273,KOTA BANDUNG,3273020,BABAKAN CIPARAY,32.73.03,BABAKAN CIPARAY,SDN 089 BABAKAN CIPARAY KOTA BANDUNG,20244998,SK SISWA,192,ORANG,2021
2850,32,JAWA BARAT,3273,KOTA BANDUNG,3273020,BABAKAN CIPARAY,32.73.03,BABAKAN CIPARAY,SDN 089 BABAKAN CIPARAY KOTA BANDUNG,20244998,AKTIVASI SISWA,189,ORANG,2021
2851,32,JAWA BARAT,3273,KOTA BANDUNG,3273020,BABAKAN CIPARAY,32.73.03,BABAKAN CIPARAY,SDN 126 BABAKAN KOTA BANDUNG,20244995,SK SISWA,210,ORANG,2021
2852,32,JAWA BARAT,3273,KOTA BANDUNG,3273020,BABAKAN CIPARAY,32.73.03,BABAKAN CIPARAY,SDN 126 BABAKAN KOTA BANDUNG,20244995,AKTIVASI SISWA,210,ORANG,2021
2853,32,JAWA BARAT,3273,KOTA BANDUNG,3273020,BABAKAN CIPARAY,32.73.03,BABAKAN CIPARAY,SDN 144 SITUGUNTING KOTA BANDUNG,20245089,SK SISWA,77,ORANG,2021
2854,32,JAWA BARAT,3273,KOTA BANDUNG,3273020,BABAKAN CIPARAY,32.73.03,BABAKAN CIPARAY,SDN 144 SITUGUNTING KOTA BANDUNG,20245089,AKTIVASI SISWA,77,ORANG,2021
2855,32,JAWA BARAT,3273,KOTA BANDUNG,3273020,BABAKAN CIPARAY,32.73.03,BABAKAN CIPARAY,SDN 213 BABAKAN CIPARAY KOTA BANDUNG,20245008,SK SISWA,88,ORANG,2021
2856,32,JAWA BARAT,3273,KOTA BANDUNG,3273020,BABAKAN CIPARAY,32.73.03,BABAKAN CIPARAY,SDN 213 BABAKAN CIPARAY KOTA BANDUNG,20245008,AKTIVASI SISWA,82,ORANG,2021
2857,32,JAWA BARAT,3273,KOTA BANDUNG,3273020,BABAKAN CIPARAY,32.73.03,BABAKAN CIPARAY,SDN 227 MARGAHAYU UTARA KOTA BANDUNG,20245046,SK SISWA,250,ORANG,2021
2858,32,JAWA BARAT,3273,KOTA BANDUNG,3273020,BABAKAN CIPARAY,32.73.03,BABAKAN CIPARAY,SDN 227 MARGAHAYU UTARA KOTA BANDUNG,20245046,AKTIVASI SISWA,250,ORANG,2021
2859,32,JAWA BARAT,3273,KOTA BANDUNG,3273020,BABAKAN CIPARAY,32.73.03,BABAKAN CIPARAY,SDN 236 BABAKAN CIPARAY KOTA BANDUNG,20245001,SK SISWA,150,ORANG,2021
2860,32,JAWA BARAT,3273,KOTA BANDUNG,3273020,BABAKAN CIPARAY,32.73.03,BABAKAN CIPARAY,SDN 236 BABAKAN CIPARAY KOTA BANDUNG,20245001,AKTIVASI SISWA,148,ORANG,2021
2861,32,JAWA BARAT,3273,KOTA BANDUNG,3273020,BABAKAN CIPARAY,32.73.03,BABAKAN CIPARAY,SDN 237 KOPO ELOK KOTA BANDUNG,20245044,SK SISWA,87,ORANG,2021
2862,32,JAWA BARAT,3273,KOTA BANDUNG,3273020,BABAKAN CIPARAY,32.73.03,BABAKAN CIPARAY,SDN 237 KOPO ELOK KOTA BANDUNG,20245044,AKTIVASI SISWA,87,ORANG,2021
2863,32,JAWA BARAT,3273,KOTA BANDUNG,3273020,BABAKAN CIPARAY,32.73.03,BABAKAN CIPARAY,SDN 245 SUMBERSARI INDAH KOTA BANDUNG,20245090,SK SISWA,38,ORANG,2021
2864,32,JAWA BARAT,3273,KOTA BANDUNG,3273020,BABAKAN CIPARAY,32.73.03,BABAKAN CIPARAY,SDN 245 SUMBERSARI INDAH KOTA BANDUNG,20245090,AKTIVASI SISWA,38,ORANG,2021
2865,32,JAWA BARAT,3273,KOTA BANDUNG,3273020,BABAKAN CIPARAY,32.73.03,BABAKAN CIPARAY,SKB UPT KOTA BANDUNG,P9962758,SK SISWA,2,ORANG,2021
2866,32,JAWA BARAT,3273,KOTA BANDUNG,3273020,BABAKAN CIPARAY,32.73.03,BABAKAN CIPARAY,SKB UPT KOTA BANDUNG,P9962758,AKTIVASI SISWA,0,ORANG,2021
2867,32,JAWA BARAT,3273,KOTA BANDUNG,3273020,BABAKAN CIPARAY,32.73.03,BABAKAN CIPARAY,SLB ABCD CARINGIN,20219867,SK SISWA,7,ORANG,2021
2868,32,JAWA BARAT,3273,KOTA BANDUNG,3273020,BABAKAN CIPARAY,32.73.03,BABAKAN CIPARAY,SLB ABCD CARINGIN,20219867,AKTIVASI SISWA,7,ORANG,2021
2869,32,JAWA BARAT,3273,KOTA BANDUNG,3273020,BABAKAN CIPARAY,32.73.03,BABAKAN CIPARAY,SLB KASIH IBU,20280595,SK SISWA,8,ORANG,2021
2870,32,JAWA BARAT,3273,KOTA BANDUNG,3273020,BABAKAN CIPARAY,32.73.03,BABAKAN CIPARAY,SLB KASIH IBU,20280595,AKTIVASI SISWA,2,ORANG,2021
2871,32,JAWA BARAT,3273,KOTA BANDUNG,3273020,BABAKAN CIPARAY,32.73.03,BABAKAN CIPARAY,SLBS GEMILANG,20219880,SK SISWA,4,ORANG,2021
2872,32,JAWA BARAT,3273,KOTA BANDUNG,3273020,BABAKAN CIPARAY,32.73.03,BABAKAN CIPARAY,SLBS GEMILANG,20219880,AKTIVASI SISWA,4,ORANG,2021
2873,32,JAWA BARAT,3273,KOTA BANDUNG,3273050,ASTANAANYAR,32.73.10,ASTANA ANYAR,PKBM JATIWARINGIN,P9948608,SK SISWA,1,ORANG,2021
2874,32,JAWA BARAT,3273,KOTA BANDUNG,3273050,ASTANAANYAR,32.73.10,ASTANA ANYAR,PKBM JATIWARINGIN,P9948608,AKTIVASI SISWA,0,ORANG,2021
2875,32,JAWA BARAT,3273,KOTA BANDUNG,3273050,ASTANAANYAR,32.73.10,ASTANA ANYAR,SD GANESHA,20219615,SK SISWA,29,ORANG,2021
2876,32,JAWA BARAT,3273,KOTA BANDUNG,3273050,ASTANAANYAR,32.73.10,ASTANA ANYAR,SD GANESHA,20219615,AKTIVASI SISWA,24,ORANG,2021
2877,32,JAWA BARAT,3273,KOTA BANDUNG,3273050,ASTANAANYAR,32.73.10,ASTANA ANYAR,SD KEMAH INDONESIA,20219572,SK SISWA,4,ORANG,2021
2878,32,JAWA BARAT,3273,KOTA BANDUNG,3273050,ASTANAANYAR,32.73.10,ASTANA ANYAR,SD KEMAH INDONESIA,20219572,AKTIVASI SISWA,4,ORANG,2021
2879,32,JAWA BARAT,3273,KOTA BANDUNG,3273050,ASTANAANYAR,32.73.10,ASTANA ANYAR,SD KRISTEN GAMALIEL,20219844,SK SISWA,4,ORANG,2021
2880,32,JAWA BARAT,3273,KOTA BANDUNG,3273050,ASTANAANYAR,32.73.10,ASTANA ANYAR,SD KRISTEN GAMALIEL,20219844,AKTIVASI SISWA,4,ORANG,2021
2881,32,JAWA BARAT,3273,KOTA BANDUNG,3273050,ASTANAANYAR,32.73.10,ASTANA ANYAR,SD PELITA BANGSA,20253917,SK SISWA,9,ORANG,2021
2882,32,JAWA BARAT,3273,KOTA BANDUNG,3273050,ASTANAANYAR,32.73.10,ASTANA ANYAR,SD PELITA BANGSA,20253917,AKTIVASI SISWA,7,ORANG,2021
2883,32,JAWA BARAT,3273,KOTA BANDUNG,3273050,ASTANAANYAR,32.73.10,ASTANA ANYAR,SD YAMI,20219905,SK SISWA,37,ORANG,2021
2884,32,JAWA BARAT,3273,KOTA BANDUNG,3273050,ASTANAANYAR,32.73.10,ASTANA ANYAR,SD YAMI,20219905,AKTIVASI SISWA,36,ORANG,2021
2885,32,JAWA BARAT,3273,KOTA BANDUNG,3273050,ASTANAANYAR,32.73.10,ASTANA ANYAR,SDN 003 PAGARSIH KOTA BANDUNG,20245064,SK SISWA,113,ORANG,2021
2886,32,JAWA BARAT,3273,KOTA BANDUNG,3273050,ASTANAANYAR,32.73.10,ASTANA ANYAR,SDN 003 PAGARSIH KOTA BANDUNG,20245064,AKTIVASI SISWA,112,ORANG,2021
2887,32,JAWA BARAT,3273,KOTA BANDUNG,3273050,ASTANAANYAR,32.73.10,ASTANA ANYAR,SDN 019 PABAKI KOTA BANDUNG,20245054,SK SISWA,521,ORANG,2021
2888,32,JAWA BARAT,3273,KOTA BANDUNG,3273050,ASTANAANYAR,32.73.10,ASTANA ANYAR,SDN 019 PABAKI KOTA BANDUNG,20245054,AKTIVASI SISWA,509,ORANG,2021
2889,32,JAWA BARAT,3273,KOTA BANDUNG,3273050,ASTANAANYAR,32.73.10,ASTANA ANYAR,SDN 023 PAJAGALAN KOTA BANDUNG,20244745,SK SISWA,33,ORANG,2021
2890,32,JAWA BARAT,3273,KOTA BANDUNG,3273050,ASTANAANYAR,32.73.10,ASTANA ANYAR,SDN 023 PAJAGALAN KOTA BANDUNG,20244745,AKTIVASI SISWA,27,ORANG,2021
2891,32,JAWA BARAT,3273,KOTA BANDUNG,3273050,ASTANAANYAR,32.73.10,ASTANA ANYAR,SDN 039 TEGALEGA KOTA BANDUNG,20245095,SK SISWA,27,ORANG,2021
2892,32,JAWA BARAT,3273,KOTA BANDUNG,3273050,ASTANAANYAR,32.73.10,ASTANA ANYAR,SDN 039 TEGALEGA KOTA BANDUNG,20245095,AKTIVASI SISWA,25,ORANG,2021
2893,32,JAWA BARAT,3273,KOTA BANDUNG,3273050,ASTANAANYAR,32.73.10,ASTANA ANYAR,SDN 073 PAJAGALAN KOTA BANDUNG,20247280,SK SISWA,28,ORANG,2021
2894,32,JAWA BARAT,3273,KOTA BANDUNG,3273050,ASTANAANYAR,32.73.10,ASTANA ANYAR,SDN 073 PAJAGALAN KOTA BANDUNG,20247280,AKTIVASI SISWA,26,ORANG,2021
2895,32,JAWA BARAT,3273,KOTA BANDUNG,3273050,ASTANAANYAR,32.73.10,ASTANA ANYAR,SDN 079 KOPO PAJAGALAN KOTA BANDUNG,20245039,SK SISWA,60,ORANG,2021
2896,32,JAWA BARAT,3273,KOTA BANDUNG,3273050,ASTANAANYAR,32.73.10,ASTANA ANYAR,SDN 079 KOPO PAJAGALAN KOTA BANDUNG,20245039,AKTIVASI SISWA,51,ORANG,2021
2897,32,JAWA BARAT,3273,KOTA BANDUNG,3273050,ASTANAANYAR,32.73.10,ASTANA ANYAR,SDN 092 CIBADAK ANDIR KOTA BANDUNG,20244961,SK SISWA,99,ORANG,2021
2898,32,JAWA BARAT,3273,KOTA BANDUNG,3273050,ASTANAANYAR,32.73.10,ASTANA ANYAR,SDN 092 CIBADAK ANDIR KOTA BANDUNG,20244961,AKTIVASI SISWA,97,ORANG,2021
2899,32,JAWA BARAT,3273,KOTA BANDUNG,3273050,ASTANAANYAR,32.73.10,ASTANA ANYAR,SDN 142 DWIKORA KOTA BANDUNG,20245029,SK SISWA,32,ORANG,2021
2900,32,JAWA BARAT,3273,KOTA BANDUNG,3273050,ASTANAANYAR,32.73.10,ASTANA ANYAR,SDN 142 DWIKORA KOTA BANDUNG,20245029,AKTIVASI SISWA,31,ORANG,2021
2901,32,JAWA BARAT,3273,KOTA BANDUNG,3273050,ASTANAANYAR,32.73.10,ASTANA ANYAR,SDN 143 KOPO KOTA BANDUNG,20245043,SK SISWA,23,ORANG,2021
2902,32,JAWA BARAT,3273,KOTA BANDUNG,3273050,ASTANAANYAR,32.73.10,ASTANA ANYAR,SDN 143 KOPO KOTA BANDUNG,20245043,AKTIVASI SISWA,21,ORANG,2021
2903,32,JAWA BARAT,3273,KOTA BANDUNG,3273050,ASTANAANYAR,32.73.10,ASTANA ANYAR,SDN 249 ASTANAANYAR KOTA BANDUNG,20244993,SK SISWA,119,ORANG,2021
2904,32,JAWA BARAT,3273,KOTA BANDUNG,3273050,ASTANAANYAR,32.73.10,ASTANA ANYAR,SDN 249 ASTANAANYAR KOTA BANDUNG,20244993,AKTIVASI SISWA,31,ORANG,2021
2905,32,JAWA BARAT,3273,KOTA BANDUNG,3273050,ASTANAANYAR,32.73.10,ASTANA ANYAR,SDN 265 BANDUNGKULON KOTA BANDUNG,20244949,SK SISWA,55,ORANG,2021
2906,32,JAWA BARAT,3273,KOTA BANDUNG,3273050,ASTANAANYAR,32.73.10,ASTANA ANYAR,SDN 265 BANDUNGKULON KOTA BANDUNG,20244949,AKTIVASI SISWA,43,ORANG,2021
2907,32,JAWA BARAT,3273,KOTA BANDUNG,3273050,ASTANAANYAR,32.73.10,ASTANA ANYAR,SLB BC BANDUNG RAYA,20219873,SK SISWA,9,ORANG,2021
2908,32,JAWA BARAT,3273,KOTA BANDUNG,3273050,ASTANAANYAR,32.73.10,ASTANA ANYAR,SLB BC BANDUNG RAYA,20219873,AKTIVASI SISWA,2,ORANG,2021
2909,32,JAWA BARAT,3273,KOTA BANDUNG,3273130,ARCAMANIK,32.73.24,ARCAMANIK,SD BINTANG MADANI,20270664,SK SISWA,8,ORANG,2021
2910,32,JAWA BARAT,3273,KOTA BANDUNG,3273130,ARCAMANIK,32.73.24,ARCAMANIK,SD BINTANG MADANI,20270664,AKTIVASI SISWA,3,ORANG,2021
2911,32,JAWA BARAT,3273,KOTA BANDUNG,3273130,ARCAMANIK,32.73.24,ARCAMANIK,SD CERDAS MUTHAHHARI,20267679,SK SISWA,10,ORANG,2021
2912,32,JAWA BARAT,3273,KOTA BANDUNG,3273130,ARCAMANIK,32.73.24,ARCAMANIK,SD CERDAS MUTHAHHARI,20267679,AKTIVASI SISWA,10,ORANG,2021
2913,32,JAWA BARAT,3273,KOTA BANDUNG,3273130,ARCAMANIK,32.73.24,ARCAMANIK,SD ISLAM TERPADU LUQMANUL HAKIM,20219577,SK SISWA,192,ORANG,2021
2914,32,JAWA BARAT,3273,KOTA BANDUNG,3273130,ARCAMANIK,32.73.24,ARCAMANIK,SD ISLAM TERPADU LUQMANUL HAKIM,20219577,AKTIVASI SISWA,190,ORANG,2021
2915,32,JAWA BARAT,3273,KOTA BANDUNG,3273130,ARCAMANIK,32.73.24,ARCAMANIK,SD MUTIARA BUNDA,20253757,SK SISWA,3,ORANG,2021
2916,32,JAWA BARAT,3273,KOTA BANDUNG,3273130,ARCAMANIK,32.73.24,ARCAMANIK,SD MUTIARA BUNDA,20253757,AKTIVASI SISWA,1,ORANG,2021
2917,32,JAWA BARAT,3273,KOTA BANDUNG,3273130,ARCAMANIK,32.73.24,ARCAMANIK,SD PLUS AL GHIFARI,20219824,SK SISWA,54,ORANG,2021
2918,32,JAWA BARAT,3273,KOTA BANDUNG,3273130,ARCAMANIK,32.73.24,ARCAMANIK,SD PLUS AL GHIFARI,20219824,AKTIVASI SISWA,46,ORANG,2021
2919,32,JAWA BARAT,3273,KOTA BANDUNG,3273130,ARCAMANIK,32.73.24,ARCAMANIK,SD RABBANI,70003403,SK SISWA,5,ORANG,2021
2920,32,JAWA BARAT,3273,KOTA BANDUNG,3273130,ARCAMANIK,32.73.24,ARCAMANIK,SD RABBANI,70003403,AKTIVASI SISWA,3,ORANG,2021
2921,32,JAWA BARAT,3273,KOTA BANDUNG,3273130,ARCAMANIK,32.73.24,ARCAMANIK,SD RANCAKASUMBA,20219828,SK SISWA,82,ORANG,2021
2922,32,JAWA BARAT,3273,KOTA BANDUNG,3273130,ARCAMANIK,32.73.24,ARCAMANIK,SD RANCAKASUMBA,20219828,AKTIVASI SISWA,58,ORANG,2021
2923,32,JAWA BARAT,3273,KOTA BANDUNG,3273130,ARCAMANIK,32.73.24,ARCAMANIK,SDN 004 CISARANTEN KULON KOTA BANDUNG,20245530,SK SISWA,69,ORANG,2021
2924,32,JAWA BARAT,3273,KOTA BANDUNG,3273130,ARCAMANIK,32.73.24,ARCAMANIK,SDN 004 CISARANTEN KULON KOTA BANDUNG,20245530,AKTIVASI SISWA,62,ORANG,2021
2925,32,JAWA BARAT,3273,KOTA BANDUNG,3273130,ARCAMANIK,32.73.24,ARCAMANIK,SDN 057 BINAHARAPAN KOTA BANDUNG,20245481,SK SISWA,175,ORANG,2021
2926,32,JAWA BARAT,3273,KOTA BANDUNG,3273130,ARCAMANIK,32.73.24,ARCAMANIK,SDN 057 BINAHARAPAN KOTA BANDUNG,20245481,AKTIVASI SISWA,161,ORANG,2021
2927,32,JAWA BARAT,3273,KOTA BANDUNG,3273130,ARCAMANIK,32.73.24,ARCAMANIK,SDN 101 SUKAKARYA KOTA BANDUNG,20245795,SK SISWA,38,ORANG,2021
2928,32,JAWA BARAT,3273,KOTA BANDUNG,3273130,ARCAMANIK,32.73.24,ARCAMANIK,SDN 101 SUKAKARYA KOTA BANDUNG,20245795,AKTIVASI SISWA,34,ORANG,2021
2929,32,JAWA BARAT,3273,KOTA BANDUNG,3273130,ARCAMANIK,32.73.24,ARCAMANIK,SDN 140 ARCAMANIK KOTA BANDUNG,20245447,SK SISWA,69,ORANG,2021
2930,32,JAWA BARAT,3273,KOTA BANDUNG,3273130,ARCAMANIK,32.73.24,ARCAMANIK,SDN 140 ARCAMANIK KOTA BANDUNG,20245447,AKTIVASI SISWA,65,ORANG,2021
2931,32,JAWA BARAT,3273,KOTA BANDUNG,3273130,ARCAMANIK,32.73.24,ARCAMANIK,SDN 141 LOKAJAYA KOTA BANDUNG,20245712,SK SISWA,133,ORANG,2021
2932,32,JAWA BARAT,3273,KOTA BANDUNG,3273130,ARCAMANIK,32.73.24,ARCAMANIK,SDN 141 LOKAJAYA KOTA BANDUNG,20245712,AKTIVASI SISWA,128,ORANG,2021
2933,32,JAWA BARAT,3273,KOTA BANDUNG,3273130,ARCAMANIK,32.73.24,ARCAMANIK,SDN 180 PRAKARSA NUGRAHA KOTA BANDUNG,20245754,SK SISWA,60,ORANG,2021
2934,32,JAWA BARAT,3273,KOTA BANDUNG,3273130,ARCAMANIK,32.73.24,ARCAMANIK,SDN 180 PRAKARSA NUGRAHA KOTA BANDUNG,20245754,AKTIVASI SISWA,40,ORANG,2021
2935,32,JAWA BARAT,3273,KOTA BANDUNG,3273130,ARCAMANIK,32.73.24,ARCAMANIK,SDN 181 SUKAMISKIN KOTA BANDUNG,20245804,SK SISWA,46,ORANG,2021
2936,32,JAWA BARAT,3273,KOTA BANDUNG,3273130,ARCAMANIK,32.73.24,ARCAMANIK,SDN 181 SUKAMISKIN KOTA BANDUNG,20245804,AKTIVASI SISWA,44,ORANG,2021
2937,32,JAWA BARAT,3273,KOTA BANDUNG,3273130,ARCAMANIK,32.73.24,ARCAMANIK,SDN 198 MEKARJAYA KOTA BANDUNG,20245715,SK SISWA,44,ORANG,2021
2938,32,JAWA BARAT,3273,KOTA BANDUNG,3273130,ARCAMANIK,32.73.24,ARCAMANIK,SDN 198 MEKARJAYA KOTA BANDUNG,20245715,AKTIVASI SISWA,39,ORANG,2021
2939,32,JAWA BARAT,3273,KOTA BANDUNG,3273130,ARCAMANIK,32.73.24,ARCAMANIK,SDN 226 ARCAMANIK ENDAH KOTA BANDUNG,20245448,SK SISWA,15,ORANG,2021
2940,32,JAWA BARAT,3273,KOTA BANDUNG,3273130,ARCAMANIK,32.73.24,ARCAMANIK,SDN 226 ARCAMANIK ENDAH KOTA BANDUNG,20245448,AKTIVASI SISWA,14,ORANG,2021
2941,32,JAWA BARAT,3273,KOTA BANDUNG,3273130,ARCAMANIK,32.73.24,ARCAMANIK,SDN 244 GURUMINDA KOTA BANDUNG,20245585,SK SISWA,54,ORANG,2021
2942,32,JAWA BARAT,3273,KOTA BANDUNG,3273130,ARCAMANIK,32.73.24,ARCAMANIK,SDN 244 GURUMINDA KOTA BANDUNG,20245585,AKTIVASI SISWA,46,ORANG,2021
2943,32,JAWA BARAT,3273,KOTA BANDUNG,3273141,ANTAPANI,32.73.20,ANTAPANI,PKBM BAITUL MUTTAQIN,P9984495,SK SISWA,6,ORANG,2021
2944,32,JAWA BARAT,3273,KOTA BANDUNG,3273141,ANTAPANI,32.73.20,ANTAPANI,PKBM BAITUL MUTTAQIN,P9984495,AKTIVASI SISWA,1,ORANG,2021
2945,32,JAWA BARAT,3273,KOTA BANDUNG,3273141,ANTAPANI,32.73.20,ANTAPANI,PKBM RAHARJA,P2961056,SK SISWA,2,ORANG,2021
2946,32,JAWA BARAT,3273,KOTA BANDUNG,3273141,ANTAPANI,32.73.20,ANTAPANI,PKBM RAHARJA,P2961056,AKTIVASI SISWA,0,ORANG,2021
2947,32,JAWA BARAT,3273,KOTA BANDUNG,3273141,ANTAPANI,32.73.20,ANTAPANI,SD ASY-SYIFA 2,20219580,SK SISWA,13,ORANG,2021
2948,32,JAWA BARAT,3273,KOTA BANDUNG,3273141,ANTAPANI,32.73.20,ANTAPANI,SD ASY-SYIFA 2,20219580,AKTIVASI SISWA,13,ORANG,2021
2949,32,JAWA BARAT,3273,KOTA BANDUNG,3273141,ANTAPANI,32.73.20,ANTAPANI,SD EL FITRA,69948519,SK SISWA,64,ORANG,2021
2950,32,JAWA BARAT,3273,KOTA BANDUNG,3273141,ANTAPANI,32.73.20,ANTAPANI,SD EL FITRA,69948519,AKTIVASI SISWA,60,ORANG,2021
2951,32,JAWA BARAT,3273,KOTA BANDUNG,3273141,ANTAPANI,32.73.20,ANTAPANI,SD ISLAM MUTIARA HATI,20254714,SK SISWA,15,ORANG,2021
2952,32,JAWA BARAT,3273,KOTA BANDUNG,3273141,ANTAPANI,32.73.20,ANTAPANI,SD ISLAM MUTIARA HATI,20254714,AKTIVASI SISWA,12,ORANG,2021
2953,32,JAWA BARAT,3273,KOTA BANDUNG,3273141,ANTAPANI,32.73.20,ANTAPANI,SD MUHAMMADIYAH 7,20219836,SK SISWA,5,ORANG,2021
2954,32,JAWA BARAT,3273,KOTA BANDUNG,3273141,ANTAPANI,32.73.20,ANTAPANI,SD MUHAMMADIYAH 7,20219836,AKTIVASI SISWA,5,ORANG,2021
2955,32,JAWA BARAT,3273,KOTA BANDUNG,3273141,ANTAPANI,32.73.20,ANTAPANI,SDN 078 SINDANGSARI ANTAPANI KOTA BANDUNG,20245441,SK SISWA,100,ORANG,2021
2956,32,JAWA BARAT,3273,KOTA BANDUNG,3273141,ANTAPANI,32.73.20,ANTAPANI,SDN 078 SINDANGSARI ANTAPANI KOTA BANDUNG,20245441,AKTIVASI SISWA,96,ORANG,2021
2957,32,JAWA BARAT,3273,KOTA BANDUNG,3273141,ANTAPANI,32.73.20,ANTAPANI,SDN 209 ANTAPANI KOTA BANDUNG,20245442,SK SISWA,54,ORANG,2021
2958,32,JAWA BARAT,3273,KOTA BANDUNG,3273141,ANTAPANI,32.73.20,ANTAPANI,SDN 209 ANTAPANI KOTA BANDUNG,20245442,AKTIVASI SISWA,47,ORANG,2021
2959,32,JAWA BARAT,3273,KOTA BANDUNG,3273141,ANTAPANI,32.73.20,ANTAPANI,SDN 248 SINDANGSARI KOTA BANDUNG,20245778,SK SISWA,89,ORANG,2021
2960,32,JAWA BARAT,3273,KOTA BANDUNG,3273141,ANTAPANI,32.73.20,ANTAPANI,SDN 248 SINDANGSARI KOTA BANDUNG,20245778,AKTIVASI SISWA,87,ORANG,2021
2961,32,JAWA BARAT,3273,KOTA BANDUNG,3273141,ANTAPANI,32.73.20,ANTAPANI,SDN 254 GRIYA BUMI ANTAPANI KOTA BANDUNG,20245583,SK SISWA,24,ORANG,2021
2962,32,JAWA BARAT,3273,KOTA BANDUNG,3273141,ANTAPANI,32.73.20,ANTAPANI,SDN 254 GRIYA BUMI ANTAPANI KOTA BANDUNG,20245583,AKTIVASI SISWA,20,ORANG,2021
2963,32,JAWA BARAT,3273,KOTA BANDUNG,3273141,ANTAPANI,32.73.20,ANTAPANI,SDN 255 GRIYA BUMI ANTAPANI KOTA BANDUNG,20245575,SK SISWA,55,ORANG,2021
2964,32,JAWA BARAT,3273,KOTA BANDUNG,3273141,ANTAPANI,32.73.20,ANTAPANI,SDN 255 GRIYA BUMI ANTAPANI KOTA BANDUNG,20245575,AKTIVASI SISWA,51,ORANG,2021
2965,32,JAWA BARAT,3273,KOTA BANDUNG,3273141,ANTAPANI,32.73.20,ANTAPANI,SDN 259 GRIYA BUMI ANTAPANI KOTA BANDUNG,20245580,SK SISWA,51,ORANG,2021
2966,32,JAWA BARAT,3273,KOTA BANDUNG,3273141,ANTAPANI,32.73.20,ANTAPANI,SDN 259 GRIYA BUMI ANTAPANI KOTA BANDUNG,20245580,AKTIVASI SISWA,46,ORANG,2021
2967,32,JAWA BARAT,3273,KOTA BANDUNG,3273141,ANTAPANI,32.73.20,ANTAPANI,SDN 260 GRIYA BUMI ANTAPANI KOTA BANDUNG,20245582,SK SISWA,251,ORANG,2021
2968,32,JAWA BARAT,3273,KOTA BANDUNG,3273141,ANTAPANI,32.73.20,ANTAPANI,SDN 260 GRIYA BUMI ANTAPANI KOTA BANDUNG,20245582,AKTIVASI SISWA,237,ORANG,2021
2969,32,JAWA BARAT,3273,KOTA BANDUNG,3273141,ANTAPANI,32.73.20,ANTAPANI,SDN 264 GRIYA BUMI ANTAPANI KOTA BANDUNG,20245577,SK SISWA,25,ORANG,2021
2970,32,JAWA BARAT,3273,KOTA BANDUNG,3273141,ANTAPANI,32.73.20,ANTAPANI,SDN 264 GRIYA BUMI ANTAPANI KOTA BANDUNG,20245577,AKTIVASI SISWA,22,ORANG,2021
2971,32,JAWA BARAT,3273,KOTA BANDUNG,3273141,ANTAPANI,32.73.20,ANTAPANI,SDN 267 GRIYA BUMI ANTAPANI KOTA BANDUNG,20245573,SK SISWA,29,ORANG,2021
2972,32,JAWA BARAT,3273,KOTA BANDUNG,3273141,ANTAPANI,32.73.20,ANTAPANI,SDN 267 GRIYA BUMI ANTAPANI KOTA BANDUNG,20245573,AKTIVASI SISWA,28,ORANG,2021
2973,32,JAWA BARAT,3273,KOTA BANDUNG,3273141,ANTAPANI,32.73.20,ANTAPANI,SDN 269 GRIYA BUMI ANTAPANI KOTA BANDUNG,20245579,SK SISWA,11,ORANG,2021
2974,32,JAWA BARAT,3273,KOTA BANDUNG,3273141,ANTAPANI,32.73.20,ANTAPANI,SDN 269 GRIYA BUMI ANTAPANI KOTA BANDUNG,20245579,AKTIVASI SISWA,10,ORANG,2021
2975,32,JAWA BARAT,3273,KOTA BANDUNG,3273141,ANTAPANI,32.73.20,ANTAPANI,SLB C SUMBER SARI,20219761,SK SISWA,8,ORANG,2021
2976,32,JAWA BARAT,3273,KOTA BANDUNG,3273141,ANTAPANI,32.73.20,ANTAPANI,SLB C SUMBER SARI,20219761,AKTIVASI SISWA,7,ORANG,2021
2977,32,JAWA BARAT,3273,KOTA BANDUNG,3273180,ANDIR,32.73.05,ANDIR,PKBM AL-AMIN,P2960910,SK SISWA,15,ORANG,2021
2978,32,JAWA BARAT,3273,KOTA BANDUNG,3273180,ANDIR,32.73.05,ANDIR,PKBM AL-AMIN,P2960910,AKTIVASI SISWA,0,ORANG,2021
2979,32,JAWA BARAT,3273,KOTA BANDUNG,3273180,ANDIR,32.73.05,ANDIR,SD ADVENT CIMINDI,20219531,SK SISWA,32,ORANG,2021
2980,32,JAWA BARAT,3273,KOTA BANDUNG,3273180,ANDIR,32.73.05,ANDIR,SD ADVENT CIMINDI,20219531,AKTIVASI SISWA,31,ORANG,2021
2981,32,JAWA BARAT,3273,KOTA BANDUNG,3273180,ANDIR,32.73.05,ANDIR,SD BALA KESELAMATAN,20219585,SK SISWA,13,ORANG,2021
2982,32,JAWA BARAT,3273,KOTA BANDUNG,3273180,ANDIR,32.73.05,ANDIR,SD BALA KESELAMATAN,20219585,AKTIVASI SISWA,10,ORANG,2021
2983,32,JAWA BARAT,3273,KOTA BANDUNG,3273180,ANDIR,32.73.05,ANDIR,SD BPMD TARUNA,20219535,SK SISWA,57,ORANG,2021
2984,32,JAWA BARAT,3273,KOTA BANDUNG,3273180,ANDIR,32.73.05,ANDIR,SD BPMD TARUNA,20219535,AKTIVASI SISWA,53,ORANG,2021
2985,32,JAWA BARAT,3273,KOTA BANDUNG,3273180,ANDIR,32.73.05,ANDIR,SD LPPN,20219837,SK SISWA,30,ORANG,2021
2986,32,JAWA BARAT,3273,KOTA BANDUNG,3273180,ANDIR,32.73.05,ANDIR,SD LPPN,20219837,AKTIVASI SISWA,12,ORANG,2021
2987,32,JAWA BARAT,3273,KOTA BANDUNG,3273180,ANDIR,32.73.05,ANDIR,SD MALEBER BARAT,20219846,SK SISWA,26,ORANG,2021
2988,32,JAWA BARAT,3273,KOTA BANDUNG,3273180,ANDIR,32.73.05,ANDIR,SD MALEBER BARAT,20219846,AKTIVASI SISWA,24,ORANG,2021
2989,32,JAWA BARAT,3273,KOTA BANDUNG,3273180,ANDIR,32.73.05,ANDIR,SD MALEBER SELATAN,20219847,SK SISWA,42,ORANG,2021
2990,32,JAWA BARAT,3273,KOTA BANDUNG,3273180,ANDIR,32.73.05,ANDIR,SD MALEBER SELATAN,20219847,AKTIVASI SISWA,37,ORANG,2021
2991,32,JAWA BARAT,3273,KOTA BANDUNG,3273180,ANDIR,32.73.05,ANDIR,SD MALEBER UTARA,20219848,SK SISWA,4,ORANG,2021
2992,32,JAWA BARAT,3273,KOTA BANDUNG,3273180,ANDIR,32.73.05,ANDIR,SD MALEBER UTARA,20219848,AKTIVASI SISWA,4,ORANG,2021
2993,32,JAWA BARAT,3273,KOTA BANDUNG,3273180,ANDIR,32.73.05,ANDIR,SD MARIA BINTANG LAUT,20219857,SK SISWA,4,ORANG,2021
2994,32,JAWA BARAT,3273,KOTA BANDUNG,3273180,ANDIR,32.73.05,ANDIR,SD MARIA BINTANG LAUT,20219857,AKTIVASI SISWA,4,ORANG,2021
2995,32,JAWA BARAT,3273,KOTA BANDUNG,3273180,ANDIR,32.73.05,ANDIR,SD MUTIARA,20219834,SK SISWA,38,ORANG,2021
2996,32,JAWA BARAT,3273,KOTA BANDUNG,3273180,ANDIR,32.73.05,ANDIR,SD MUTIARA,20219834,AKTIVASI SISWA,38,ORANG,2021
2997,32,JAWA BARAT,3273,KOTA BANDUNG,3273180,ANDIR,32.73.05,ANDIR,SD RAJAWALI,20219829,SK SISWA,23,ORANG,2021
2998,32,JAWA BARAT,3273,KOTA BANDUNG,3273180,ANDIR,32.73.05,ANDIR,SD RAJAWALI,20219829,AKTIVASI SISWA,19,ORANG,2021
2999,32,JAWA BARAT,3273,KOTA BANDUNG,3273180,ANDIR,32.73.05,ANDIR,SD WINDU PUTRA,20219907,SK SISWA,4,ORANG,2021
3000,32,JAWA BARAT,3273,KOTA BANDUNG,3273180,ANDIR,32.73.05,ANDIR,SD WINDU PUTRA,20219907,AKTIVASI SISWA,2,ORANG,2021
3001,32,JAWA BARAT,3273,KOTA BANDUNG,3273180,ANDIR,32.73.05,ANDIR,SD YWKA REL HOMY SCHOOL,20219901,SK SISWA,1,ORANG,2021
3002,32,JAWA BARAT,3273,KOTA BANDUNG,3273180,ANDIR,32.73.05,ANDIR,SD YWKA REL HOMY SCHOOL,20219901,AKTIVASI SISWA,0,ORANG,2021
3003,32,JAWA BARAT,3273,KOTA BANDUNG,3273180,ANDIR,32.73.05,ANDIR,SDN 002 KARANGMULYA KOTA BANDUNG,20245212,SK SISWA,208,ORANG,2021
3004,32,JAWA BARAT,3273,KOTA BANDUNG,3273180,ANDIR,32.73.05,ANDIR,SDN 002 KARANGMULYA KOTA BANDUNG,20245212,AKTIVASI SISWA,201,ORANG,2021
3005,32,JAWA BARAT,3273,KOTA BANDUNG,3273180,ANDIR,32.73.05,ANDIR,SDN 049 DURMAN KOTA BANDUNG,20245193,SK SISWA,24,ORANG,2021
3006,32,JAWA BARAT,3273,KOTA BANDUNG,3273180,ANDIR,32.73.05,ANDIR,SDN 049 DURMAN KOTA BANDUNG,20245193,AKTIVASI SISWA,22,ORANG,2021
3007,32,JAWA BARAT,3273,KOTA BANDUNG,3273180,ANDIR,32.73.05,ANDIR,SDN 056 GARUDA DADALI KOTA BANDUNG,20245196,SK SISWA,99,ORANG,2021
3008,32,JAWA BARAT,3273,KOTA BANDUNG,3273180,ANDIR,32.73.05,ANDIR,SDN 056 GARUDA DADALI KOTA BANDUNG,20245196,AKTIVASI SISWA,96,ORANG,2021
3009,32,JAWA BARAT,3273,KOTA BANDUNG,3273180,ANDIR,32.73.05,ANDIR,SDN 091 CIBEUREUM KOTA BANDUNG,20245129,SK SISWA,131,ORANG,2021
3010,32,JAWA BARAT,3273,KOTA BANDUNG,3273180,ANDIR,32.73.05,ANDIR,SDN 091 CIBEUREUM KOTA BANDUNG,20245129,AKTIVASI SISWA,127,ORANG,2021
3011,32,JAWA BARAT,3273,KOTA BANDUNG,3273180,ANDIR,32.73.05,ANDIR,SDN 098 CIROYOM KOTA BANDUNG,20245141,SK SISWA,82,ORANG,2021
3012,32,JAWA BARAT,3273,KOTA BANDUNG,3273180,ANDIR,32.73.05,ANDIR,SDN 098 CIROYOM KOTA BANDUNG,20245141,AKTIVASI SISWA,62,ORANG,2021
3013,32,JAWA BARAT,3273,KOTA BANDUNG,3273180,ANDIR,32.73.05,ANDIR,SDN 197 KARANG TARUNA KARANGSARI KOTA BANDUNG,20245215,SK SISWA,375,ORANG,2021
3014,32,JAWA BARAT,3273,KOTA BANDUNG,3273180,ANDIR,32.73.05,ANDIR,SDN 197 KARANG TARUNA KARANGSARI KOTA BANDUNG,20245215,AKTIVASI SISWA,372,ORANG,2021
3015,32,JAWA BARAT,3273,KOTA BANDUNG,3273180,ANDIR,32.73.05,ANDIR,SLB WIDI ASIH,20217941,SK SISWA,1,ORANG,2021
3016,32,JAWA BARAT,3273,KOTA BANDUNG,3273180,ANDIR,32.73.05,ANDIR,SLB WIDI ASIH,20217941,AKTIVASI SISWA,1,ORANG,2021
3017,32,JAWA BARAT,3273,KOTA BANDUNG,3273121,CINAMBO,32.73.29,CINAMBO,SDN 052 CISARANTEN WETAN GEDEBAGE KOTA BANDUNG,20245534,SK SISWA,391,ORANG,2022
3018,32,JAWA BARAT,3273,KOTA BANDUNG,3273121,CINAMBO,32.73.29,CINAMBO,SDN 052 CISARANTEN WETAN GEDEBAGE KOTA BANDUNG,20245534,AKTIVASI SISWA,373,ORANG,2022
3019,32,JAWA BARAT,3273,KOTA BANDUNG,3273121,CINAMBO,32.73.29,CINAMBO,SDN 172 ANDIR KIDUL KOTA BANDUNG,20245439,SK SISWA,43,ORANG,2022
3020,32,JAWA BARAT,3273,KOTA BANDUNG,3273121,CINAMBO,32.73.29,CINAMBO,SDN 172 ANDIR KIDUL KOTA BANDUNG,20245439,AKTIVASI SISWA,39,ORANG,2022
3021,32,JAWA BARAT,3273,KOTA BANDUNG,3273121,CINAMBO,32.73.29,CINAMBO,SLB PANCARAN IMAN,20255797,SK SISWA,5,ORANG,2022
3022,32,JAWA BARAT,3273,KOTA BANDUNG,3273121,CINAMBO,32.73.29,CINAMBO,SLB PANCARAN IMAN,20255797,AKTIVASI SISWA,4,ORANG,2022
3023,32,JAWA BARAT,3273,KOTA BANDUNG,3273101,GEDEBAGE,32.73.27,GEDEBAGE,SD ISLAM AL-MUIZZ,69989950,SK SISWA,37,ORANG,2022
3024,32,JAWA BARAT,3273,KOTA BANDUNG,3273101,GEDEBAGE,32.73.27,GEDEBAGE,SD ISLAM AL-MUIZZ,69989950,AKTIVASI SISWA,34,ORANG,2022
3025,32,JAWA BARAT,3273,KOTA BANDUNG,3273101,GEDEBAGE,32.73.27,GEDEBAGE,SDN 086 CIMINCRANG KOTA BANDUNG,20245497,SK SISWA,78,ORANG,2022
3026,32,JAWA BARAT,3273,KOTA BANDUNG,3273101,GEDEBAGE,32.73.27,GEDEBAGE,SDN 086 CIMINCRANG KOTA BANDUNG,20245497,AKTIVASI SISWA,75,ORANG,2022
3027,32,JAWA BARAT,3273,KOTA BANDUNG,3273101,GEDEBAGE,32.73.27,GEDEBAGE,SDN 190 CISARANTEN KIDUL KOTA BANDUNG,20245505,SK SISWA,358,ORANG,2022
3028,32,JAWA BARAT,3273,KOTA BANDUNG,3273101,GEDEBAGE,32.73.27,GEDEBAGE,SDN 190 CISARANTEN KIDUL KOTA BANDUNG,20245505,AKTIVASI SISWA,332,ORANG,2022
3029,32,JAWA BARAT,3273,KOTA BANDUNG,3273101,GEDEBAGE,32.73.27,GEDEBAGE,SDN 215 RANCASAGATAN KOTA BANDUNG,20245759,SK SISWA,34,ORANG,2022
3030,32,JAWA BARAT,3273,KOTA BANDUNG,3273101,GEDEBAGE,32.73.27,GEDEBAGE,SDN 215 RANCASAGATAN KOTA BANDUNG,20245759,AKTIVASI SISWA,34,ORANG,2022
3031,32,JAWA BARAT,3273,KOTA BANDUNG,3273101,GEDEBAGE,32.73.27,GEDEBAGE,SDN 216 SONDARIAH KOTA BANDUNG,20245780,SK SISWA,73,ORANG,2022
3032,32,JAWA BARAT,3273,KOTA BANDUNG,3273101,GEDEBAGE,32.73.27,GEDEBAGE,SDN 216 SONDARIAH KOTA BANDUNG,20245780,AKTIVASI SISWA,71,ORANG,2022
3033,32,JAWA BARAT,3273,KOTA BANDUNG,3273101,GEDEBAGE,32.73.27,GEDEBAGE,SDN 274 CEMPAKA ARUM KOTA BANDUNG,20245486,SK SISWA,218,ORANG,2022
3034,32,JAWA BARAT,3273,KOTA BANDUNG,3273101,GEDEBAGE,32.73.27,GEDEBAGE,SDN 274 CEMPAKA ARUM KOTA BANDUNG,20245486,AKTIVASI SISWA,212,ORANG,2022
3035,32,JAWA BARAT,3273,KOTA BANDUNG,3273230,COBLONG,32.73.02,COBLONG,SD ADVENT II BANDUNG,20258082,SK SISWA,2,ORANG,2022
3036,32,JAWA BARAT,3273,KOTA BANDUNG,3273230,COBLONG,32.73.02,COBLONG,SD ADVENT II BANDUNG,20258082,AKTIVASI SISWA,2,ORANG,2022
3037,32,JAWA BARAT,3273,KOTA BANDUNG,3273230,COBLONG,32.73.02,COBLONG,SD AL FALAH,20219526,SK SISWA,76,ORANG,2022
3038,32,JAWA BARAT,3273,KOTA BANDUNG,3273230,COBLONG,32.73.02,COBLONG,SD AL FALAH,20219526,AKTIVASI SISWA,70,ORANG,2022
3039,32,JAWA BARAT,3273,KOTA BANDUNG,3273230,COBLONG,32.73.02,COBLONG,SD AL-AMIN,20219529,SK SISWA,35,ORANG,2022
3040,32,JAWA BARAT,3273,KOTA BANDUNG,3273230,COBLONG,32.73.02,COBLONG,SD AL-AMIN,20219529,AKTIVASI SISWA,35,ORANG,2022
3041,32,JAWA BARAT,3273,KOTA BANDUNG,3273230,COBLONG,32.73.02,COBLONG,SD ALAM BANDUNG,20269424,SK SISWA,68,ORANG,2022
3042,32,JAWA BARAT,3273,KOTA BANDUNG,3273230,COBLONG,32.73.02,COBLONG,SD ALAM BANDUNG,20269424,AKTIVASI SISWA,68,ORANG,2022
3043,32,JAWA BARAT,3273,KOTA BANDUNG,3273230,COBLONG,32.73.02,COBLONG,SD AR-RAHMAN DARUL ILMI,69934958,SK SISWA,64,ORANG,2022
3044,32,JAWA BARAT,3273,KOTA BANDUNG,3273230,COBLONG,32.73.02,COBLONG,SD AR-RAHMAN DARUL ILMI,69934958,AKTIVASI SISWA,64,ORANG,2022
3045,32,JAWA BARAT,3273,KOTA BANDUNG,3273230,COBLONG,32.73.02,COBLONG,SD DARUL HIKAM,20219597,SK SISWA,144,ORANG,2022
3046,32,JAWA BARAT,3273,KOTA BANDUNG,3273230,COBLONG,32.73.02,COBLONG,SD DARUL HIKAM,20219597,AKTIVASI SISWA,101,ORANG,2022
3047,32,JAWA BARAT,3273,KOTA BANDUNG,3273230,COBLONG,32.73.02,COBLONG,SD SALMAN AL FARISI,20253819,SK SISWA,49,ORANG,2022
3048,32,JAWA BARAT,3273,KOTA BANDUNG,3273230,COBLONG,32.73.02,COBLONG,SD SALMAN AL FARISI,20253819,AKTIVASI SISWA,0,ORANG,2022
3049,32,JAWA BARAT,3273,KOTA BANDUNG,3273230,COBLONG,32.73.02,COBLONG,SDN 007 CIPAGANTI KOTA BANDUNG,20245525,SK SISWA,170,ORANG,2022
3050,32,JAWA BARAT,3273,KOTA BANDUNG,3273230,COBLONG,32.73.02,COBLONG,SDN 007 CIPAGANTI KOTA BANDUNG,20245525,AKTIVASI SISWA,165,ORANG,2022
3051,32,JAWA BARAT,3273,KOTA BANDUNG,3273230,COBLONG,32.73.02,COBLONG,SDN 024 COBLONG KOTA BANDUNG,20245546,SK SISWA,170,ORANG,2022
3052,32,JAWA BARAT,3273,KOTA BANDUNG,3273230,COBLONG,32.73.02,COBLONG,SDN 024 COBLONG KOTA BANDUNG,20245546,AKTIVASI SISWA,170,ORANG,2022
3053,32,JAWA BARAT,3273,KOTA BANDUNG,3273230,COBLONG,32.73.02,COBLONG,SDN 031 PELESIRAN KOTA BANDUNG,20245749,SK SISWA,50,ORANG,2022
3054,32,JAWA BARAT,3273,KOTA BANDUNG,3273230,COBLONG,32.73.02,COBLONG,SDN 031 PELESIRAN KOTA BANDUNG,20245749,AKTIVASI SISWA,47,ORANG,2022
3055,32,JAWA BARAT,3273,KOTA BANDUNG,3273230,COBLONG,32.73.02,COBLONG,SDN 032 TILIL KOTA BANDUNG,20245822,SK SISWA,215,ORANG,2022
3056,32,JAWA BARAT,3273,KOTA BANDUNG,3273230,COBLONG,32.73.02,COBLONG,SDN 032 TILIL KOTA BANDUNG,20245822,AKTIVASI SISWA,210,ORANG,2022
3057,32,JAWA BARAT,3273,KOTA BANDUNG,3273230,COBLONG,32.73.02,COBLONG,SDN 053 CISITU KOTA BANDUNG,20245537,SK SISWA,297,ORANG,2022
3058,32,JAWA BARAT,3273,KOTA BANDUNG,3273230,COBLONG,32.73.02,COBLONG,SDN 053 CISITU KOTA BANDUNG,20245537,AKTIVASI SISWA,295,ORANG,2022
3059,32,JAWA BARAT,3273,KOTA BANDUNG,3273230,COBLONG,32.73.02,COBLONG,SDN 054 TIKUKUR KOTA BANDUNG,20245817,SK SISWA,286,ORANG,2022
3060,32,JAWA BARAT,3273,KOTA BANDUNG,3273230,COBLONG,32.73.02,COBLONG,SDN 054 TIKUKUR KOTA BANDUNG,20245817,AKTIVASI SISWA,281,ORANG,2022
3061,32,JAWA BARAT,3273,KOTA BANDUNG,3273230,COBLONG,32.73.02,COBLONG,SDN 065 CIHAMPELAS KOTA BANDUNG,20245514,SK SISWA,312,ORANG,2022
3062,32,JAWA BARAT,3273,KOTA BANDUNG,3273230,COBLONG,32.73.02,COBLONG,SDN 065 CIHAMPELAS KOTA BANDUNG,20245514,AKTIVASI SISWA,307,ORANG,2022
3063,32,JAWA BARAT,3273,KOTA BANDUNG,3273230,COBLONG,32.73.02,COBLONG,SDN 103 COBLONG KOTA BANDUNG,20245549,SK SISWA,244,ORANG,2022
3064,32,JAWA BARAT,3273,KOTA BANDUNG,3273230,COBLONG,32.73.02,COBLONG,SDN 103 COBLONG KOTA BANDUNG,20245549,AKTIVASI SISWA,244,ORANG,2022
3065,32,JAWA BARAT,3273,KOTA BANDUNG,3273230,COBLONG,32.73.02,COBLONG,SDN 104 LANGENSARI SENANGGALIH KOTA BANDUNG,20245710,SK SISWA,257,ORANG,2022
3066,32,JAWA BARAT,3273,KOTA BANDUNG,3273230,COBLONG,32.73.02,COBLONG,SDN 104 LANGENSARI SENANGGALIH KOTA BANDUNG,20245710,AKTIVASI SISWA,255,ORANG,2022
3067,32,JAWA BARAT,3273,KOTA BANDUNG,3273230,COBLONG,32.73.02,COBLONG,SDN 127 SEKELOA KOTA BANDUNG,20245765,SK SISWA,146,ORANG,2022
3068,32,JAWA BARAT,3273,KOTA BANDUNG,3273230,COBLONG,32.73.02,COBLONG,SDN 127 SEKELOA KOTA BANDUNG,20245765,AKTIVASI SISWA,146,ORANG,2022
3069,32,JAWA BARAT,3273,KOTA BANDUNG,3273230,COBLONG,32.73.02,COBLONG,SDN 128 HAURPANCUH KOTA BANDUNG,20245587,SK SISWA,301,ORANG,2022
3070,32,JAWA BARAT,3273,KOTA BANDUNG,3273230,COBLONG,32.73.02,COBLONG,SDN 128 HAURPANCUH KOTA BANDUNG,20245587,AKTIVASI SISWA,301,ORANG,2022
3071,32,JAWA BARAT,3273,KOTA BANDUNG,3273230,COBLONG,32.73.02,COBLONG,SDN 173 NEGLASARI KOTA BANDUNG,20245717,SK SISWA,83,ORANG,2022
3072,32,JAWA BARAT,3273,KOTA BANDUNG,3273230,COBLONG,32.73.02,COBLONG,SDN 173 NEGLASARI KOTA BANDUNG,20245717,AKTIVASI SISWA,81,ORANG,2022
3073,32,JAWA BARAT,3273,KOTA BANDUNG,3273230,COBLONG,32.73.02,COBLONG,SDN 189 NEGLASARI KOTA BANDUNG,20245718,SK SISWA,64,ORANG,2022
3074,32,JAWA BARAT,3273,KOTA BANDUNG,3273230,COBLONG,32.73.02,COBLONG,SDN 189 NEGLASARI KOTA BANDUNG,20245718,AKTIVASI SISWA,63,ORANG,2022
3075,32,JAWA BARAT,3273,KOTA BANDUNG,3273230,COBLONG,32.73.02,COBLONG,SDN 205 NEGLASARI KOTA BANDUNG,20245720,SK SISWA,124,ORANG,2022
3076,32,JAWA BARAT,3273,KOTA BANDUNG,3273230,COBLONG,32.73.02,COBLONG,SDN 205 NEGLASARI KOTA BANDUNG,20245720,AKTIVASI SISWA,119,ORANG,2022
3077,32,JAWA BARAT,3273,KOTA BANDUNG,3273230,COBLONG,32.73.02,COBLONG,SLB C ASIH MANUNGGAL,20219859,SK SISWA,2,ORANG,2022
3078,32,JAWA BARAT,3273,KOTA BANDUNG,3273230,COBLONG,32.73.02,COBLONG,SLB C ASIH MANUNGGAL,20219859,AKTIVASI SISWA,2,ORANG,2022
3079,32,JAWA BARAT,3273,KOTA BANDUNG,3273230,COBLONG,32.73.02,COBLONG,SLB C YAYASAN TERATE,20219747,SK SISWA,8,ORANG,2022
3080,32,JAWA BARAT,3273,KOTA BANDUNG,3273230,COBLONG,32.73.02,COBLONG,SLB C YAYASAN TERATE,20219747,AKTIVASI SISWA,8,ORANG,2022
3081,32,JAWA BARAT,3273,KOTA BANDUNG,3273230,COBLONG,32.73.02,COBLONG,SPLB C YPLB,20219746,SK SISWA,1,ORANG,2022
3082,32,JAWA BARAT,3273,KOTA BANDUNG,3273230,COBLONG,32.73.02,COBLONG,SPLB C YPLB,20219746,AKTIVASI SISWA,1,ORANG,2022
3083,32,JAWA BARAT,3273,KOTA BANDUNG,3273150,KIARACONDONG,32.73.16,KIARACONDONG,SD IGNATIUS SLAMET RIYADI 2,20219608,SK SISWA,5,ORANG,2022
3084,32,JAWA BARAT,3273,KOTA BANDUNG,3273150,KIARACONDONG,32.73.16,KIARACONDONG,SD IGNATIUS SLAMET RIYADI 2,20219608,AKTIVASI SISWA,5,ORANG,2022
3085,32,JAWA BARAT,3273,KOTA BANDUNG,3273150,KIARACONDONG,32.73.16,KIARACONDONG,SD MUHAMMADIYAH 2,20219853,SK SISWA,7,ORANG,2022
3086,32,JAWA BARAT,3273,KOTA BANDUNG,3273150,KIARACONDONG,32.73.16,KIARACONDONG,SD MUHAMMADIYAH 2,20219853,AKTIVASI SISWA,7,ORANG,2022
3087,32,JAWA BARAT,3273,KOTA BANDUNG,3273150,KIARACONDONG,32.73.16,KIARACONDONG,SDN 017 SEKEJATI KOTA BANDUNG,20245760,SK SISWA,23,ORANG,2022
3088,32,JAWA BARAT,3273,KOTA BANDUNG,3273150,KIARACONDONG,32.73.16,KIARACONDONG,SDN 017 SEKEJATI KOTA BANDUNG,20245760,AKTIVASI SISWA,23,ORANG,2022
3089,32,JAWA BARAT,3273,KOTA BANDUNG,3273150,KIARACONDONG,32.73.16,KIARACONDONG,SDN 038 KIARACONDONG KOTA BANDUNG,20245701,SK SISWA,58,ORANG,2022
3090,32,JAWA BARAT,3273,KOTA BANDUNG,3273150,KIARACONDONG,32.73.16,KIARACONDONG,SDN 038 KIARACONDONG KOTA BANDUNG,20245701,AKTIVASI SISWA,58,ORANG,2022
3091,32,JAWA BARAT,3273,KOTA BANDUNG,3273150,KIARACONDONG,32.73.16,KIARACONDONG,SDN 083 BABAKAN SURABAYA KOTA BANDUNG,20245470,SK SISWA,14,ORANG,2022
3092,32,JAWA BARAT,3273,KOTA BANDUNG,3273150,KIARACONDONG,32.73.16,KIARACONDONG,SDN 083 BABAKAN SURABAYA KOTA BANDUNG,20245470,AKTIVASI SISWA,14,ORANG,2022
3093,32,JAWA BARAT,3273,KOTA BANDUNG,3273150,KIARACONDONG,32.73.16,KIARACONDONG,SDN 111 PINDAD KOTA BANDUNG,20245751,SK SISWA,33,ORANG,2022
3094,32,JAWA BARAT,3273,KOTA BANDUNG,3273150,KIARACONDONG,32.73.16,KIARACONDONG,SDN 111 PINDAD KOTA BANDUNG,20245751,AKTIVASI SISWA,33,ORANG,2022
3095,32,JAWA BARAT,3273,KOTA BANDUNG,3273150,KIARACONDONG,32.73.16,KIARACONDONG,SDN 116 CICAHEUM KOTA BANDUNG,20245512,SK SISWA,21,ORANG,2022
3096,32,JAWA BARAT,3273,KOTA BANDUNG,3273150,KIARACONDONG,32.73.16,KIARACONDONG,SDN 116 CICAHEUM KOTA BANDUNG,20245512,AKTIVASI SISWA,20,ORANG,2022
3097,32,JAWA BARAT,3273,KOTA BANDUNG,3273150,KIARACONDONG,32.73.16,KIARACONDONG,SDN 158 BABAKAN SARI BABAKAN SURABAYA KOTA BANDUNG,20245452,SK SISWA,14,ORANG,2022
3098,32,JAWA BARAT,3273,KOTA BANDUNG,3273150,KIARACONDONG,32.73.16,KIARACONDONG,SDN 158 BABAKAN SARI BABAKAN SURABAYA KOTA BANDUNG,20245452,AKTIVASI SISWA,14,ORANG,2022
3099,32,JAWA BARAT,3273,KOTA BANDUNG,3273150,KIARACONDONG,32.73.16,KIARACONDONG,SDN 159 SEKEJATI KOTA BANDUNG,20245762,SK SISWA,51,ORANG,2022
3100,32,JAWA BARAT,3273,KOTA BANDUNG,3273150,KIARACONDONG,32.73.16,KIARACONDONG,SDN 159 SEKEJATI KOTA BANDUNG,20245762,AKTIVASI SISWA,51,ORANG,2022
3101,32,JAWA BARAT,3273,KOTA BANDUNG,3273150,KIARACONDONG,32.73.16,KIARACONDONG,SDN 160 SUKALAKSANA KOTA BANDUNG,20245797,SK SISWA,44,ORANG,2022
3102,32,JAWA BARAT,3273,KOTA BANDUNG,3273150,KIARACONDONG,32.73.16,KIARACONDONG,SDN 160 SUKALAKSANA KOTA BANDUNG,20245797,AKTIVASI SISWA,44,ORANG,2022
3103,32,JAWA BARAT,3273,KOTA BANDUNG,3273150,KIARACONDONG,32.73.16,KIARACONDONG,SDN 161 SUKAPURA KOTA BANDUNG,20245805,SK SISWA,30,ORANG,2022
3104,32,JAWA BARAT,3273,KOTA BANDUNG,3273150,KIARACONDONG,32.73.16,KIARACONDONG,SDN 161 SUKAPURA KOTA BANDUNG,20245805,AKTIVASI SISWA,30,ORANG,2022
3105,32,JAWA BARAT,3273,KOTA BANDUNG,3273150,KIARACONDONG,32.73.16,KIARACONDONG,SDN 162 WARUNGJAMBU KIARACONDONG KOTA BANDUNG,20245836,SK SISWA,39,ORANG,2022
3106,32,JAWA BARAT,3273,KOTA BANDUNG,3273150,KIARACONDONG,32.73.16,KIARACONDONG,SDN 162 WARUNGJAMBU KIARACONDONG KOTA BANDUNG,20245836,AKTIVASI SISWA,39,ORANG,2022
3107,32,JAWA BARAT,3273,KOTA BANDUNG,3273150,KIARACONDONG,32.73.16,KIARACONDONG,SDN 191 BABAKAN SURABAYA KOTA BANDUNG,20245464,SK SISWA,37,ORANG,2022
3108,32,JAWA BARAT,3273,KOTA BANDUNG,3273150,KIARACONDONG,32.73.16,KIARACONDONG,SDN 191 BABAKAN SURABAYA KOTA BANDUNG,20245464,AKTIVASI SISWA,37,ORANG,2022
3109,32,JAWA BARAT,3273,KOTA BANDUNG,3273150,KIARACONDONG,32.73.16,KIARACONDONG,SDN 210 BABAKAN SINYAR KOTA BANDUNG,20245460,SK SISWA,70,ORANG,2022
3110,32,JAWA BARAT,3273,KOTA BANDUNG,3273150,KIARACONDONG,32.73.16,KIARACONDONG,SDN 210 BABAKAN SINYAR KOTA BANDUNG,20245460,AKTIVASI SISWA,70,ORANG,2022
3111,32,JAWA BARAT,3273,KOTA BANDUNG,3273150,KIARACONDONG,32.73.16,KIARACONDONG,SDN 221 BABAKAN SENTRAL KOTA BANDUNG,20245455,SK SISWA,46,ORANG,2022
3112,32,JAWA BARAT,3273,KOTA BANDUNG,3273150,KIARACONDONG,32.73.16,KIARACONDONG,SDN 221 BABAKAN SENTRAL KOTA BANDUNG,20245455,AKTIVASI SISWA,46,ORANG,2022
3113,32,JAWA BARAT,3273,KOTA BANDUNG,3273150,KIARACONDONG,32.73.16,KIARACONDONG,SLB C SUKAPURA,20219811,SK SISWA,7,ORANG,2022
3114,32,JAWA BARAT,3273,KOTA BANDUNG,3273150,KIARACONDONG,32.73.16,KIARACONDONG,SLB C SUKAPURA,20219811,AKTIVASI SISWA,7,ORANG,2022
3115,32,JAWA BARAT,3273,KOTA BANDUNG,3273150,KIARACONDONG,32.73.16,KIARACONDONG,SLBN SUKAPURA,20219863,SK SISWA,14,ORANG,2022
3116,32,JAWA BARAT,3273,KOTA BANDUNG,3273150,KIARACONDONG,32.73.16,KIARACONDONG,SLBN SUKAPURA,20219863,AKTIVASI SISWA,14,ORANG,2022
3117,32,JAWA BARAT,3273,KOTA BANDUNG,3273260,CIDADAP,32.73.08,CIDADAP,SD ADZKIA,69932122,SK SISWA,56,ORANG,2022
3118,32,JAWA BARAT,3273,KOTA BANDUNG,3273260,CIDADAP,32.73.08,CIDADAP,SD ADZKIA,69932122,AKTIVASI SISWA,54,ORANG,2022
3119,32,JAWA BARAT,3273,KOTA BANDUNG,3273260,CIDADAP,32.73.08,CIDADAP,SD AL HUSAINIYYAH,20219544,SK SISWA,59,ORANG,2022
3120,32,JAWA BARAT,3273,KOTA BANDUNG,3273260,CIDADAP,32.73.08,CIDADAP,SD AL HUSAINIYYAH,20219544,AKTIVASI SISWA,55,ORANG,2022
3121,32,JAWA BARAT,3273,KOTA BANDUNG,3273260,CIDADAP,32.73.08,CIDADAP,SD AL- HIDAYAH,20252052,SK SISWA,52,ORANG,2022
3122,32,JAWA BARAT,3273,KOTA BANDUNG,3273260,CIDADAP,32.73.08,CIDADAP,SD AL- HIDAYAH,20252052,AKTIVASI SISWA,52,ORANG,2022
3123,32,JAWA BARAT,3273,KOTA BANDUNG,3273260,CIDADAP,32.73.08,CIDADAP,SD MUHAMMADIYAH 6,20219849,SK SISWA,22,ORANG,2022
3124,32,JAWA BARAT,3273,KOTA BANDUNG,3273260,CIDADAP,32.73.08,CIDADAP,SD MUHAMMADIYAH 6,20219849,AKTIVASI SISWA,22,ORANG,2022
3125,32,JAWA BARAT,3273,KOTA BANDUNG,3273260,CIDADAP,32.73.08,CIDADAP,SD SURUUR,20219887,SK SISWA,159,ORANG,2022
3126,32,JAWA BARAT,3273,KOTA BANDUNG,3273260,CIDADAP,32.73.08,CIDADAP,SD SURUUR,20219887,AKTIVASI SISWA,158,ORANG,2022
3127,32,JAWA BARAT,3273,KOTA BANDUNG,3273260,CIDADAP,32.73.08,CIDADAP,SDN 010 CIDADAP KOTA BANDUNG,20245138,SK SISWA,35,ORANG,2022
3128,32,JAWA BARAT,3273,KOTA BANDUNG,3273260,CIDADAP,32.73.08,CIDADAP,SDN 010 CIDADAP KOTA BANDUNG,20245138,AKTIVASI SISWA,30,ORANG,2022
3129,32,JAWA BARAT,3273,KOTA BANDUNG,3273260,CIDADAP,32.73.08,CIDADAP,SDN 030 CIRATEUN KOTA BANDUNG,20245140,SK SISWA,116,ORANG,2022
3130,32,JAWA BARAT,3273,KOTA BANDUNG,3273260,CIDADAP,32.73.08,CIDADAP,SDN 030 CIRATEUN KOTA BANDUNG,20245140,AKTIVASI SISWA,116,ORANG,2022
3131,32,JAWA BARAT,3273,KOTA BANDUNG,3273260,CIDADAP,32.73.08,CIDADAP,SDN 085 CIUMBULEUIT KOTA BANDUNG,20245142,SK SISWA,190,ORANG,2022
3132,32,JAWA BARAT,3273,KOTA BANDUNG,3273260,CIDADAP,32.73.08,CIDADAP,SDN 085 CIUMBULEUIT KOTA BANDUNG,20245142,AKTIVASI SISWA,185,ORANG,2022
3133,32,JAWA BARAT,3273,KOTA BANDUNG,3273260,CIDADAP,32.73.08,CIDADAP,SDN 108 CIUMBULEUIT KOTA BANDUNG,20245144,SK SISWA,20,ORANG,2022
3134,32,JAWA BARAT,3273,KOTA BANDUNG,3273260,CIDADAP,32.73.08,CIDADAP,SDN 108 CIUMBULEUIT KOTA BANDUNG,20245144,AKTIVASI SISWA,19,ORANG,2022
3135,32,JAWA BARAT,3273,KOTA BANDUNG,3273260,CIDADAP,32.73.08,CIDADAP,SDN 134 PANORAMA KOTA BANDUNG,20245244,SK SISWA,133,ORANG,2022
3136,32,JAWA BARAT,3273,KOTA BANDUNG,3273260,CIDADAP,32.73.08,CIDADAP,SDN 134 PANORAMA KOTA BANDUNG,20245244,AKTIVASI SISWA,129,ORANG,2022
3137,32,JAWA BARAT,3273,KOTA BANDUNG,3273260,CIDADAP,32.73.08,CIDADAP,SDN 188 BANDUNG BARU KOTA BANDUNG,20245106,SK SISWA,237,ORANG,2022
3138,32,JAWA BARAT,3273,KOTA BANDUNG,3273260,CIDADAP,32.73.08,CIDADAP,SDN 188 BANDUNG BARU KOTA BANDUNG,20245106,AKTIVASI SISWA,233,ORANG,2022
3139,32,JAWA BARAT,3273,KOTA BANDUNG,3273260,CIDADAP,32.73.08,CIDADAP,SDN 204 CIDADAP KOTA BANDUNG,20245139,SK SISWA,109,ORANG,2022
3140,32,JAWA BARAT,3273,KOTA BANDUNG,3273260,CIDADAP,32.73.08,CIDADAP,SDN 204 CIDADAP KOTA BANDUNG,20245139,AKTIVASI SISWA,109,ORANG,2022
3141,32,JAWA BARAT,3273,KOTA BANDUNG,3273110,CIBIRU,32.73.25,CIBIRU,SD INTAN AL-SALI,69952860,SK SISWA,9,ORANG,2022
3142,32,JAWA BARAT,3273,KOTA BANDUNG,3273110,CIBIRU,32.73.25,CIBIRU,SD INTAN AL-SALI,69952860,AKTIVASI SISWA,9,ORANG,2022
3143,32,JAWA BARAT,3273,KOTA BANDUNG,3273110,CIBIRU,32.73.25,CIBIRU,SD IT INSAN CERMAT,70008908,SK SISWA,20,ORANG,2022
3144,32,JAWA BARAT,3273,KOTA BANDUNG,3273110,CIBIRU,32.73.25,CIBIRU,SD IT INSAN CERMAT,70008908,AKTIVASI SISWA,14,ORANG,2022
3145,32,JAWA BARAT,3273,KOTA BANDUNG,3273110,CIBIRU,32.73.25,CIBIRU,SDN 029 CILENGKRANG KOTA BANDUNG,20245494,SK SISWA,318,ORANG,2022
3146,32,JAWA BARAT,3273,KOTA BANDUNG,3273110,CIBIRU,32.73.25,CIBIRU,SDN 029 CILENGKRANG KOTA BANDUNG,20245494,AKTIVASI SISWA,314,ORANG,2022
3147,32,JAWA BARAT,3273,KOTA BANDUNG,3273110,CIBIRU,32.73.25,CIBIRU,SDN 050 CIBIRU KOTA BANDUNG,20245488,SK SISWA,278,ORANG,2022
3148,32,JAWA BARAT,3273,KOTA BANDUNG,3273110,CIBIRU,32.73.25,CIBIRU,SDN 050 CIBIRU KOTA BANDUNG,20245488,AKTIVASI SISWA,271,ORANG,2022
3149,32,JAWA BARAT,3273,KOTA BANDUNG,3273110,CIBIRU,32.73.25,CIBIRU,SDN 090 CIBIRU KOTA BANDUNG,20245487,SK SISWA,254,ORANG,2022
3150,32,JAWA BARAT,3273,KOTA BANDUNG,3273110,CIBIRU,32.73.25,CIBIRU,SDN 090 CIBIRU KOTA BANDUNG,20245487,AKTIVASI SISWA,239,ORANG,2022
3151,32,JAWA BARAT,3273,KOTA BANDUNG,3273110,CIBIRU,32.73.25,CIBIRU,SDN 102 CIKUDAYASA KOTA BANDUNG,20245492,SK SISWA,149,ORANG,2022
3152,32,JAWA BARAT,3273,KOTA BANDUNG,3273110,CIBIRU,32.73.25,CIBIRU,SDN 102 CIKUDAYASA KOTA BANDUNG,20245492,AKTIVASI SISWA,147,ORANG,2022
3153,32,JAWA BARAT,3273,KOTA BANDUNG,3273110,CIBIRU,32.73.25,CIBIRU,SDN 124 HANURA KOTA BANDUNG,20245586,SK SISWA,74,ORANG,2022
3154,32,JAWA BARAT,3273,KOTA BANDUNG,3273110,CIBIRU,32.73.25,CIBIRU,SDN 124 HANURA KOTA BANDUNG,20245586,AKTIVASI SISWA,69,ORANG,2022
3155,32,JAWA BARAT,3273,KOTA BANDUNG,3273110,CIBIRU,32.73.25,CIBIRU,SDN 125 TARUNA KARYA KOTA BANDUNG,20245811,SK SISWA,85,ORANG,2022
3156,32,JAWA BARAT,3273,KOTA BANDUNG,3273110,CIBIRU,32.73.25,CIBIRU,SDN 125 TARUNA KARYA KOTA BANDUNG,20245811,AKTIVASI SISWA,84,ORANG,2022
3157,32,JAWA BARAT,3273,KOTA BANDUNG,3273110,CIBIRU,32.73.25,CIBIRU,SDN 152 CIGAGAK KOTA BANDUNG,20245838,SK SISWA,168,ORANG,2022
3158,32,JAWA BARAT,3273,KOTA BANDUNG,3273110,CIBIRU,32.73.25,CIBIRU,SDN 152 CIGAGAK KOTA BANDUNG,20245838,AKTIVASI SISWA,144,ORANG,2022
3159,32,JAWA BARAT,3273,KOTA BANDUNG,3273110,CIBIRU,32.73.25,CIBIRU,SDN 153 TARUNA KARYA KOTA BANDUNG,20245812,SK SISWA,50,ORANG,2022
3160,32,JAWA BARAT,3273,KOTA BANDUNG,3273110,CIBIRU,32.73.25,CIBIRU,SDN 153 TARUNA KARYA KOTA BANDUNG,20245812,AKTIVASI SISWA,49,ORANG,2022
3161,32,JAWA BARAT,3273,KOTA BANDUNG,3273110,CIBIRU,32.73.25,CIBIRU,SDN 168 CIPADUNG KOTA BANDUNG,20245500,SK SISWA,75,ORANG,2022
3162,32,JAWA BARAT,3273,KOTA BANDUNG,3273110,CIBIRU,32.73.25,CIBIRU,SDN 168 CIPADUNG KOTA BANDUNG,20245500,AKTIVASI SISWA,74,ORANG,2022
3163,32,JAWA BARAT,3273,KOTA BANDUNG,3273110,CIBIRU,32.73.25,CIBIRU,SDN 169 PELITA KOTA BANDUNG,20245747,SK SISWA,114,ORANG,2022
3164,32,JAWA BARAT,3273,KOTA BANDUNG,3273110,CIBIRU,32.73.25,CIBIRU,SDN 169 PELITA KOTA BANDUNG,20245747,AKTIVASI SISWA,110,ORANG,2022
3165,32,JAWA BARAT,3273,KOTA BANDUNG,3273110,CIBIRU,32.73.25,CIBIRU,SDN 186 CIPADUNG KOTA BANDUNG,20245498,SK SISWA,64,ORANG,2022
3166,32,JAWA BARAT,3273,KOTA BANDUNG,3273110,CIBIRU,32.73.25,CIBIRU,SDN 186 CIPADUNG KOTA BANDUNG,20245498,AKTIVASI SISWA,61,ORANG,2022
3167,32,JAWA BARAT,3273,KOTA BANDUNG,3273110,CIBIRU,32.73.25,CIBIRU,SDN 247 SUKAPURA KOTA BANDUNG,20258124,SK SISWA,78,ORANG,2022
3168,32,JAWA BARAT,3273,KOTA BANDUNG,3273110,CIBIRU,32.73.25,CIBIRU,SDN 247 SUKAPURA KOTA BANDUNG,20258124,AKTIVASI SISWA,75,ORANG,2022
3169,32,JAWA BARAT,3273,KOTA BANDUNG,3273110,CIBIRU,32.73.25,CIBIRU,SLB ABCDE LOB,20280599,SK SISWA,1,ORANG,2022
3170,32,JAWA BARAT,3273,KOTA BANDUNG,3273110,CIBIRU,32.73.25,CIBIRU,SLB ABCDE LOB,20280599,AKTIVASI SISWA,1,ORANG,2022
3171,32,JAWA BARAT,3273,KOTA BANDUNG,3273110,CIBIRU,32.73.25,CIBIRU,SLB B SILIH ASIH,20219864,SK SISWA,3,ORANG,2022
3172,32,JAWA BARAT,3273,KOTA BANDUNG,3273110,CIBIRU,32.73.25,CIBIRU,SLB B SILIH ASIH,20219864,AKTIVASI SISWA,3,ORANG,2022
3173,32,JAWA BARAT,3273,KOTA BANDUNG,3273110,CIBIRU,32.73.25,CIBIRU,SLB C SILIH ASIH,20219882,SK SISWA,2,ORANG,2022
3174,32,JAWA BARAT,3273,KOTA BANDUNG,3273110,CIBIRU,32.73.25,CIBIRU,SLB C SILIH ASIH,20219882,AKTIVASI SISWA,2,ORANG,2022
3175,32,JAWA BARAT,3273,KOTA BANDUNG,3273030,BOJONGLOA KALER,32.73.04,BOJONGLOA KALER,SD AL FATAH,20219525,SK SISWA,39,ORANG,2022
3176,32,JAWA BARAT,3273,KOTA BANDUNG,3273030,BOJONGLOA KALER,32.73.04,BOJONGLOA KALER,SD AL FATAH,20219525,AKTIVASI SISWA,38,ORANG,2022
3177,32,JAWA BARAT,3273,KOTA BANDUNG,3273030,BOJONGLOA KALER,32.73.04,BOJONGLOA KALER,SD AL HIDAYAH,20219523,SK SISWA,18,ORANG,2022
3178,32,JAWA BARAT,3273,KOTA BANDUNG,3273030,BOJONGLOA KALER,32.73.04,BOJONGLOA KALER,SD AL HIDAYAH,20219523,AKTIVASI SISWA,16,ORANG,2022
3179,32,JAWA BARAT,3273,KOTA BANDUNG,3273030,BOJONGLOA KALER,32.73.04,BOJONGLOA KALER,SD DWI AMANAT,20219607,SK SISWA,4,ORANG,2022
3180,32,JAWA BARAT,3273,KOTA BANDUNG,3273030,BOJONGLOA KALER,32.73.04,BOJONGLOA KALER,SD DWI AMANAT,20219607,AKTIVASI SISWA,4,ORANG,2022
3181,32,JAWA BARAT,3273,KOTA BANDUNG,3273030,BOJONGLOA KALER,32.73.04,BOJONGLOA KALER,SD SWADAYA 1,20219886,SK SISWA,23,ORANG,2022
3182,32,JAWA BARAT,3273,KOTA BANDUNG,3273030,BOJONGLOA KALER,32.73.04,BOJONGLOA KALER,SD SWADAYA 1,20219886,AKTIVASI SISWA,23,ORANG,2022
3183,32,JAWA BARAT,3273,KOTA BANDUNG,3273030,BOJONGLOA KALER,32.73.04,BOJONGLOA KALER,SD TERANG NUSANTARA,69986026,SK SISWA,2,ORANG,2022
3184,32,JAWA BARAT,3273,KOTA BANDUNG,3273030,BOJONGLOA KALER,32.73.04,BOJONGLOA KALER,SD TERANG NUSANTARA,69986026,AKTIVASI SISWA,2,ORANG,2022
3185,32,JAWA BARAT,3273,KOTA BANDUNG,3273030,BOJONGLOA KALER,32.73.04,BOJONGLOA KALER,SDN 099 BABAKAN TAROGONG KOTA BANDUNG,20244943,SK SISWA,120,ORANG,2022
3186,32,JAWA BARAT,3273,KOTA BANDUNG,3273030,BOJONGLOA KALER,32.73.04,BOJONGLOA KALER,SDN 099 BABAKAN TAROGONG KOTA BANDUNG,20244943,AKTIVASI SISWA,120,ORANG,2022
3187,32,JAWA BARAT,3273,KOTA BANDUNG,3273030,BOJONGLOA KALER,32.73.04,BOJONGLOA KALER,SDN 118 TANJUNG KOTA BANDUNG,20244990,SK SISWA,28,ORANG,2022
3188,32,JAWA BARAT,3273,KOTA BANDUNG,3273030,BOJONGLOA KALER,32.73.04,BOJONGLOA KALER,SDN 118 TANJUNG KOTA BANDUNG,20244990,AKTIVASI SISWA,26,ORANG,2022
3189,32,JAWA BARAT,3273,KOTA BANDUNG,3273030,BOJONGLOA KALER,32.73.04,BOJONGLOA KALER,SDN 147 CITARIP BARAT KOTA BANDUNG,20244969,SK SISWA,35,ORANG,2022
3190,32,JAWA BARAT,3273,KOTA BANDUNG,3273030,BOJONGLOA KALER,32.73.04,BOJONGLOA KALER,SDN 147 CITARIP BARAT KOTA BANDUNG,20244969,AKTIVASI SISWA,35,ORANG,2022
3191,32,JAWA BARAT,3273,KOTA BANDUNG,3273030,BOJONGLOA KALER,32.73.04,BOJONGLOA KALER,SDN 251 JAMIKA KOTA BANDUNG,20244975,SK SISWA,52,ORANG,2022
3192,32,JAWA BARAT,3273,KOTA BANDUNG,3273030,BOJONGLOA KALER,32.73.04,BOJONGLOA KALER,SDN 251 JAMIKA KOTA BANDUNG,20244975,AKTIVASI SISWA,52,ORANG,2022
3193,32,JAWA BARAT,3273,KOTA BANDUNG,3273030,BOJONGLOA KALER,32.73.04,BOJONGLOA KALER,SDN 270 GENTRA MASEKDAS KOTA BANDUNG,20244974,SK SISWA,42,ORANG,2022
3194,32,JAWA BARAT,3273,KOTA BANDUNG,3273030,BOJONGLOA KALER,32.73.04,BOJONGLOA KALER,SDN 270 GENTRA MASEKDAS KOTA BANDUNG,20244974,AKTIVASI SISWA,41,ORANG,2022
3195,32,JAWA BARAT,3273,KOTA BANDUNG,3273030,BOJONGLOA KALER,32.73.04,BOJONGLOA KALER,SLB C BUDAYA BANGSA,20219871,SK SISWA,6,ORANG,2022
3196,32,JAWA BARAT,3273,KOTA BANDUNG,3273030,BOJONGLOA KALER,32.73.04,BOJONGLOA KALER,SLB C BUDAYA BANGSA,20219871,AKTIVASI SISWA,4,ORANG,2022
3197,32,JAWA BARAT,3273,KOTA BANDUNG,3273220,CIBEUNYING KALER,32.73.18,CIBEUNYING KALER,SD ISLAM TERPADU AL IRSYAD,20253818,SK SISWA,46,ORANG,2022
3198,32,JAWA BARAT,3273,KOTA BANDUNG,3273220,CIBEUNYING KALER,32.73.18,CIBEUNYING KALER,SD ISLAM TERPADU AL IRSYAD,20253818,AKTIVASI SISWA,42,ORANG,2022
3199,32,JAWA BARAT,3273,KOTA BANDUNG,3273220,CIBEUNYING KALER,32.73.18,CIBEUNYING KALER,SD MELANIA,20219883,SK SISWA,3,ORANG,2022
3200,32,JAWA BARAT,3273,KOTA BANDUNG,3273220,CIBEUNYING KALER,32.73.18,CIBEUNYING KALER,SD MELANIA,20219883,AKTIVASI SISWA,3,ORANG,2022
3201,32,JAWA BARAT,3273,KOTA BANDUNG,3273220,CIBEUNYING KALER,32.73.18,CIBEUNYING KALER,SD SEJATI,20219891,SK SISWA,25,ORANG,2022
3202,32,JAWA BARAT,3273,KOTA BANDUNG,3273220,CIBEUNYING KALER,32.73.18,CIBEUNYING KALER,SD SEJATI,20219891,AKTIVASI SISWA,22,ORANG,2022
3203,32,JAWA BARAT,3273,KOTA BANDUNG,3273220,CIBEUNYING KALER,32.73.18,CIBEUNYING KALER,SDN 025 CIKUTRA KOTA BANDUNG,20245172,SK SISWA,103,ORANG,2022
3204,32,JAWA BARAT,3273,KOTA BANDUNG,3273220,CIBEUNYING KALER,32.73.18,CIBEUNYING KALER,SDN 025 CIKUTRA KOTA BANDUNG,20245172,AKTIVASI SISWA,101,ORANG,2022
3205,32,JAWA BARAT,3273,KOTA BANDUNG,3273220,CIBEUNYING KALER,32.73.18,CIBEUNYING KALER,SDN 082 MUARARAJEUN KOTA BANDUNG,20245242,SK SISWA,300,ORANG,2022
3206,32,JAWA BARAT,3273,KOTA BANDUNG,3273220,CIBEUNYING KALER,32.73.18,CIBEUNYING KALER,SDN 082 MUARARAJEUN KOTA BANDUNG,20245242,AKTIVASI SISWA,289,ORANG,2022
3207,32,JAWA BARAT,3273,KOTA BANDUNG,3273220,CIBEUNYING KALER,32.73.18,CIBEUNYING KALER,SDN 132 CIHAURGEULIS KOTA BANDUNG,20245165,SK SISWA,190,ORANG,2022
3208,32,JAWA BARAT,3273,KOTA BANDUNG,3273220,CIBEUNYING KALER,32.73.18,CIBEUNYING KALER,SDN 132 CIHAURGEULIS KOTA BANDUNG,20245165,AKTIVASI SISWA,189,ORANG,2022
3209,32,JAWA BARAT,3273,KOTA BANDUNG,3273220,CIBEUNYING KALER,32.73.18,CIBEUNYING KALER,SDN 149 CIGADUNG KOTA BANDUNG,20245162,SK SISWA,215,ORANG,2022
3210,32,JAWA BARAT,3273,KOTA BANDUNG,3273220,CIBEUNYING KALER,32.73.18,CIBEUNYING KALER,SDN 149 CIGADUNG KOTA BANDUNG,20245162,AKTIVASI SISWA,205,ORANG,2022
3211,32,JAWA BARAT,3273,KOTA BANDUNG,3273220,CIBEUNYING KALER,32.73.18,CIBEUNYING KALER,SDN 185 CIHAURGEULIS KOTA BANDUNG,20245166,SK SISWA,161,ORANG,2022
3212,32,JAWA BARAT,3273,KOTA BANDUNG,3273220,CIBEUNYING KALER,32.73.18,CIBEUNYING KALER,SDN 185 CIHAURGEULIS KOTA BANDUNG,20245166,AKTIVASI SISWA,151,ORANG,2022
3213,32,JAWA BARAT,3273,KOTA BANDUNG,3273220,CIBEUNYING KALER,32.73.18,CIBEUNYING KALER,SDN 201 SUKALUYU KOTA BANDUNG,20245280,SK SISWA,179,ORANG,2022
3214,32,JAWA BARAT,3273,KOTA BANDUNG,3273220,CIBEUNYING KALER,32.73.18,CIBEUNYING KALER,SDN 201 SUKALUYU KOTA BANDUNG,20245280,AKTIVASI SISWA,167,ORANG,2022
3215,32,JAWA BARAT,3273,KOTA BANDUNG,3273040,BOJONGLOA KIDUL,32.73.17,BOJONGLOA KIDUL,SD AL BASYARIYAH,20219527,SK SISWA,6,ORANG,2022
3216,32,JAWA BARAT,3273,KOTA BANDUNG,3273040,BOJONGLOA KIDUL,32.73.17,BOJONGLOA KIDUL,SD AL BASYARIYAH,20219527,AKTIVASI SISWA,2,ORANG,2022
3217,32,JAWA BARAT,3273,KOTA BANDUNG,3273040,BOJONGLOA KIDUL,32.73.17,BOJONGLOA KIDUL,SD BUDI SASTRA,20219604,SK SISWA,27,ORANG,2022
3218,32,JAWA BARAT,3273,KOTA BANDUNG,3273040,BOJONGLOA KIDUL,32.73.17,BOJONGLOA KIDUL,SD BUDI SASTRA,20219604,AKTIVASI SISWA,24,ORANG,2022
3219,32,JAWA BARAT,3273,KOTA BANDUNG,3273040,BOJONGLOA KIDUL,32.73.17,BOJONGLOA KIDUL,SD MUHAMMADIYAH 5,20219850,SK SISWA,5,ORANG,2022
3220,32,JAWA BARAT,3273,KOTA BANDUNG,3273040,BOJONGLOA KIDUL,32.73.17,BOJONGLOA KIDUL,SD MUHAMMADIYAH 5,20219850,AKTIVASI SISWA,4,ORANG,2022
3221,32,JAWA BARAT,3273,KOTA BANDUNG,3273040,BOJONGLOA KIDUL,32.73.17,BOJONGLOA KIDUL,SDN 026 BOJONGLOA KOTA BANDUNG,20244953,SK SISWA,71,ORANG,2022
3222,32,JAWA BARAT,3273,KOTA BANDUNG,3273040,BOJONGLOA KIDUL,32.73.17,BOJONGLOA KIDUL,SDN 026 BOJONGLOA KOTA BANDUNG,20244953,AKTIVASI SISWA,70,ORANG,2022
3223,32,JAWA BARAT,3273,KOTA BANDUNG,3273040,BOJONGLOA KIDUL,32.73.17,BOJONGLOA KIDUL,SDN 148 CIBADUYUT KOTA BANDUNG,20244963,SK SISWA,67,ORANG,2022
3224,32,JAWA BARAT,3273,KOTA BANDUNG,3273040,BOJONGLOA KIDUL,32.73.17,BOJONGLOA KIDUL,SDN 148 CIBADUYUT KOTA BANDUNG,20244963,AKTIVASI SISWA,54,ORANG,2022
3225,32,JAWA BARAT,3273,KOTA BANDUNG,3273040,BOJONGLOA KIDUL,32.73.17,BOJONGLOA KIDUL,SDN 200 LEUWIPANJANG KOTA BANDUNG,20244980,SK SISWA,24,ORANG,2022
3226,32,JAWA BARAT,3273,KOTA BANDUNG,3273040,BOJONGLOA KIDUL,32.73.17,BOJONGLOA KIDUL,SDN 200 LEUWIPANJANG KOTA BANDUNG,20244980,AKTIVASI SISWA,23,ORANG,2022
3227,32,JAWA BARAT,3273,KOTA BANDUNG,3273040,BOJONGLOA KIDUL,32.73.17,BOJONGLOA KIDUL,SDN 228 CANGKUANG KOTA BANDUNG,20244959,SK SISWA,27,ORANG,2022
3228,32,JAWA BARAT,3273,KOTA BANDUNG,3273040,BOJONGLOA KIDUL,32.73.17,BOJONGLOA KIDUL,SDN 228 CANGKUANG KOTA BANDUNG,20244959,AKTIVASI SISWA,14,ORANG,2022
3229,32,JAWA BARAT,3273,KOTA BANDUNG,3273040,BOJONGLOA KIDUL,32.73.17,BOJONGLOA KIDUL,SDN 229 CIBADUYUT KOTA BANDUNG,20244966,SK SISWA,15,ORANG,2022
3230,32,JAWA BARAT,3273,KOTA BANDUNG,3273040,BOJONGLOA KIDUL,32.73.17,BOJONGLOA KIDUL,SDN 229 CIBADUYUT KOTA BANDUNG,20244966,AKTIVASI SISWA,15,ORANG,2022
3231,32,JAWA BARAT,3273,KOTA BANDUNG,3273040,BOJONGLOA KIDUL,32.73.17,BOJONGLOA KIDUL,SDN 233 CIBADUYUT KOTA BANDUNG,20244967,SK SISWA,47,ORANG,2022
3232,32,JAWA BARAT,3273,KOTA BANDUNG,3273040,BOJONGLOA KIDUL,32.73.17,BOJONGLOA KIDUL,SDN 233 CIBADUYUT KOTA BANDUNG,20244967,AKTIVASI SISWA,47,ORANG,2022
3233,32,JAWA BARAT,3273,KOTA BANDUNG,3273040,BOJONGLOA KIDUL,32.73.17,BOJONGLOA KIDUL,SDN 241 LEUWIANYAR KOTA BANDUNG,20244978,SK SISWA,6,ORANG,2022
3234,32,JAWA BARAT,3273,KOTA BANDUNG,3273040,BOJONGLOA KIDUL,32.73.17,BOJONGLOA KIDUL,SDN 241 LEUWIANYAR KOTA BANDUNG,20244978,AKTIVASI SISWA,3,ORANG,2022
3235,32,JAWA BARAT,3273,KOTA BANDUNG,3273040,BOJONGLOA KIDUL,32.73.17,BOJONGLOA KIDUL,SLB BC YPLAB CIBADUYUT,20280596,SK SISWA,2,ORANG,2022
3236,32,JAWA BARAT,3273,KOTA BANDUNG,3273040,BOJONGLOA KIDUL,32.73.17,BOJONGLOA KIDUL,SLB BC YPLAB CIBADUYUT,20280596,AKTIVASI SISWA,2,ORANG,2022
3237,32,JAWA BARAT,3273,KOTA BANDUNG,3273190,CICENDO,32.73.06,CICENDO,SD 1 KRISTEN PAULUS,20219591,SK SISWA,2,ORANG,2022
3238,32,JAWA BARAT,3273,KOTA BANDUNG,3273190,CICENDO,32.73.06,CICENDO,SD 1 KRISTEN PAULUS,20219591,AKTIVASI SISWA,2,ORANG,2022
3239,32,JAWA BARAT,3273,KOTA BANDUNG,3273190,CICENDO,32.73.06,CICENDO,SD AL FATAH AL HASAN,20219524,SK SISWA,41,ORANG,2022
3240,32,JAWA BARAT,3273,KOTA BANDUNG,3273190,CICENDO,32.73.06,CICENDO,SD AL FATAH AL HASAN,20219524,AKTIVASI SISWA,39,ORANG,2022
3241,32,JAWA BARAT,3273,KOTA BANDUNG,3273190,CICENDO,32.73.06,CICENDO,SD ANGKASA 1,20219534,SK SISWA,55,ORANG,2022
3242,32,JAWA BARAT,3273,KOTA BANDUNG,3273190,CICENDO,32.73.06,CICENDO,SD ANGKASA 1,20219534,AKTIVASI SISWA,53,ORANG,2022
3243,32,JAWA BARAT,3273,KOTA BANDUNG,3273190,CICENDO,32.73.06,CICENDO,SD ANGKASA 3,20219542,SK SISWA,51,ORANG,2022
3244,32,JAWA BARAT,3273,KOTA BANDUNG,3273190,CICENDO,32.73.06,CICENDO,SD ANGKASA 3,20219542,AKTIVASI SISWA,34,ORANG,2022
3245,32,JAWA BARAT,3273,KOTA BANDUNG,3273190,CICENDO,32.73.06,CICENDO,SD INDUSTRI,20219595,SK SISWA,6,ORANG,2022
3246,32,JAWA BARAT,3273,KOTA BANDUNG,3273190,CICENDO,32.73.06,CICENDO,SD INDUSTRI,20219595,AKTIVASI SISWA,2,ORANG,2022
3247,32,JAWA BARAT,3273,KOTA BANDUNG,3273190,CICENDO,32.73.06,CICENDO,SD KRISTEN BPPK,20219858,SK SISWA,1,ORANG,2022
3248,32,JAWA BARAT,3273,KOTA BANDUNG,3273190,CICENDO,32.73.06,CICENDO,SD KRISTEN BPPK,20219858,AKTIVASI SISWA,1,ORANG,2022
3249,32,JAWA BARAT,3273,KOTA BANDUNG,3273190,CICENDO,32.73.06,CICENDO,SD PELITA JASA,20219813,SK SISWA,25,ORANG,2022
3250,32,JAWA BARAT,3273,KOTA BANDUNG,3273190,CICENDO,32.73.06,CICENDO,SD PELITA JASA,20219813,AKTIVASI SISWA,16,ORANG,2022
3251,32,JAWA BARAT,3273,KOTA BANDUNG,3273190,CICENDO,32.73.06,CICENDO,SD YPI,20253257,SK SISWA,19,ORANG,2022
3252,32,JAWA BARAT,3273,KOTA BANDUNG,3273190,CICENDO,32.73.06,CICENDO,SD YPI,20253257,AKTIVASI SISWA,16,ORANG,2022
3253,32,JAWA BARAT,3273,KOTA BANDUNG,3273190,CICENDO,32.73.06,CICENDO,SDN 013 PASIRKALIKI KOTA BANDUNG,20245742,SK SISWA,87,ORANG,2022
3254,32,JAWA BARAT,3273,KOTA BANDUNG,3273190,CICENDO,32.73.06,CICENDO,SDN 013 PASIRKALIKI KOTA BANDUNG,20245742,AKTIVASI SISWA,84,ORANG,2022
3255,32,JAWA BARAT,3273,KOTA BANDUNG,3273190,CICENDO,32.73.06,CICENDO,SDN 015 KRESNA KOTA BANDUNG,20245706,SK SISWA,239,ORANG,2022
3256,32,JAWA BARAT,3273,KOTA BANDUNG,3273190,CICENDO,32.73.06,CICENDO,SDN 015 KRESNA KOTA BANDUNG,20245706,AKTIVASI SISWA,233,ORANG,2022
3257,32,JAWA BARAT,3273,KOTA BANDUNG,3273190,CICENDO,32.73.06,CICENDO,SDN 016 DR. CIPTO PAJAJARAN KOTA BANDUNG,20245566,SK SISWA,105,ORANG,2022
3258,32,JAWA BARAT,3273,KOTA BANDUNG,3273190,CICENDO,32.73.06,CICENDO,SDN 016 DR. CIPTO PAJAJARAN KOTA BANDUNG,20245566,AKTIVASI SISWA,103,ORANG,2022
3259,32,JAWA BARAT,3273,KOTA BANDUNG,3273190,CICENDO,32.73.06,CICENDO,SDN 045 PASIRKALIKI KOTA BANDUNG,20245735,SK SISWA,67,ORANG,2022
3260,32,JAWA BARAT,3273,KOTA BANDUNG,3273190,CICENDO,32.73.06,CICENDO,SDN 045 PASIRKALIKI KOTA BANDUNG,20245735,AKTIVASI SISWA,67,ORANG,2022
3261,32,JAWA BARAT,3273,KOTA BANDUNG,3273190,CICENDO,32.73.06,CICENDO,SDN 051 PASIRKALIKI KOTA BANDUNG,20245740,SK SISWA,52,ORANG,2022
3262,32,JAWA BARAT,3273,KOTA BANDUNG,3273190,CICENDO,32.73.06,CICENDO,SDN 051 PASIRKALIKI KOTA BANDUNG,20245740,AKTIVASI SISWA,50,ORANG,2022
3263,32,JAWA BARAT,3273,KOTA BANDUNG,3273190,CICENDO,32.73.06,CICENDO,SDN 074 AYUDIA KOTA BANDUNG,20245449,SK SISWA,114,ORANG,2022
3264,32,JAWA BARAT,3273,KOTA BANDUNG,3273190,CICENDO,32.73.06,CICENDO,SDN 074 AYUDIA KOTA BANDUNG,20245449,AKTIVASI SISWA,110,ORANG,2022
3265,32,JAWA BARAT,3273,KOTA BANDUNG,3273190,CICENDO,32.73.06,CICENDO,SDN 075 JATAYU KOTA BANDUNG,20245591,SK SISWA,52,ORANG,2022
3266,32,JAWA BARAT,3273,KOTA BANDUNG,3273190,CICENDO,32.73.06,CICENDO,SDN 075 JATAYU KOTA BANDUNG,20245591,AKTIVASI SISWA,47,ORANG,2022
3267,32,JAWA BARAT,3273,KOTA BANDUNG,3273190,CICENDO,32.73.06,CICENDO,SDN 110 PASIRKALIKI KOMARABUDI KOTA BANDUNG,20245736,SK SISWA,46,ORANG,2022
3268,32,JAWA BARAT,3273,KOTA BANDUNG,3273190,CICENDO,32.73.06,CICENDO,SDN 110 PASIRKALIKI KOMARABUDI KOTA BANDUNG,20245736,AKTIVASI SISWA,46,ORANG,2022
3269,32,JAWA BARAT,3273,KOTA BANDUNG,3273190,CICENDO,32.73.06,CICENDO,SDN 154 CITEPUS KOTA BANDUNG,20245541,SK SISWA,162,ORANG,2022
3270,32,JAWA BARAT,3273,KOTA BANDUNG,3273190,CICENDO,32.73.06,CICENDO,SDN 154 CITEPUS KOTA BANDUNG,20245541,AKTIVASI SISWA,160,ORANG,2022
3271,32,JAWA BARAT,3273,KOTA BANDUNG,3273190,CICENDO,32.73.06,CICENDO,SDN 155 GUNUNG RAHAYU KOTA BANDUNG,20245570,SK SISWA,131,ORANG,2022
3272,32,JAWA BARAT,3273,KOTA BANDUNG,3273190,CICENDO,32.73.06,CICENDO,SDN 155 GUNUNG RAHAYU KOTA BANDUNG,20245570,AKTIVASI SISWA,131,ORANG,2022
3273,32,JAWA BARAT,3273,KOTA BANDUNG,3273190,CICENDO,32.73.06,CICENDO,SDN 156 PASIRKALIKI KOTA BANDUNG,20245737,SK SISWA,91,ORANG,2022
3274,32,JAWA BARAT,3273,KOTA BANDUNG,3273190,CICENDO,32.73.06,CICENDO,SDN 156 PASIRKALIKI KOTA BANDUNG,20245737,AKTIVASI SISWA,87,ORANG,2022
3275,32,JAWA BARAT,3273,KOTA BANDUNG,3273190,CICENDO,32.73.06,CICENDO,SDN 157 SUKARAJA KOTA BANDUNG,20245810,SK SISWA,18,ORANG,2022
3276,32,JAWA BARAT,3273,KOTA BANDUNG,3273190,CICENDO,32.73.06,CICENDO,SDN 157 SUKARAJA KOTA BANDUNG,20245810,AKTIVASI SISWA,15,ORANG,2022
3277,32,JAWA BARAT,3273,KOTA BANDUNG,3273190,CICENDO,32.73.06,CICENDO,SDN 170 DIAN KOTA BANDUNG,20245564,SK SISWA,52,ORANG,2022
3278,32,JAWA BARAT,3273,KOTA BANDUNG,3273190,CICENDO,32.73.06,CICENDO,SDN 170 DIAN KOTA BANDUNG,20245564,AKTIVASI SISWA,51,ORANG,2022
3279,32,JAWA BARAT,3273,KOTA BANDUNG,3273190,CICENDO,32.73.06,CICENDO,SDN 171 LANUMA HUSEIN KOTA BANDUNG,20245709,SK SISWA,11,ORANG,2022
3280,32,JAWA BARAT,3273,KOTA BANDUNG,3273190,CICENDO,32.73.06,CICENDO,SDN 171 LANUMA HUSEIN KOTA BANDUNG,20245709,AKTIVASI SISWA,11,ORANG,2022
3281,32,JAWA BARAT,3273,KOTA BANDUNG,3273190,CICENDO,32.73.06,CICENDO,SDN 187 LANUMA HUSEIN KOTA BANDUNG,20245707,SK SISWA,50,ORANG,2022
3282,32,JAWA BARAT,3273,KOTA BANDUNG,3273190,CICENDO,32.73.06,CICENDO,SDN 187 LANUMA HUSEIN KOTA BANDUNG,20245707,AKTIVASI SISWA,44,ORANG,2022
3283,32,JAWA BARAT,3273,KOTA BANDUNG,3273190,CICENDO,32.73.06,CICENDO,SLB NEGERI A PAJAJARAN,20280593,SK SISWA,25,ORANG,2022
3284,32,JAWA BARAT,3273,KOTA BANDUNG,3273190,CICENDO,32.73.06,CICENDO,SLB NEGERI A PAJAJARAN,20280593,AKTIVASI SISWA,24,ORANG,2022
3285,32,JAWA BARAT,3273,KOTA BANDUNG,3273070,LENGKONG,32.73.13,LENGKONG,SD BPI,20219536,SK SISWA,109,ORANG,2022
3286,32,JAWA BARAT,3273,KOTA BANDUNG,3273070,LENGKONG,32.73.13,LENGKONG,SD BPI,20219536,AKTIVASI SISWA,69,ORANG,2022
3287,32,JAWA BARAT,3273,KOTA BANDUNG,3273070,LENGKONG,32.73.13,LENGKONG,SD BUDI ISTRI,20219617,SK SISWA,21,ORANG,2022
3288,32,JAWA BARAT,3273,KOTA BANDUNG,3273070,LENGKONG,32.73.13,LENGKONG,SD BUDI ISTRI,20219617,AKTIVASI SISWA,17,ORANG,2022
3289,32,JAWA BARAT,3273,KOTA BANDUNG,3273070,LENGKONG,32.73.13,LENGKONG,SD CIPAERA,20219599,SK SISWA,8,ORANG,2022
3290,32,JAWA BARAT,3273,KOTA BANDUNG,3273070,LENGKONG,32.73.13,LENGKONG,SD CIPAERA,20219599,AKTIVASI SISWA,7,ORANG,2022
3291,32,JAWA BARAT,3273,KOTA BANDUNG,3273070,LENGKONG,32.73.13,LENGKONG,SD IRK,20219594,SK SISWA,5,ORANG,2022
3292,32,JAWA BARAT,3273,KOTA BANDUNG,3273070,LENGKONG,32.73.13,LENGKONG,SD IRK,20219594,AKTIVASI SISWA,5,ORANG,2022
3293,32,JAWA BARAT,3273,KOTA BANDUNG,3273070,LENGKONG,32.73.13,LENGKONG,SD KARTIKA X-1,20219574,SK SISWA,4,ORANG,2022
3294,32,JAWA BARAT,3273,KOTA BANDUNG,3273070,LENGKONG,32.73.13,LENGKONG,SD KARTIKA X-1,20219574,AKTIVASI SISWA,0,ORANG,2022
3295,32,JAWA BARAT,3273,KOTA BANDUNG,3273070,LENGKONG,32.73.13,LENGKONG,SD KEMALA BHAYANGKARI 1,20219581,SK SISWA,33,ORANG,2022
3296,32,JAWA BARAT,3273,KOTA BANDUNG,3273070,LENGKONG,32.73.13,LENGKONG,SD KEMALA BHAYANGKARI 1,20219581,AKTIVASI SISWA,27,ORANG,2022
3297,32,JAWA BARAT,3273,KOTA BANDUNG,3273070,LENGKONG,32.73.13,LENGKONG,SD MUHAMMADIYAH 1,20219854,SK SISWA,4,ORANG,2022
3298,32,JAWA BARAT,3273,KOTA BANDUNG,3273070,LENGKONG,32.73.13,LENGKONG,SD MUHAMMADIYAH 1,20219854,AKTIVASI SISWA,4,ORANG,2022
3299,32,JAWA BARAT,3273,KOTA BANDUNG,3273070,LENGKONG,32.73.13,LENGKONG,SD YAYASAN BERIBU,20247256,SK SISWA,102,ORANG,2022
3300,32,JAWA BARAT,3273,KOTA BANDUNG,3273070,LENGKONG,32.73.13,LENGKONG,SD YAYASAN BERIBU,20247256,AKTIVASI SISWA,98,ORANG,2022
3301,32,JAWA BARAT,3273,KOTA BANDUNG,3273070,LENGKONG,32.73.13,LENGKONG,SDN 066 HALIMUN KOTA BANDUNG,20245031,SK SISWA,202,ORANG,2022
3302,32,JAWA BARAT,3273,KOTA BANDUNG,3273070,LENGKONG,32.73.13,LENGKONG,SDN 066 HALIMUN KOTA BANDUNG,20245031,AKTIVASI SISWA,201,ORANG,2022
3303,32,JAWA BARAT,3273,KOTA BANDUNG,3273070,LENGKONG,32.73.13,LENGKONG,SDN 067 NILEM KOTA BANDUNG,20245050,SK SISWA,209,ORANG,2022
3304,32,JAWA BARAT,3273,KOTA BANDUNG,3273070,LENGKONG,32.73.13,LENGKONG,SDN 067 NILEM KOTA BANDUNG,20245050,AKTIVASI SISWA,197,ORANG,2022
3305,32,JAWA BARAT,3273,KOTA BANDUNG,3273070,LENGKONG,32.73.13,LENGKONG,SDN 115 TURANGGA KOTA BANDUNG,20245097,SK SISWA,15,ORANG,2022
3306,32,JAWA BARAT,3273,KOTA BANDUNG,3273070,LENGKONG,32.73.13,LENGKONG,SDN 115 TURANGGA KOTA BANDUNG,20245097,AKTIVASI SISWA,15,ORANG,2022
3307,32,JAWA BARAT,3273,KOTA BANDUNG,3273070,LENGKONG,32.73.13,LENGKONG,SDN 119 CIJAGRA KOTA BANDUNG,20245023,SK SISWA,18,ORANG,2022
3308,32,JAWA BARAT,3273,KOTA BANDUNG,3273070,LENGKONG,32.73.13,LENGKONG,SDN 119 CIJAGRA KOTA BANDUNG,20245023,AKTIVASI SISWA,18,ORANG,2022
3309,32,JAWA BARAT,3273,KOTA BANDUNG,3273070,LENGKONG,32.73.13,LENGKONG,SDN 135 TURANGGA KOTA BANDUNG,20245098,SK SISWA,155,ORANG,2022
3310,32,JAWA BARAT,3273,KOTA BANDUNG,3273070,LENGKONG,32.73.13,LENGKONG,SDN 135 TURANGGA KOTA BANDUNG,20245098,AKTIVASI SISWA,152,ORANG,2022
3311,32,JAWA BARAT,3273,KOTA BANDUNG,3273070,LENGKONG,32.73.13,LENGKONG,SDN 163 BUAHBATU BARU KOTA BANDUNG,20245022,SK SISWA,54,ORANG,2022
3312,32,JAWA BARAT,3273,KOTA BANDUNG,3273070,LENGKONG,32.73.13,LENGKONG,SDN 163 BUAHBATU BARU KOTA BANDUNG,20245022,AKTIVASI SISWA,54,ORANG,2022
3313,32,JAWA BARAT,3273,KOTA BANDUNG,3273070,LENGKONG,32.73.13,LENGKONG,SDN 164 KARANGPAWULANG KOTA BANDUNG,20245036,SK SISWA,35,ORANG,2022
3314,32,JAWA BARAT,3273,KOTA BANDUNG,3273070,LENGKONG,32.73.13,LENGKONG,SDN 164 KARANGPAWULANG KOTA BANDUNG,20245036,AKTIVASI SISWA,35,ORANG,2022
3315,32,JAWA BARAT,3273,KOTA BANDUNG,3273070,LENGKONG,32.73.13,LENGKONG,SDN 202 SURYALAYA KOTA BANDUNG,20245094,SK SISWA,14,ORANG,2022
3316,32,JAWA BARAT,3273,KOTA BANDUNG,3273070,LENGKONG,32.73.13,LENGKONG,SDN 202 SURYALAYA KOTA BANDUNG,20245094,AKTIVASI SISWA,14,ORANG,2022
3317,32,JAWA BARAT,3273,KOTA BANDUNG,3273070,LENGKONG,32.73.13,LENGKONG,SDN 206 PUTRACO INDAH KOTA BANDUNG,20245077,SK SISWA,31,ORANG,2022
3318,32,JAWA BARAT,3273,KOTA BANDUNG,3273070,LENGKONG,32.73.13,LENGKONG,SDN 206 PUTRACO INDAH KOTA BANDUNG,20245077,AKTIVASI SISWA,31,ORANG,2022
3319,32,JAWA BARAT,3273,KOTA BANDUNG,3273070,LENGKONG,32.73.13,LENGKONG,SDN 235 LENGKONG KECIL KOTA BANDUNG,20245045,SK SISWA,22,ORANG,2022
3320,32,JAWA BARAT,3273,KOTA BANDUNG,3273070,LENGKONG,32.73.13,LENGKONG,SDN 235 LENGKONG KECIL KOTA BANDUNG,20245045,AKTIVASI SISWA,20,ORANG,2022
3321,32,JAWA BARAT,3273,KOTA BANDUNG,3273070,LENGKONG,32.73.13,LENGKONG,SDN 257 PELITA KOTA BANDUNG,20245257,SK SISWA,48,ORANG,2022
3322,32,JAWA BARAT,3273,KOTA BANDUNG,3273070,LENGKONG,32.73.13,LENGKONG,SDN 257 PELITA KOTA BANDUNG,20245257,AKTIVASI SISWA,48,ORANG,2022
3323,32,JAWA BARAT,3273,KOTA BANDUNG,3273070,LENGKONG,32.73.13,LENGKONG,SLB BC YPLAB WARTAWAN,20219875,SK SISWA,5,ORANG,2022
3324,32,JAWA BARAT,3273,KOTA BANDUNG,3273070,LENGKONG,32.73.13,LENGKONG,SLB BC YPLAB WARTAWAN,20219875,AKTIVASI SISWA,5,ORANG,2022
3325,32,JAWA BARAT,3273,KOTA BANDUNG,3273210,CIBEUNYING KIDUL,32.73.14,CIBEUNYING KIDUL,SD KARAKTER AZ-ZAHRA,20279824,SK SISWA,50,ORANG,2022
3326,32,JAWA BARAT,3273,KOTA BANDUNG,3273210,CIBEUNYING KIDUL,32.73.14,CIBEUNYING KIDUL,SD KARAKTER AZ-ZAHRA,20279824,AKTIVASI SISWA,48,ORANG,2022
3327,32,JAWA BARAT,3273,KOTA BANDUNG,3273210,CIBEUNYING KIDUL,32.73.14,CIBEUNYING KIDUL,SD MUHAMMADIYAH 3,20219852,SK SISWA,128,ORANG,2022
3328,32,JAWA BARAT,3273,KOTA BANDUNG,3273210,CIBEUNYING KIDUL,32.73.14,CIBEUNYING KIDUL,SD MUHAMMADIYAH 3,20219852,AKTIVASI SISWA,128,ORANG,2022
3329,32,JAWA BARAT,3273,KOTA BANDUNG,3273210,CIBEUNYING KIDUL,32.73.14,CIBEUNYING KIDUL,SD PELITA,20219814,SK SISWA,44,ORANG,2022
3330,32,JAWA BARAT,3273,KOTA BANDUNG,3273210,CIBEUNYING KIDUL,32.73.14,CIBEUNYING KIDUL,SD PELITA,20219814,AKTIVASI SISWA,38,ORANG,2022
3331,32,JAWA BARAT,3273,KOTA BANDUNG,3273210,CIBEUNYING KIDUL,32.73.14,CIBEUNYING KIDUL,SD SANTO YUSUP I,20253862,SK SISWA,5,ORANG,2022
3332,32,JAWA BARAT,3273,KOTA BANDUNG,3273210,CIBEUNYING KIDUL,32.73.14,CIBEUNYING KIDUL,SD SANTO YUSUP I,20253862,AKTIVASI SISWA,5,ORANG,2022
3333,32,JAWA BARAT,3273,KOTA BANDUNG,3273210,CIBEUNYING KIDUL,32.73.14,CIBEUNYING KIDUL,SD YAYASAN ATIKAN SUNDA,20219904,SK SISWA,36,ORANG,2022
3334,32,JAWA BARAT,3273,KOTA BANDUNG,3273210,CIBEUNYING KIDUL,32.73.14,CIBEUNYING KIDUL,SD YAYASAN ATIKAN SUNDA,20219904,AKTIVASI SISWA,36,ORANG,2022
3335,32,JAWA BARAT,3273,KOTA BANDUNG,3273210,CIBEUNYING KIDUL,32.73.14,CIBEUNYING KIDUL,SDN 022 CICADAS KOTA BANDUNG,20245153,SK SISWA,78,ORANG,2022
3336,32,JAWA BARAT,3273,KOTA BANDUNG,3273210,CIBEUNYING KIDUL,32.73.14,CIBEUNYING KIDUL,SDN 022 CICADAS KOTA BANDUNG,20245153,AKTIVASI SISWA,73,ORANG,2022
3337,32,JAWA BARAT,3273,KOTA BANDUNG,3273210,CIBEUNYING KIDUL,32.73.14,CIBEUNYING KIDUL,SDN 027 CICADAS KOTA BANDUNG,20245149,SK SISWA,263,ORANG,2022
3338,32,JAWA BARAT,3273,KOTA BANDUNG,3273210,CIBEUNYING KIDUL,32.73.14,CIBEUNYING KIDUL,SDN 027 CICADAS KOTA BANDUNG,20245149,AKTIVASI SISWA,249,ORANG,2022
3339,32,JAWA BARAT,3273,KOTA BANDUNG,3273210,CIBEUNYING KIDUL,32.73.14,CIBEUNYING KIDUL,SDN 043 CIMUNCANG KOTA BANDUNG,20245178,SK SISWA,433,ORANG,2022
3340,32,JAWA BARAT,3273,KOTA BANDUNG,3273210,CIBEUNYING KIDUL,32.73.14,CIBEUNYING KIDUL,SDN 043 CIMUNCANG KOTA BANDUNG,20245178,AKTIVASI SISWA,430,ORANG,2022
3341,32,JAWA BARAT,3273,KOTA BANDUNG,3273210,CIBEUNYING KIDUL,32.73.14,CIBEUNYING KIDUL,SDN 044 CICADAS AWIGOMBONG KOTA BANDUNG,20245157,SK SISWA,151,ORANG,2022
3342,32,JAWA BARAT,3273,KOTA BANDUNG,3273210,CIBEUNYING KIDUL,32.73.14,CIBEUNYING KIDUL,SDN 044 CICADAS AWIGOMBONG KOTA BANDUNG,20245157,AKTIVASI SISWA,150,ORANG,2022
3343,32,JAWA BARAT,3273,KOTA BANDUNG,3273210,CIBEUNYING KIDUL,32.73.14,CIBEUNYING KIDUL,SDN 064 PADASUKA KOTA BANDUNG,20245247,SK SISWA,249,ORANG,2022
3344,32,JAWA BARAT,3273,KOTA BANDUNG,3273210,CIBEUNYING KIDUL,32.73.14,CIBEUNYING KIDUL,SDN 064 PADASUKA KOTA BANDUNG,20245247,AKTIVASI SISWA,248,ORANG,2022
3345,32,JAWA BARAT,3273,KOTA BANDUNG,3273210,CIBEUNYING KIDUL,32.73.14,CIBEUNYING KIDUL,SDN 114 BOJONGKONENG CIBEUNYING KOTA BANDUNG,20245119,SK SISWA,126,ORANG,2022
3346,32,JAWA BARAT,3273,KOTA BANDUNG,3273210,CIBEUNYING KIDUL,32.73.14,CIBEUNYING KIDUL,SDN 114 BOJONGKONENG CIBEUNYING KOTA BANDUNG,20245119,AKTIVASI SISWA,121,ORANG,2022
3347,32,JAWA BARAT,3273,KOTA BANDUNG,3273210,CIBEUNYING KIDUL,32.73.14,CIBEUNYING KIDUL,SDN 133 JALAN ANYAR KOTA BANDUNG,20245211,SK SISWA,97,ORANG,2022
3348,32,JAWA BARAT,3273,KOTA BANDUNG,3273210,CIBEUNYING KIDUL,32.73.14,CIBEUNYING KIDUL,SDN 133 JALAN ANYAR KOTA BANDUNG,20245211,AKTIVASI SISWA,95,ORANG,2022
3349,32,JAWA BARAT,3273,KOTA BANDUNG,3273210,CIBEUNYING KIDUL,32.73.14,CIBEUNYING KIDUL,SDN 150 GATOT SUBROTO KOTA BANDUNG,20245206,SK SISWA,235,ORANG,2022
3350,32,JAWA BARAT,3273,KOTA BANDUNG,3273210,CIBEUNYING KIDUL,32.73.14,CIBEUNYING KIDUL,SDN 150 GATOT SUBROTO KOTA BANDUNG,20245206,AKTIVASI SISWA,229,ORANG,2022
3351,32,JAWA BARAT,3273,KOTA BANDUNG,3273210,CIBEUNYING KIDUL,32.73.14,CIBEUNYING KIDUL,SDN 151 SUKASENANG KOTA BANDUNG,20245284,SK SISWA,155,ORANG,2022
3352,32,JAWA BARAT,3273,KOTA BANDUNG,3273210,CIBEUNYING KIDUL,32.73.14,CIBEUNYING KIDUL,SDN 151 SUKASENANG KOTA BANDUNG,20245284,AKTIVASI SISWA,153,ORANG,2022
3353,32,JAWA BARAT,3273,KOTA BANDUNG,3273210,CIBEUNYING KIDUL,32.73.14,CIBEUNYING KIDUL,SDN 234 SALUYU KOTA BANDUNG,20245262,SK SISWA,140,ORANG,2022
3354,32,JAWA BARAT,3273,KOTA BANDUNG,3273210,CIBEUNYING KIDUL,32.73.14,CIBEUNYING KIDUL,SDN 234 SALUYU KOTA BANDUNG,20245262,AKTIVASI SISWA,139,ORANG,2022
3355,32,JAWA BARAT,3273,KOTA BANDUNG,3273210,CIBEUNYING KIDUL,32.73.14,CIBEUNYING KIDUL,SLB C Karya Bhakti,20219872,SK SISWA,3,ORANG,2022
3356,32,JAWA BARAT,3273,KOTA BANDUNG,3273210,CIBEUNYING KIDUL,32.73.14,CIBEUNYING KIDUL,SLB C Karya Bhakti,20219872,AKTIVASI SISWA,2,ORANG,2022
3357,32,JAWA BARAT,3273,KOTA BANDUNG,3273210,CIBEUNYING KIDUL,32.73.14,CIBEUNYING KIDUL,SLB PUSPPA SURYAKANTI,20219743,SK SISWA,13,ORANG,2022
3358,32,JAWA BARAT,3273,KOTA BANDUNG,3273210,CIBEUNYING KIDUL,32.73.14,CIBEUNYING KIDUL,SLB PUSPPA SURYAKANTI,20219743,AKTIVASI SISWA,12,ORANG,2022
3359,32,JAWA BARAT,3273,KOTA BANDUNG,3273160,BATUNUNGGAL,32.73.12,BATUNUNGGAL,SD CIPTA KARYA,20246315,SK SISWA,10,ORANG,2022
3360,32,JAWA BARAT,3273,KOTA BANDUNG,3273160,BATUNUNGGAL,32.73.12,BATUNUNGGAL,SD CIPTA KARYA,20246315,AKTIVASI SISWA,10,ORANG,2022
3361,32,JAWA BARAT,3273,KOTA BANDUNG,3273160,BATUNUNGGAL,32.73.12,BATUNUNGGAL,SD IGNATIUS SLAMET RIYADI,20219609,SK SISWA,1,ORANG,2022
3362,32,JAWA BARAT,3273,KOTA BANDUNG,3273160,BATUNUNGGAL,32.73.12,BATUNUNGGAL,SD IGNATIUS SLAMET RIYADI,20219609,AKTIVASI SISWA,0,ORANG,2022
3363,32,JAWA BARAT,3273,KOTA BANDUNG,3273160,BATUNUNGGAL,32.73.12,BATUNUNGGAL,SD TRIKARSA,20219884,SK SISWA,15,ORANG,2022
3364,32,JAWA BARAT,3273,KOTA BANDUNG,3273160,BATUNUNGGAL,32.73.12,BATUNUNGGAL,SD TRIKARSA,20219884,AKTIVASI SISWA,15,ORANG,2022
3365,32,JAWA BARAT,3273,KOTA BANDUNG,3273160,BATUNUNGGAL,32.73.12,BATUNUNGGAL,SD YPU,20219902,SK SISWA,60,ORANG,2022
3366,32,JAWA BARAT,3273,KOTA BANDUNG,3273160,BATUNUNGGAL,32.73.12,BATUNUNGGAL,SD YPU,20219902,AKTIVASI SISWA,60,ORANG,2022
3367,32,JAWA BARAT,3273,KOTA BANDUNG,3273160,BATUNUNGGAL,32.73.12,BATUNUNGGAL,SDN 028 GUMURUH KOTA BANDUNG,20244864,SK SISWA,39,ORANG,2022
3368,32,JAWA BARAT,3273,KOTA BANDUNG,3273160,BATUNUNGGAL,32.73.12,BATUNUNGGAL,SDN 028 GUMURUH KOTA BANDUNG,20244864,AKTIVASI SISWA,37,ORANG,2022
3369,32,JAWA BARAT,3273,KOTA BANDUNG,3273160,BATUNUNGGAL,32.73.12,BATUNUNGGAL,SDN 042 GAMBIR KOTA BANDUNG,20244857,SK SISWA,21,ORANG,2022
3370,32,JAWA BARAT,3273,KOTA BANDUNG,3273160,BATUNUNGGAL,32.73.12,BATUNUNGGAL,SDN 042 GAMBIR KOTA BANDUNG,20244857,AKTIVASI SISWA,21,ORANG,2022
3371,32,JAWA BARAT,3273,KOTA BANDUNG,3273160,BATUNUNGGAL,32.73.12,BATUNUNGGAL,SDN 063 KEBON GEDANG KOTA BANDUNG,20245950,SK SISWA,88,ORANG,2022
3372,32,JAWA BARAT,3273,KOTA BANDUNG,3273160,BATUNUNGGAL,32.73.12,BATUNUNGGAL,SDN 063 KEBON GEDANG KOTA BANDUNG,20245950,AKTIVASI SISWA,49,ORANG,2022
3373,32,JAWA BARAT,3273,KOTA BANDUNG,3273160,BATUNUNGGAL,32.73.12,BATUNUNGGAL,SDN 081 KEBON GEDANG KRIDAWINAYA KOTA BANDUNG,20245956,SK SISWA,87,ORANG,2022
3374,32,JAWA BARAT,3273,KOTA BANDUNG,3273160,BATUNUNGGAL,32.73.12,BATUNUNGGAL,SDN 081 KEBON GEDANG KRIDAWINAYA KOTA BANDUNG,20245956,AKTIVASI SISWA,76,ORANG,2022
3375,32,JAWA BARAT,3273,KOTA BANDUNG,3273160,BATUNUNGGAL,32.73.12,BATUNUNGGAL,SDN 109 CENTEH KOTA BANDUNG,20244829,SK SISWA,87,ORANG,2022
3376,32,JAWA BARAT,3273,KOTA BANDUNG,3273160,BATUNUNGGAL,32.73.12,BATUNUNGGAL,SDN 109 CENTEH KOTA BANDUNG,20244829,AKTIVASI SISWA,85,ORANG,2022
3377,32,JAWA BARAT,3273,KOTA BANDUNG,3273160,BATUNUNGGAL,32.73.12,BATUNUNGGAL,SDN 145 BINONG JATI KOTA BANDUNG,20244825,SK SISWA,284,ORANG,2022
3378,32,JAWA BARAT,3273,KOTA BANDUNG,3273160,BATUNUNGGAL,32.73.12,BATUNUNGGAL,SDN 145 BINONG JATI KOTA BANDUNG,20244825,AKTIVASI SISWA,256,ORANG,2022
3379,32,JAWA BARAT,3273,KOTA BANDUNG,3273160,BATUNUNGGAL,32.73.12,BATUNUNGGAL,SDN 146 GUMURUH KOTA BANDUNG,20244870,SK SISWA,43,ORANG,2022
3380,32,JAWA BARAT,3273,KOTA BANDUNG,3273160,BATUNUNGGAL,32.73.12,BATUNUNGGAL,SDN 146 GUMURUH KOTA BANDUNG,20244870,AKTIVASI SISWA,39,ORANG,2022
3381,32,JAWA BARAT,3273,KOTA BANDUNG,3273160,BATUNUNGGAL,32.73.12,BATUNUNGGAL,SDN 203 KACAPIRING KOTA BANDUNG,20244880,SK SISWA,16,ORANG,2022
3382,32,JAWA BARAT,3273,KOTA BANDUNG,3273160,BATUNUNGGAL,32.73.12,BATUNUNGGAL,SDN 203 KACAPIRING KOTA BANDUNG,20244880,AKTIVASI SISWA,16,ORANG,2022
3383,32,JAWA BARAT,3273,KOTA BANDUNG,3273160,BATUNUNGGAL,32.73.12,BATUNUNGGAL,SDN 219 BABAKANJATI KOTA BANDUNG,20244823,SK SISWA,71,ORANG,2022
3384,32,JAWA BARAT,3273,KOTA BANDUNG,3273160,BATUNUNGGAL,32.73.12,BATUNUNGGAL,SDN 219 BABAKANJATI KOTA BANDUNG,20244823,AKTIVASI SISWA,60,ORANG,2022
3385,32,JAWA BARAT,3273,KOTA BANDUNG,3273160,BATUNUNGGAL,32.73.12,BATUNUNGGAL,SDN 220 GUMURUH KOTA BANDUNG,20244871,SK SISWA,31,ORANG,2022
3386,32,JAWA BARAT,3273,KOTA BANDUNG,3273160,BATUNUNGGAL,32.73.12,BATUNUNGGAL,SDN 220 GUMURUH KOTA BANDUNG,20244871,AKTIVASI SISWA,30,ORANG,2022
3387,32,JAWA BARAT,3273,KOTA BANDUNG,3273160,BATUNUNGGAL,32.73.12,BATUNUNGGAL,SLB DARUL HIDAYAH,69830375,SK SISWA,2,ORANG,2022
3388,32,JAWA BARAT,3273,KOTA BANDUNG,3273160,BATUNUNGGAL,32.73.12,BATUNUNGGAL,SLB DARUL HIDAYAH,69830375,AKTIVASI SISWA,2,ORANG,2022
3389,32,JAWA BARAT,3273,KOTA BANDUNG,3273160,BATUNUNGGAL,32.73.12,BATUNUNGGAL,SLB-BC MURNI YPKSM,20219878,SK SISWA,6,ORANG,2022
3390,32,JAWA BARAT,3273,KOTA BANDUNG,3273160,BATUNUNGGAL,32.73.12,BATUNUNGGAL,SLB-BC MURNI YPKSM,20219878,AKTIVASI SISWA,4,ORANG,2022
3391,32,JAWA BARAT,3273,KOTA BANDUNG,3273090,BUAHBATU,32.73.22,BUAHBATU,SD BUDI ASIH,20219522,SK SISWA,15,ORANG,2022
3392,32,JAWA BARAT,3273,KOTA BANDUNG,3273090,BUAHBATU,32.73.22,BUAHBATU,SD BUDI ASIH,20219522,AKTIVASI SISWA,15,ORANG,2022
3393,32,JAWA BARAT,3273,KOTA BANDUNG,3273090,BUAHBATU,32.73.22,BUAHBATU,SD IT AL-HIDAYAH LOGAM,69986203,SK SISWA,29,ORANG,2022
3394,32,JAWA BARAT,3273,KOTA BANDUNG,3273090,BUAHBATU,32.73.22,BUAHBATU,SD IT AL-HIDAYAH LOGAM,69986203,AKTIVASI SISWA,29,ORANG,2022
3395,32,JAWA BARAT,3273,KOTA BANDUNG,3273090,BUAHBATU,32.73.22,BUAHBATU,SD TULUS KARTIKA,20219895,SK SISWA,2,ORANG,2022
3396,32,JAWA BARAT,3273,KOTA BANDUNG,3273090,BUAHBATU,32.73.22,BUAHBATU,SD TULUS KARTIKA,20219895,AKTIVASI SISWA,2,ORANG,2022
3397,32,JAWA BARAT,3273,KOTA BANDUNG,3273090,BUAHBATU,32.73.22,BUAHBATU,SDN 006 BUAHBATU KOTA BANDUNG,20245122,SK SISWA,56,ORANG,2022
3398,32,JAWA BARAT,3273,KOTA BANDUNG,3273090,BUAHBATU,32.73.22,BUAHBATU,SDN 006 BUAHBATU KOTA BANDUNG,20245122,AKTIVASI SISWA,55,ORANG,2022
3399,32,JAWA BARAT,3273,KOTA BANDUNG,3273090,BUAHBATU,32.73.22,BUAHBATU,SDN 095 BABAKANJATI KOTA BANDUNG,20246455,SK SISWA,23,ORANG,2022
3400,32,JAWA BARAT,3273,KOTA BANDUNG,3273090,BUAHBATU,32.73.22,BUAHBATU,SDN 095 BABAKANJATI KOTA BANDUNG,20246455,AKTIVASI SISWA,23,ORANG,2022
3401,32,JAWA BARAT,3273,KOTA BANDUNG,3273090,BUAHBATU,32.73.22,BUAHBATU,SDN 129 RANCASAWO MARGASARI KOTA BANDUNG,20246417,SK SISWA,103,ORANG,2022
3402,32,JAWA BARAT,3273,KOTA BANDUNG,3273090,BUAHBATU,32.73.22,BUAHBATU,SDN 129 RANCASAWO MARGASARI KOTA BANDUNG,20246417,AKTIVASI SISWA,96,ORANG,2022
3403,32,JAWA BARAT,3273,KOTA BANDUNG,3273090,BUAHBATU,32.73.22,BUAHBATU,SDN 131 CIJAWURA KOTA BANDUNG,20245171,SK SISWA,20,ORANG,2022
3404,32,JAWA BARAT,3273,KOTA BANDUNG,3273090,BUAHBATU,32.73.22,BUAHBATU,SDN 131 CIJAWURA KOTA BANDUNG,20245171,AKTIVASI SISWA,12,ORANG,2022
3405,32,JAWA BARAT,3273,KOTA BANDUNG,3273090,BUAHBATU,32.73.22,BUAHBATU,SDN 184 BUAHBATU KOTA BANDUNG,20246396,SK SISWA,29,ORANG,2022
3406,32,JAWA BARAT,3273,KOTA BANDUNG,3273090,BUAHBATU,32.73.22,BUAHBATU,SDN 184 BUAHBATU KOTA BANDUNG,20246396,AKTIVASI SISWA,26,ORANG,2022
3407,32,JAWA BARAT,3273,KOTA BANDUNG,3273090,BUAHBATU,32.73.22,BUAHBATU,SDN 230 MARGAHAYU RAYA KOTA BANDUNG,20245226,SK SISWA,37,ORANG,2022
3408,32,JAWA BARAT,3273,KOTA BANDUNG,3273090,BUAHBATU,32.73.22,BUAHBATU,SDN 230 MARGAHAYU RAYA KOTA BANDUNG,20245226,AKTIVASI SISWA,36,ORANG,2022
3409,32,JAWA BARAT,3273,KOTA BANDUNG,3273090,BUAHBATU,32.73.22,BUAHBATU,SDN 242 MARGASARI KOTA BANDUNG,20245228,SK SISWA,96,ORANG,2022
3410,32,JAWA BARAT,3273,KOTA BANDUNG,3273090,BUAHBATU,32.73.22,BUAHBATU,SDN 242 MARGASARI KOTA BANDUNG,20245228,AKTIVASI SISWA,88,ORANG,2022
3411,32,JAWA BARAT,3273,KOTA BANDUNG,3273090,BUAHBATU,32.73.22,BUAHBATU,SDN 246 MARGACINTA KOTA BANDUNG,20246410,SK SISWA,93,ORANG,2022
3412,32,JAWA BARAT,3273,KOTA BANDUNG,3273090,BUAHBATU,32.73.22,BUAHBATU,SDN 246 MARGACINTA KOTA BANDUNG,20246410,AKTIVASI SISWA,86,ORANG,2022
3413,32,JAWA BARAT,3273,KOTA BANDUNG,3273090,BUAHBATU,32.73.22,BUAHBATU,SDN 261 MARGAHAYU RAYA KOTA BANDUNG,20246408,SK SISWA,124,ORANG,2022
3414,32,JAWA BARAT,3273,KOTA BANDUNG,3273090,BUAHBATU,32.73.22,BUAHBATU,SDN 261 MARGAHAYU RAYA KOTA BANDUNG,20246408,AKTIVASI SISWA,106,ORANG,2022
3415,32,JAWA BARAT,3273,KOTA BANDUNG,3273090,BUAHBATU,32.73.22,BUAHBATU,SLB AZ-ZAKIYAH,20280597,SK SISWA,6,ORANG,2022
3416,32,JAWA BARAT,3273,KOTA BANDUNG,3273090,BUAHBATU,32.73.22,BUAHBATU,SLB AZ-ZAKIYAH,20280597,AKTIVASI SISWA,1,ORANG,2022
3417,32,JAWA BARAT,3273,KOTA BANDUNG,3273090,BUAHBATU,32.73.22,BUAHBATU,SLB BC HIKMAT,20219879,SK SISWA,5,ORANG,2022
3418,32,JAWA BARAT,3273,KOTA BANDUNG,3273090,BUAHBATU,32.73.22,BUAHBATU,SLB BC HIKMAT,20219879,AKTIVASI SISWA,4,ORANG,2022
3419,32,JAWA BARAT,3273,KOTA BANDUNG,3273170,SUMUR BANDUNG,32.73.19,SUMUR BANDUNG,SD 3 KRISTEN PAULUS,20219588,SK SISWA,9,ORANG,2022
3420,32,JAWA BARAT,3273,KOTA BANDUNG,3273170,SUMUR BANDUNG,32.73.19,SUMUR BANDUNG,SD 3 KRISTEN PAULUS,20219588,AKTIVASI SISWA,7,ORANG,2022
3421,32,JAWA BARAT,3273,KOTA BANDUNG,3273170,SUMUR BANDUNG,32.73.19,SUMUR BANDUNG,SD ADVENT NARIPAN,20219530,SK SISWA,4,ORANG,2022
3422,32,JAWA BARAT,3273,KOTA BANDUNG,3273170,SUMUR BANDUNG,32.73.19,SUMUR BANDUNG,SD ADVENT NARIPAN,20219530,AKTIVASI SISWA,4,ORANG,2022
3423,32,JAWA BARAT,3273,KOTA BANDUNG,3273170,SUMUR BANDUNG,32.73.19,SUMUR BANDUNG,SD KARTIKA XIX - 1,20219575,SK SISWA,30,ORANG,2022
3424,32,JAWA BARAT,3273,KOTA BANDUNG,3273170,SUMUR BANDUNG,32.73.19,SUMUR BANDUNG,SD KARTIKA XIX - 1,20219575,AKTIVASI SISWA,0,ORANG,2022
3425,32,JAWA BARAT,3273,KOTA BANDUNG,3273170,SUMUR BANDUNG,32.73.19,SUMUR BANDUNG,SD SEQUOIA NASIONAL PLUS,69980318,SK SISWA,16,ORANG,2022
3426,32,JAWA BARAT,3273,KOTA BANDUNG,3273170,SUMUR BANDUNG,32.73.19,SUMUR BANDUNG,SD SEQUOIA NASIONAL PLUS,69980318,AKTIVASI SISWA,0,ORANG,2022
3427,32,JAWA BARAT,3273,KOTA BANDUNG,3273170,SUMUR BANDUNG,32.73.19,SUMUR BANDUNG,SDN 001 MERDEKA KOTA BANDUNG,20245231,SK SISWA,350,ORANG,2022
3428,32,JAWA BARAT,3273,KOTA BANDUNG,3273170,SUMUR BANDUNG,32.73.19,SUMUR BANDUNG,SDN 001 MERDEKA KOTA BANDUNG,20245231,AKTIVASI SISWA,329,ORANG,2022
3429,32,JAWA BARAT,3273,KOTA BANDUNG,3273170,SUMUR BANDUNG,32.73.19,SUMUR BANDUNG,SDN 034 PATRAKOMALA KOTA BANDUNG,20245745,SK SISWA,128,ORANG,2022
3430,32,JAWA BARAT,3273,KOTA BANDUNG,3273170,SUMUR BANDUNG,32.73.19,SUMUR BANDUNG,SDN 034 PATRAKOMALA KOTA BANDUNG,20245745,AKTIVASI SISWA,119,ORANG,2022
3431,32,JAWA BARAT,3273,KOTA BANDUNG,3273170,SUMUR BANDUNG,32.73.19,SUMUR BANDUNG,SDN 035 SOKA KOTA BANDUNG,20245781,SK SISWA,335,ORANG,2022
3432,32,JAWA BARAT,3273,KOTA BANDUNG,3273170,SUMUR BANDUNG,32.73.19,SUMUR BANDUNG,SDN 035 SOKA KOTA BANDUNG,20245781,AKTIVASI SISWA,332,ORANG,2022
3433,32,JAWA BARAT,3273,KOTA BANDUNG,3273170,SUMUR BANDUNG,32.73.19,SUMUR BANDUNG,SDN 088 EMBONG KOTA BANDUNG,20245568,SK SISWA,88,ORANG,2022
3434,32,JAWA BARAT,3273,KOTA BANDUNG,3273170,SUMUR BANDUNG,32.73.19,SUMUR BANDUNG,SDN 088 EMBONG KOTA BANDUNG,20245568,AKTIVASI SISWA,84,ORANG,2022
3435,32,JAWA BARAT,3273,KOTA BANDUNG,3273170,SUMUR BANDUNG,32.73.19,SUMUR BANDUNG,SDN 113 BANJARSARI KOTA BANDUNG,20245475,SK SISWA,151,ORANG,2022
3436,32,JAWA BARAT,3273,KOTA BANDUNG,3273170,SUMUR BANDUNG,32.73.19,SUMUR BANDUNG,SDN 113 BANJARSARI KOTA BANDUNG,20245475,AKTIVASI SISWA,131,ORANG,2022
3437,32,JAWA BARAT,3273,KOTA BANDUNG,3273170,SUMUR BANDUNG,32.73.19,SUMUR BANDUNG,SLB NEGERI CICENDO,26017001,SK SISWA,37,ORANG,2022
3438,32,JAWA BARAT,3273,KOTA BANDUNG,3273170,SUMUR BANDUNG,32.73.19,SUMUR BANDUNG,SLB NEGERI CICENDO,26017001,AKTIVASI SISWA,36,ORANG,2022
3439,32,JAWA BARAT,3273,KOTA BANDUNG,3273200,BANDUNG WETAN,32.73.09,BANDUNG WETAN,SD LINGGAWASTU,20219838,SK SISWA,7,ORANG,2022
3440,32,JAWA BARAT,3273,KOTA BANDUNG,3273200,BANDUNG WETAN,32.73.09,BANDUNG WETAN,SD LINGGAWASTU,20219838,AKTIVASI SISWA,6,ORANG,2022
3441,32,JAWA BARAT,3273,KOTA BANDUNG,3273200,BANDUNG WETAN,32.73.09,BANDUNG WETAN,SD MATHLAUL KHOERIYAH,20219856,SK SISWA,31,ORANG,2022
3442,32,JAWA BARAT,3273,KOTA BANDUNG,3273200,BANDUNG WETAN,32.73.09,BANDUNG WETAN,SD MATHLAUL KHOERIYAH,20219856,AKTIVASI SISWA,31,ORANG,2022
3443,32,JAWA BARAT,3273,KOTA BANDUNG,3273200,BANDUNG WETAN,32.73.09,BANDUNG WETAN,SD PERTIWI,20219823,SK SISWA,26,ORANG,2022
3444,32,JAWA BARAT,3273,KOTA BANDUNG,3273200,BANDUNG WETAN,32.73.09,BANDUNG WETAN,SD PERTIWI,20219823,AKTIVASI SISWA,26,ORANG,2022
3445,32,JAWA BARAT,3273,KOTA BANDUNG,3273200,BANDUNG WETAN,32.73.09,BANDUNG WETAN,SD SANTO AGUSTINUS,20219894,SK SISWA,1,ORANG,2022
3446,32,JAWA BARAT,3273,KOTA BANDUNG,3273200,BANDUNG WETAN,32.73.09,BANDUNG WETAN,SD SANTO AGUSTINUS,20219894,AKTIVASI SISWA,0,ORANG,2022
3447,32,JAWA BARAT,3273,KOTA BANDUNG,3273200,BANDUNG WETAN,32.73.09,BANDUNG WETAN,SD YAKESWA,20219906,SK SISWA,33,ORANG,2022
3448,32,JAWA BARAT,3273,KOTA BANDUNG,3273200,BANDUNG WETAN,32.73.09,BANDUNG WETAN,SD YAKESWA,20219906,AKTIVASI SISWA,33,ORANG,2022
3449,32,JAWA BARAT,3273,KOTA BANDUNG,3273200,BANDUNG WETAN,32.73.09,BANDUNG WETAN,SD YKPPK,20253349,SK SISWA,22,ORANG,2022
3450,32,JAWA BARAT,3273,KOTA BANDUNG,3273200,BANDUNG WETAN,32.73.09,BANDUNG WETAN,SD YKPPK,20253349,AKTIVASI SISWA,22,ORANG,2022
3451,32,JAWA BARAT,3273,KOTA BANDUNG,3273200,BANDUNG WETAN,32.73.09,BANDUNG WETAN,SDN 037 SABANG KOTA BANDUNG,20245285,SK SISWA,190,ORANG,2022
3452,32,JAWA BARAT,3273,KOTA BANDUNG,3273200,BANDUNG WETAN,32.73.09,BANDUNG WETAN,SDN 037 SABANG KOTA BANDUNG,20245285,AKTIVASI SISWA,190,ORANG,2022
3453,32,JAWA BARAT,3273,KOTA BANDUNG,3273200,BANDUNG WETAN,32.73.09,BANDUNG WETAN,SDN 062 CIUJUNG KOTA BANDUNG,20245187,SK SISWA,229,ORANG,2022
3454,32,JAWA BARAT,3273,KOTA BANDUNG,3273200,BANDUNG WETAN,32.73.09,BANDUNG WETAN,SDN 062 CIUJUNG KOTA BANDUNG,20245187,AKTIVASI SISWA,222,ORANG,2022
3455,32,JAWA BARAT,3273,KOTA BANDUNG,3273120,UJUNG BERUNG,32.73.26,UJUNGBERUNG,SD PLUS BAITURRAHMAN,20247254,SK SISWA,9,ORANG,2022
3456,32,JAWA BARAT,3273,KOTA BANDUNG,3273120,UJUNG BERUNG,32.73.26,UJUNGBERUNG,SD PLUS BAITURRAHMAN,20247254,AKTIVASI SISWA,5,ORANG,2022
3457,32,JAWA BARAT,3273,KOTA BANDUNG,3273120,UJUNG BERUNG,32.73.26,UJUNGBERUNG,SDN 021 CIPOREAT KOTA BANDUNG,20245527,SK SISWA,358,ORANG,2022
3458,32,JAWA BARAT,3273,KOTA BANDUNG,3273120,UJUNG BERUNG,32.73.26,UJUNGBERUNG,SDN 021 CIPOREAT KOTA BANDUNG,20245527,AKTIVASI SISWA,355,ORANG,2022
3459,32,JAWA BARAT,3273,KOTA BANDUNG,3273120,UJUNG BERUNG,32.73.26,UJUNGBERUNG,SDN 036 UJUNGBERUNG KOTA BANDUNG,20245826,SK SISWA,290,ORANG,2022
3460,32,JAWA BARAT,3273,KOTA BANDUNG,3273120,UJUNG BERUNG,32.73.26,UJUNGBERUNG,SDN 036 UJUNGBERUNG KOTA BANDUNG,20245826,AKTIVASI SISWA,290,ORANG,2022
3461,32,JAWA BARAT,3273,KOTA BANDUNG,3273120,UJUNG BERUNG,32.73.26,UJUNGBERUNG,SDN 106 AJITUNGGAL CIJAMBE KOTA BANDUNG,20246393,SK SISWA,393,ORANG,2022
3462,32,JAWA BARAT,3273,KOTA BANDUNG,3273120,UJUNG BERUNG,32.73.26,UJUNGBERUNG,SDN 106 AJITUNGGAL CIJAMBE KOTA BANDUNG,20246393,AKTIVASI SISWA,364,ORANG,2022
3463,32,JAWA BARAT,3273,KOTA BANDUNG,3273120,UJUNG BERUNG,32.73.26,UJUNGBERUNG,SDN 107 PALEDANG KOTA BANDUNG,20245729,SK SISWA,225,ORANG,2022
3464,32,JAWA BARAT,3273,KOTA BANDUNG,3273120,UJUNG BERUNG,32.73.26,UJUNGBERUNG,SDN 107 PALEDANG KOTA BANDUNG,20245729,AKTIVASI SISWA,218,ORANG,2022
3465,32,JAWA BARAT,3273,KOTA BANDUNG,3273120,UJUNG BERUNG,32.73.26,UJUNGBERUNG,SDN 224 CIJAMBE KOTA BANDUNG,20245517,SK SISWA,53,ORANG,2022
3466,32,JAWA BARAT,3273,KOTA BANDUNG,3273120,UJUNG BERUNG,32.73.26,UJUNGBERUNG,SDN 224 CIJAMBE KOTA BANDUNG,20245517,AKTIVASI SISWA,52,ORANG,2022
3467,32,JAWA BARAT,3273,KOTA BANDUNG,3273120,UJUNG BERUNG,32.73.26,UJUNGBERUNG,SDN 225 MEKARGALIH KOTA BANDUNG,20245714,SK SISWA,106,ORANG,2022
3468,32,JAWA BARAT,3273,KOTA BANDUNG,3273120,UJUNG BERUNG,32.73.26,UJUNGBERUNG,SDN 225 MEKARGALIH KOTA BANDUNG,20245714,AKTIVASI SISWA,103,ORANG,2022
3469,32,JAWA BARAT,3273,KOTA BANDUNG,3273120,UJUNG BERUNG,32.73.26,UJUNGBERUNG,SDN 253 PANGGUNGSARI KOTA BANDUNG,20245731,SK SISWA,132,ORANG,2022
3470,32,JAWA BARAT,3273,KOTA BANDUNG,3273120,UJUNG BERUNG,32.73.26,UJUNGBERUNG,SDN 253 PANGGUNGSARI KOTA BANDUNG,20245731,AKTIVASI SISWA,126,ORANG,2022
3471,32,JAWA BARAT,3273,KOTA BANDUNG,3273120,UJUNG BERUNG,32.73.26,UJUNGBERUNG,SLB YRBB,20280600,SK SISWA,10,ORANG,2022
3472,32,JAWA BARAT,3273,KOTA BANDUNG,3273120,UJUNG BERUNG,32.73.26,UJUNGBERUNG,SLB YRBB,20280600,AKTIVASI SISWA,0,ORANG,2022
3473,32,JAWA BARAT,3273,KOTA BANDUNG,3273010,BANDUNG KULON,32.73.15,BANDUNG KULON,SD ANDIR MUKTI,20219533,SK SISWA,45,ORANG,2022
3474,32,JAWA BARAT,3273,KOTA BANDUNG,3273010,BANDUNG KULON,32.73.15,BANDUNG KULON,SD ANDIR MUKTI,20219533,AKTIVASI SISWA,45,ORANG,2022
3475,32,JAWA BARAT,3273,KOTA BANDUNG,3273010,BANDUNG KULON,32.73.15,BANDUNG KULON,SD ATTAZHIMIYAH,20219538,SK SISWA,127,ORANG,2022
3476,32,JAWA BARAT,3273,KOTA BANDUNG,3273010,BANDUNG KULON,32.73.15,BANDUNG KULON,SD ATTAZHIMIYAH,20219538,AKTIVASI SISWA,112,ORANG,2022
3477,32,JAWA BARAT,3273,KOTA BANDUNG,3273010,BANDUNG KULON,32.73.15,BANDUNG KULON,SD BAITUL HIKMAH,69947447,SK SISWA,1,ORANG,2022
3478,32,JAWA BARAT,3273,KOTA BANDUNG,3273010,BANDUNG KULON,32.73.15,BANDUNG KULON,SD BAITUL HIKMAH,69947447,AKTIVASI SISWA,1,ORANG,2022
3479,32,JAWA BARAT,3273,KOTA BANDUNG,3273010,BANDUNG KULON,32.73.15,BANDUNG KULON,SD BANDUNG RAYA,20219537,SK SISWA,13,ORANG,2022
3480,32,JAWA BARAT,3273,KOTA BANDUNG,3273010,BANDUNG KULON,32.73.15,BANDUNG KULON,SD BANDUNG RAYA,20219537,AKTIVASI SISWA,10,ORANG,2022
3481,32,JAWA BARAT,3273,KOTA BANDUNG,3273010,BANDUNG KULON,32.73.15,BANDUNG KULON,SD CAHAYA NUSANTARA,20258325,SK SISWA,2,ORANG,2022
3482,32,JAWA BARAT,3273,KOTA BANDUNG,3273010,BANDUNG KULON,32.73.15,BANDUNG KULON,SD CAHAYA NUSANTARA,20258325,AKTIVASI SISWA,2,ORANG,2022
3483,32,JAWA BARAT,3273,KOTA BANDUNG,3273010,BANDUNG KULON,32.73.15,BANDUNG KULON,SD CITRA CEMARA,20269306,SK SISWA,1,ORANG,2022
3484,32,JAWA BARAT,3273,KOTA BANDUNG,3273010,BANDUNG KULON,32.73.15,BANDUNG KULON,SD CITRA CEMARA,20269306,AKTIVASI SISWA,1,ORANG,2022
3485,32,JAWA BARAT,3273,KOTA BANDUNG,3273010,BANDUNG KULON,32.73.15,BANDUNG KULON,SD KASIH BANGSA,69894361,SK SISWA,100,ORANG,2022
3486,32,JAWA BARAT,3273,KOTA BANDUNG,3273010,BANDUNG KULON,32.73.15,BANDUNG KULON,SD KASIH BANGSA,69894361,AKTIVASI SISWA,91,ORANG,2022
3487,32,JAWA BARAT,3273,KOTA BANDUNG,3273010,BANDUNG KULON,32.73.15,BANDUNG KULON,SD SURYANI DWI MARGA,20219889,SK SISWA,12,ORANG,2022
3488,32,JAWA BARAT,3273,KOTA BANDUNG,3273010,BANDUNG KULON,32.73.15,BANDUNG KULON,SD SURYANI DWI MARGA,20219889,AKTIVASI SISWA,12,ORANG,2022
3489,32,JAWA BARAT,3273,KOTA BANDUNG,3273010,BANDUNG KULON,32.73.15,BANDUNG KULON,SDN 011 CIBUNTU KOTA BANDUNG,20244743,SK SISWA,43,ORANG,2022
3490,32,JAWA BARAT,3273,KOTA BANDUNG,3273010,BANDUNG KULON,32.73.15,BANDUNG KULON,SDN 011 CIBUNTU KOTA BANDUNG,20244743,AKTIVASI SISWA,38,ORANG,2022
3491,32,JAWA BARAT,3273,KOTA BANDUNG,3273010,BANDUNG KULON,32.73.15,BANDUNG KULON,SDN 014 CIGONDEWAH KOTA BANDUNG,20244836,SK SISWA,395,ORANG,2022
3492,32,JAWA BARAT,3273,KOTA BANDUNG,3273010,BANDUNG KULON,32.73.15,BANDUNG KULON,SDN 014 CIGONDEWAH KOTA BANDUNG,20244836,AKTIVASI SISWA,368,ORANG,2022
3493,32,JAWA BARAT,3273,KOTA BANDUNG,3273010,BANDUNG KULON,32.73.15,BANDUNG KULON,SDN 041 CIBUNTU WARUNG MUNCANG KOTA BANDUNG,20244744,SK SISWA,103,ORANG,2022
3494,32,JAWA BARAT,3273,KOTA BANDUNG,3273010,BANDUNG KULON,32.73.15,BANDUNG KULON,SDN 041 CIBUNTU WARUNG MUNCANG KOTA BANDUNG,20244744,AKTIVASI SISWA,102,ORANG,2022
3495,32,JAWA BARAT,3273,KOTA BANDUNG,3273010,BANDUNG KULON,32.73.15,BANDUNG KULON,SDN 061 CIJERAH KOTA BANDUNG,20244841,SK SISWA,24,ORANG,2022
3496,32,JAWA BARAT,3273,KOTA BANDUNG,3273010,BANDUNG KULON,32.73.15,BANDUNG KULON,SDN 061 CIJERAH KOTA BANDUNG,20244841,AKTIVASI SISWA,24,ORANG,2022
3497,32,JAWA BARAT,3273,KOTA BANDUNG,3273010,BANDUNG KULON,32.73.15,BANDUNG KULON,SDN 080 BOJONG INDAH CIBUNTU KOTA BANDUNG,20244740,SK SISWA,65,ORANG,2022
3498,32,JAWA BARAT,3273,KOTA BANDUNG,3273010,BANDUNG KULON,32.73.15,BANDUNG KULON,SDN 080 BOJONG INDAH CIBUNTU KOTA BANDUNG,20244740,AKTIVASI SISWA,61,ORANG,2022
3499,32,JAWA BARAT,3273,KOTA BANDUNG,3273010,BANDUNG KULON,32.73.15,BANDUNG KULON,SDN 093 TUNAS HARAPAN CIJERAH KOTA BANDUNG,20244933,SK SISWA,67,ORANG,2022
3500,32,JAWA BARAT,3273,KOTA BANDUNG,3273010,BANDUNG KULON,32.73.15,BANDUNG KULON,SDN 093 TUNAS HARAPAN CIJERAH KOTA BANDUNG,20244933,AKTIVASI SISWA,67,ORANG,2022
3501,32,JAWA BARAT,3273,KOTA BANDUNG,3273010,BANDUNG KULON,32.73.15,BANDUNG KULON,SDN 121 CARINGIN HOLIS KOTA BANDUNG,20244742,SK SISWA,188,ORANG,2022
3502,32,JAWA BARAT,3273,KOTA BANDUNG,3273010,BANDUNG KULON,32.73.15,BANDUNG KULON,SDN 121 CARINGIN HOLIS KOTA BANDUNG,20244742,AKTIVASI SISWA,185,ORANG,2022
3503,32,JAWA BARAT,3273,KOTA BANDUNG,3273010,BANDUNG KULON,32.73.15,BANDUNG KULON,SDN 182 PERUMNAS CIJERAH KOTA BANDUNG,20244899,SK SISWA,133,ORANG,2022
3504,32,JAWA BARAT,3273,KOTA BANDUNG,3273010,BANDUNG KULON,32.73.15,BANDUNG KULON,SDN 182 PERUMNAS CIJERAH KOTA BANDUNG,20244899,AKTIVASI SISWA,133,ORANG,2022
3505,32,JAWA BARAT,3273,KOTA BANDUNG,3273010,BANDUNG KULON,32.73.15,BANDUNG KULON,SDN 183 SAYURAN KOTA BANDUNG,20244910,SK SISWA,15,ORANG,2022
3506,32,JAWA BARAT,3273,KOTA BANDUNG,3273010,BANDUNG KULON,32.73.15,BANDUNG KULON,SDN 183 SAYURAN KOTA BANDUNG,20244910,AKTIVASI SISWA,15,ORANG,2022
3507,32,JAWA BARAT,3273,KOTA BANDUNG,3273010,BANDUNG KULON,32.73.15,BANDUNG KULON,SDN 199 SAYURAN KOTA BANDUNG,20244909,SK SISWA,14,ORANG,2022
3508,32,JAWA BARAT,3273,KOTA BANDUNG,3273010,BANDUNG KULON,32.73.15,BANDUNG KULON,SDN 199 SAYURAN KOTA BANDUNG,20244909,AKTIVASI SISWA,14,ORANG,2022
3509,32,JAWA BARAT,3273,KOTA BANDUNG,3273010,BANDUNG KULON,32.73.15,BANDUNG KULON,SDN 214 PERUMNAS CIJERAH KOTA BANDUNG,20244900,SK SISWA,6,ORANG,2022
3510,32,JAWA BARAT,3273,KOTA BANDUNG,3273010,BANDUNG KULON,32.73.15,BANDUNG KULON,SDN 214 PERUMNAS CIJERAH KOTA BANDUNG,20244900,AKTIVASI SISWA,6,ORANG,2022
3511,32,JAWA BARAT,3273,KOTA BANDUNG,3273010,BANDUNG KULON,32.73.15,BANDUNG KULON,SDN 232 BLOK SAWAH KOTA BANDUNG,20244739,SK SISWA,13,ORANG,2022
3512,32,JAWA BARAT,3273,KOTA BANDUNG,3273010,BANDUNG KULON,32.73.15,BANDUNG KULON,SDN 232 BLOK SAWAH KOTA BANDUNG,20244739,AKTIVASI SISWA,13,ORANG,2022
3513,32,JAWA BARAT,3273,KOTA BANDUNG,3273010,BANDUNG KULON,32.73.15,BANDUNG KULON,SDN 238 CIGONDEWAH KOTA BANDUNG,20244839,SK SISWA,146,ORANG,2022
3514,32,JAWA BARAT,3273,KOTA BANDUNG,3273010,BANDUNG KULON,32.73.15,BANDUNG KULON,SDN 238 CIGONDEWAH KOTA BANDUNG,20244839,AKTIVASI SISWA,138,ORANG,2022
3515,32,JAWA BARAT,3273,KOTA BANDUNG,3273010,BANDUNG KULON,32.73.15,BANDUNG KULON,SDN 239 CIGONDEWAH KOTA BANDUNG,20244838,SK SISWA,139,ORANG,2022
3516,32,JAWA BARAT,3273,KOTA BANDUNG,3273010,BANDUNG KULON,32.73.15,BANDUNG KULON,SDN 239 CIGONDEWAH KOTA BANDUNG,20244838,AKTIVASI SISWA,136,ORANG,2022
3517,32,JAWA BARAT,3273,KOTA BANDUNG,3273010,BANDUNG KULON,32.73.15,BANDUNG KULON,SDN 240 CIJERAH INDAH KOTA BANDUNG,20244846,SK SISWA,10,ORANG,2022
3518,32,JAWA BARAT,3273,KOTA BANDUNG,3273010,BANDUNG KULON,32.73.15,BANDUNG KULON,SDN 240 CIJERAH INDAH KOTA BANDUNG,20244846,AKTIVASI SISWA,10,ORANG,2022
3519,32,JAWA BARAT,3273,KOTA BANDUNG,3273010,BANDUNG KULON,32.73.15,BANDUNG KULON,SDN 256 CIGONDEWAH HILIR KOTA BANDUNG,20244840,SK SISWA,75,ORANG,2022
3520,32,JAWA BARAT,3273,KOTA BANDUNG,3273010,BANDUNG KULON,32.73.15,BANDUNG KULON,SDN 256 CIGONDEWAH HILIR KOTA BANDUNG,20244840,AKTIVASI SISWA,69,ORANG,2022
3521,32,JAWA BARAT,3273,KOTA BANDUNG,3273010,BANDUNG KULON,32.73.15,BANDUNG KULON,SDN 273 GEMPOL SARI KOTA BANDUNG,20244863,SK SISWA,9,ORANG,2022
3522,32,JAWA BARAT,3273,KOTA BANDUNG,3273010,BANDUNG KULON,32.73.15,BANDUNG KULON,SDN 273 GEMPOL SARI KOTA BANDUNG,20244863,AKTIVASI SISWA,9,ORANG,2022
3523,32,JAWA BARAT,3273,KOTA BANDUNG,3273010,BANDUNG KULON,32.73.15,BANDUNG KULON,SLB B TUT WURI HANDAYANI,20280589,SK SISWA,3,ORANG,2022
3524,32,JAWA BARAT,3273,KOTA BANDUNG,3273010,BANDUNG KULON,32.73.15,BANDUNG KULON,SLB B TUT WURI HANDAYANI,20280589,AKTIVASI SISWA,3,ORANG,2022
3525,32,JAWA BARAT,3273,KOTA BANDUNG,3273010,BANDUNG KULON,32.73.15,BANDUNG KULON,SLB PELITA ADINDA B,69948890,SK SISWA,7,ORANG,2022
3526,32,JAWA BARAT,3273,KOTA BANDUNG,3273010,BANDUNG KULON,32.73.15,BANDUNG KULON,SLB PELITA ADINDA B,69948890,AKTIVASI SISWA,7,ORANG,2022
3527,32,JAWA BARAT,3273,KOTA BANDUNG,3273060,REGOL,32.73.11,REGOL,SD ASSALAAM,20219541,SK SISWA,2,ORANG,2022
3528,32,JAWA BARAT,3273,KOTA BANDUNG,3273060,REGOL,32.73.11,REGOL,SD ASSALAAM,20219541,AKTIVASI SISWA,0,ORANG,2022
3529,32,JAWA BARAT,3273,KOTA BANDUNG,3273060,REGOL,32.73.11,REGOL,SD DEWI SARTIKA,20219596,SK SISWA,1,ORANG,2022
3530,32,JAWA BARAT,3273,KOTA BANDUNG,3273060,REGOL,32.73.11,REGOL,SD DEWI SARTIKA,20219596,AKTIVASI SISWA,1,ORANG,2022
3531,32,JAWA BARAT,3273,KOTA BANDUNG,3273060,REGOL,32.73.11,REGOL,SD DIAN KENCANA,20219606,SK SISWA,4,ORANG,2022
3532,32,JAWA BARAT,3273,KOTA BANDUNG,3273060,REGOL,32.73.11,REGOL,SD DIAN KENCANA,20219606,AKTIVASI SISWA,3,ORANG,2022
3533,32,JAWA BARAT,3273,KOTA BANDUNG,3273060,REGOL,32.73.11,REGOL,SD NUGRAHA,20219821,SK SISWA,9,ORANG,2022
3534,32,JAWA BARAT,3273,KOTA BANDUNG,3273060,REGOL,32.73.11,REGOL,SD NUGRAHA,20219821,AKTIVASI SISWA,9,ORANG,2022
3535,32,JAWA BARAT,3273,KOTA BANDUNG,3273060,REGOL,32.73.11,REGOL,SD PLUS AL FATWA,20246728,SK SISWA,34,ORANG,2022
3536,32,JAWA BARAT,3273,KOTA BANDUNG,3273060,REGOL,32.73.11,REGOL,SD PLUS AL FATWA,20246728,AKTIVASI SISWA,33,ORANG,2022
3537,32,JAWA BARAT,3273,KOTA BANDUNG,3273060,REGOL,32.73.11,REGOL,SD YOS SUDARSO,20246460,SK SISWA,2,ORANG,2022
3538,32,JAWA BARAT,3273,KOTA BANDUNG,3273060,REGOL,32.73.11,REGOL,SD YOS SUDARSO,20246460,AKTIVASI SISWA,2,ORANG,2022
3539,32,JAWA BARAT,3273,KOTA BANDUNG,3273060,REGOL,32.73.11,REGOL,SDN 008 MOHAMAD TOHA KOTA BANDUNG,20245238,SK SISWA,43,ORANG,2022
3540,32,JAWA BARAT,3273,KOTA BANDUNG,3273060,REGOL,32.73.11,REGOL,SDN 008 MOHAMAD TOHA KOTA BANDUNG,20245238,AKTIVASI SISWA,34,ORANG,2022
3541,32,JAWA BARAT,3273,KOTA BANDUNG,3273060,REGOL,32.73.11,REGOL,SDN 020 LENGKONG BESAR KOTA BANDUNG,20245219,SK SISWA,42,ORANG,2022
3542,32,JAWA BARAT,3273,KOTA BANDUNG,3273060,REGOL,32.73.11,REGOL,SDN 020 LENGKONG BESAR KOTA BANDUNG,20245219,AKTIVASI SISWA,35,ORANG,2022
3543,32,JAWA BARAT,3273,KOTA BANDUNG,3273060,REGOL,32.73.11,REGOL,SDN 033 ASMI KOTA BANDUNG,20245201,SK SISWA,67,ORANG,2022
3544,32,JAWA BARAT,3273,KOTA BANDUNG,3273060,REGOL,32.73.11,REGOL,SDN 033 ASMI KOTA BANDUNG,20245201,AKTIVASI SISWA,61,ORANG,2022
3545,32,JAWA BARAT,3273,KOTA BANDUNG,3273060,REGOL,32.73.11,REGOL,SDN 047 BALONGGEDE KOTA BANDUNG,20251861,SK SISWA,57,ORANG,2022
3546,32,JAWA BARAT,3273,KOTA BANDUNG,3273060,REGOL,32.73.11,REGOL,SDN 047 BALONGGEDE KOTA BANDUNG,20251861,AKTIVASI SISWA,56,ORANG,2022
3547,32,JAWA BARAT,3273,KOTA BANDUNG,3273060,REGOL,32.73.11,REGOL,SDN 070 PASIRLUYU KOTA BANDUNG,20246459,SK SISWA,28,ORANG,2022
3548,32,JAWA BARAT,3273,KOTA BANDUNG,3273060,REGOL,32.73.11,REGOL,SDN 070 PASIRLUYU KOTA BANDUNG,20246459,AKTIVASI SISWA,28,ORANG,2022
3549,32,JAWA BARAT,3273,KOTA BANDUNG,3273060,REGOL,32.73.11,REGOL,SDN 112 PAMOYANAN KOTA BANDUNG,20245254,SK SISWA,67,ORANG,2022
3550,32,JAWA BARAT,3273,KOTA BANDUNG,3273060,REGOL,32.73.11,REGOL,SDN 112 PAMOYANAN KOTA BANDUNG,20245254,AKTIVASI SISWA,65,ORANG,2022
3551,32,JAWA BARAT,3273,KOTA BANDUNG,3273060,REGOL,32.73.11,REGOL,SDN 120 KOTABARU KOTA BANDUNG,20245218,SK SISWA,41,ORANG,2022
3552,32,JAWA BARAT,3273,KOTA BANDUNG,3273060,REGOL,32.73.11,REGOL,SDN 120 KOTABARU KOTA BANDUNG,20245218,AKTIVASI SISWA,39,ORANG,2022
3553,32,JAWA BARAT,3273,KOTA BANDUNG,3273060,REGOL,32.73.11,REGOL,SDN 123 BABAKAN PRIANGAN KOTA BANDUNG,20245108,SK SISWA,40,ORANG,2022
3554,32,JAWA BARAT,3273,KOTA BANDUNG,3273060,REGOL,32.73.11,REGOL,SDN 123 BABAKAN PRIANGAN KOTA BANDUNG,20245108,AKTIVASI SISWA,37,ORANG,2022
3555,32,JAWA BARAT,3273,KOTA BANDUNG,3273060,REGOL,32.73.11,REGOL,SDN 166 CIATEUL KOTA BANDUNG,20245146,SK SISWA,53,ORANG,2022
3556,32,JAWA BARAT,3273,KOTA BANDUNG,3273060,REGOL,32.73.11,REGOL,SDN 166 CIATEUL KOTA BANDUNG,20245146,AKTIVASI SISWA,44,ORANG,2022
3557,32,JAWA BARAT,3273,KOTA BANDUNG,3273060,REGOL,32.73.11,REGOL,SDN 167 MENGGER GIRANG KOTA BANDUNG,20245229,SK SISWA,125,ORANG,2022
3558,32,JAWA BARAT,3273,KOTA BANDUNG,3273060,REGOL,32.73.11,REGOL,SDN 167 MENGGER GIRANG KOTA BANDUNG,20245229,AKTIVASI SISWA,125,ORANG,2022
3559,32,JAWA BARAT,3273,KOTA BANDUNG,3273060,REGOL,32.73.11,REGOL,SDN 192 CIBURUY KOTA BANDUNG,20245148,SK SISWA,30,ORANG,2022
3560,32,JAWA BARAT,3273,KOTA BANDUNG,3273060,REGOL,32.73.11,REGOL,SDN 192 CIBURUY KOTA BANDUNG,20245148,AKTIVASI SISWA,29,ORANG,2022
3561,32,JAWA BARAT,3273,KOTA BANDUNG,3273060,REGOL,32.73.11,REGOL,SDN 211 BABAKAN PRIANGAN KOTA BANDUNG,20245110,SK SISWA,49,ORANG,2022
3562,32,JAWA BARAT,3273,KOTA BANDUNG,3273060,REGOL,32.73.11,REGOL,SDN 211 BABAKAN PRIANGAN KOTA BANDUNG,20245110,AKTIVASI SISWA,49,ORANG,2022
3563,32,JAWA BARAT,3273,KOTA BANDUNG,3273060,REGOL,32.73.11,REGOL,SDN 223 BHAKTI WINAYA KOTA BANDUNG,20245114,SK SISWA,62,ORANG,2022
3564,32,JAWA BARAT,3273,KOTA BANDUNG,3273060,REGOL,32.73.11,REGOL,SDN 223 BHAKTI WINAYA KOTA BANDUNG,20245114,AKTIVASI SISWA,61,ORANG,2022
3565,32,JAWA BARAT,3273,KOTA BANDUNG,3273060,REGOL,32.73.11,REGOL,SLB AUTISME PELITA HAFIZH,20219865,SK SISWA,13,ORANG,2022
3566,32,JAWA BARAT,3273,KOTA BANDUNG,3273060,REGOL,32.73.11,REGOL,SLB AUTISME PELITA HAFIZH,20219865,AKTIVASI SISWA,12,ORANG,2022
3567,32,JAWA BARAT,3273,KOTA BANDUNG,3273060,REGOL,32.73.11,REGOL,SLB RISANTYA,20280591,SK SISWA,7,ORANG,2022
3568,32,JAWA BARAT,3273,KOTA BANDUNG,3273060,REGOL,32.73.11,REGOL,SLB RISANTYA,20280591,AKTIVASI SISWA,6,ORANG,2022
3569,32,JAWA BARAT,3273,KOTA BANDUNG,3273240,SUKAJADI,32.73.07,SUKAJADI,SD AL IKHLAS,20219532,SK SISWA,267,ORANG,2022
3570,32,JAWA BARAT,3273,KOTA BANDUNG,3273240,SUKAJADI,32.73.07,SUKAJADI,SD AL IKHLAS,20219532,AKTIVASI SISWA,246,ORANG,2022
3571,32,JAWA BARAT,3273,KOTA BANDUNG,3273240,SUKAJADI,32.73.07,SUKAJADI,SD CEMARA,20219601,SK SISWA,30,ORANG,2022
3572,32,JAWA BARAT,3273,KOTA BANDUNG,3273240,SUKAJADI,32.73.07,SUKAJADI,SD CEMARA,20219601,AKTIVASI SISWA,27,ORANG,2022
3573,32,JAWA BARAT,3273,KOTA BANDUNG,3273240,SUKAJADI,32.73.07,SUKAJADI,SD CITRA WINAYA,20219598,SK SISWA,64,ORANG,2022
3574,32,JAWA BARAT,3273,KOTA BANDUNG,3273240,SUKAJADI,32.73.07,SUKAJADI,SD CITRA WINAYA,20219598,AKTIVASI SISWA,64,ORANG,2022
3575,32,JAWA BARAT,3273,KOTA BANDUNG,3273240,SUKAJADI,32.73.07,SUKAJADI,SD IBNU TAIMIYAH,20219610,SK SISWA,46,ORANG,2022
3576,32,JAWA BARAT,3273,KOTA BANDUNG,3273240,SUKAJADI,32.73.07,SUKAJADI,SD IBNU TAIMIYAH,20219610,AKTIVASI SISWA,38,ORANG,2022
3577,32,JAWA BARAT,3273,KOTA BANDUNG,3273240,SUKAJADI,32.73.07,SUKAJADI,SD MUHAMMADIYAH 4,20219851,SK SISWA,64,ORANG,2022
3578,32,JAWA BARAT,3273,KOTA BANDUNG,3273240,SUKAJADI,32.73.07,SUKAJADI,SD MUHAMMADIYAH 4,20219851,AKTIVASI SISWA,58,ORANG,2022
3579,32,JAWA BARAT,3273,KOTA BANDUNG,3273240,SUKAJADI,32.73.07,SUKAJADI,SD SEMI PALAR,69883610,SK SISWA,2,ORANG,2022
3580,32,JAWA BARAT,3273,KOTA BANDUNG,3273240,SUKAJADI,32.73.07,SUKAJADI,SD SEMI PALAR,69883610,AKTIVASI SISWA,2,ORANG,2022
3581,32,JAWA BARAT,3273,KOTA BANDUNG,3273240,SUKAJADI,32.73.07,SUKAJADI,SD UCHUWWATUL ISLAM,20219897,SK SISWA,47,ORANG,2022
3582,32,JAWA BARAT,3273,KOTA BANDUNG,3273240,SUKAJADI,32.73.07,SUKAJADI,SD UCHUWWATUL ISLAM,20219897,AKTIVASI SISWA,46,ORANG,2022
3583,32,JAWA BARAT,3273,KOTA BANDUNG,3273240,SUKAJADI,32.73.07,SUKAJADI,SDN 018 SUKAGALIH KOTA BANDUNG,20245266,SK SISWA,80,ORANG,2022
3584,32,JAWA BARAT,3273,KOTA BANDUNG,3273240,SUKAJADI,32.73.07,SUKAJADI,SDN 018 SUKAGALIH KOTA BANDUNG,20245266,AKTIVASI SISWA,77,ORANG,2022
3585,32,JAWA BARAT,3273,KOTA BANDUNG,3273240,SUKAJADI,32.73.07,SUKAJADI,SDN 048 SIRNAMANAH KOTA BANDUNG,20244920,SK SISWA,156,ORANG,2022
3586,32,JAWA BARAT,3273,KOTA BANDUNG,3273240,SUKAJADI,32.73.07,SUKAJADI,SDN 048 SIRNAMANAH KOTA BANDUNG,20244920,AKTIVASI SISWA,144,ORANG,2022
3587,32,JAWA BARAT,3273,KOTA BANDUNG,3273240,SUKAJADI,32.73.07,SUKAJADI,SDN 071 SUKAGALIH KOTA BANDUNG,20245267,SK SISWA,190,ORANG,2022
3588,32,JAWA BARAT,3273,KOTA BANDUNG,3273240,SUKAJADI,32.73.07,SUKAJADI,SDN 071 SUKAGALIH KOTA BANDUNG,20245267,AKTIVASI SISWA,184,ORANG,2022
3589,32,JAWA BARAT,3273,KOTA BANDUNG,3273240,SUKAJADI,32.73.07,SUKAJADI,SDN 072 SUKASARI KOTA BANDUNG,20245276,SK SISWA,25,ORANG,2022
3590,32,JAWA BARAT,3273,KOTA BANDUNG,3273240,SUKAJADI,32.73.07,SUKAJADI,SDN 072 SUKASARI KOTA BANDUNG,20245276,AKTIVASI SISWA,25,ORANG,2022
3591,32,JAWA BARAT,3273,KOTA BANDUNG,3273240,SUKAJADI,32.73.07,SUKAJADI,SDN 076 SUKAJADI KOTA BANDUNG,20244925,SK SISWA,119,ORANG,2022
3592,32,JAWA BARAT,3273,KOTA BANDUNG,3273240,SUKAJADI,32.73.07,SUKAJADI,SDN 076 SUKAJADI KOTA BANDUNG,20244925,AKTIVASI SISWA,112,ORANG,2022
3593,32,JAWA BARAT,3273,KOTA BANDUNG,3273240,SUKAJADI,32.73.07,SUKAJADI,SDN 077 SEJAHTERA KOTA BANDUNG,20245980,SK SISWA,237,ORANG,2022
3594,32,JAWA BARAT,3273,KOTA BANDUNG,3273240,SUKAJADI,32.73.07,SUKAJADI,SDN 077 SEJAHTERA KOTA BANDUNG,20245980,AKTIVASI SISWA,225,ORANG,2022
3595,32,JAWA BARAT,3273,KOTA BANDUNG,3273240,SUKAJADI,32.73.07,SUKAJADI,SDN 096 SARIJADI SELATAN KOTA BANDUNG,20245260,SK SISWA,19,ORANG,2022
3596,32,JAWA BARAT,3273,KOTA BANDUNG,3273240,SUKAJADI,32.73.07,SUKAJADI,SDN 096 SARIJADI SELATAN KOTA BANDUNG,20245260,AKTIVASI SISWA,17,ORANG,2022
3597,32,JAWA BARAT,3273,KOTA BANDUNG,3273240,SUKAJADI,32.73.07,SUKAJADI,SDN 136 SUKAWARNA KOTA BANDUNG,20245278,SK SISWA,64,ORANG,2022
3598,32,JAWA BARAT,3273,KOTA BANDUNG,3273240,SUKAJADI,32.73.07,SUKAJADI,SDN 136 SUKAWARNA KOTA BANDUNG,20245278,AKTIVASI SISWA,58,ORANG,2022
3599,32,JAWA BARAT,3273,KOTA BANDUNG,3273240,SUKAJADI,32.73.07,SUKAJADI,SDN 193 CARINGIN KOTA BANDUNG,20245126,SK SISWA,173,ORANG,2022
3600,32,JAWA BARAT,3273,KOTA BANDUNG,3273240,SUKAJADI,32.73.07,SUKAJADI,SDN 193 CARINGIN KOTA BANDUNG,20245126,AKTIVASI SISWA,168,ORANG,2022
3601,32,JAWA BARAT,3273,KOTA BANDUNG,3273240,SUKAJADI,32.73.07,SUKAJADI,SDN 194 SUKAJADI KOTA BANDUNG,20244926,SK SISWA,79,ORANG,2022
3602,32,JAWA BARAT,3273,KOTA BANDUNG,3273240,SUKAJADI,32.73.07,SUKAJADI,SDN 194 SUKAJADI KOTA BANDUNG,20244926,AKTIVASI SISWA,76,ORANG,2022
3603,32,JAWA BARAT,3273,KOTA BANDUNG,3273240,SUKAJADI,32.73.07,SUKAJADI,SDN 207 CIBOGO KOTA BANDUNG,20245137,SK SISWA,62,ORANG,2022
3604,32,JAWA BARAT,3273,KOTA BANDUNG,3273240,SUKAJADI,32.73.07,SUKAJADI,SDN 207 CIBOGO KOTA BANDUNG,20245137,AKTIVASI SISWA,60,ORANG,2022
3605,32,JAWA BARAT,3273,KOTA BANDUNG,3273240,SUKAJADI,32.73.07,SUKAJADI,SDN 208 LUGINASARI SUKAGALIH KOTA BANDUNG,20245963,SK SISWA,99,ORANG,2022
3606,32,JAWA BARAT,3273,KOTA BANDUNG,3273240,SUKAJADI,32.73.07,SUKAJADI,SDN 208 LUGINASARI SUKAGALIH KOTA BANDUNG,20245963,AKTIVASI SISWA,98,ORANG,2022
3607,32,JAWA BARAT,3273,KOTA BANDUNG,3273240,SUKAJADI,32.73.07,SUKAJADI,SDN 272 SUKASARI KOTA BANDUNG,20245274,SK SISWA,28,ORANG,2022
3608,32,JAWA BARAT,3273,KOTA BANDUNG,3273240,SUKAJADI,32.73.07,SUKAJADI,SDN 272 SUKASARI KOTA BANDUNG,20245274,AKTIVASI SISWA,27,ORANG,2022
3609,32,JAWA BARAT,3273,KOTA BANDUNG,3273240,SUKAJADI,32.73.07,SUKAJADI,SLB D YPAC,20219745,SK SISWA,5,ORANG,2022
3610,32,JAWA BARAT,3273,KOTA BANDUNG,3273240,SUKAJADI,32.73.07,SUKAJADI,SLB D YPAC,20219745,AKTIVASI SISWA,3,ORANG,2022
3611,32,JAWA BARAT,3273,KOTA BANDUNG,3273240,SUKAJADI,32.73.07,SUKAJADI,SLB MUHAMMADIYAH CIPEDES,20259612,SK SISWA,2,ORANG,2022
3612,32,JAWA BARAT,3273,KOTA BANDUNG,3273240,SUKAJADI,32.73.07,SUKAJADI,SLB MUHAMMADIYAH CIPEDES,20259612,AKTIVASI SISWA,2,ORANG,2022
3613,32,JAWA BARAT,3273,KOTA BANDUNG,3273240,SUKAJADI,32.73.07,SUKAJADI,SLB NOOR RAKHMAH,20280592,SK SISWA,2,ORANG,2022
3614,32,JAWA BARAT,3273,KOTA BANDUNG,3273240,SUKAJADI,32.73.07,SUKAJADI,SLB NOOR RAKHMAH,20280592,AKTIVASI SISWA,1,ORANG,2022
3615,32,JAWA BARAT,3273,KOTA BANDUNG,3273250,SUKASARI,32.73.01,SUKASARI,SD MIFTAHUL IMAN,20219855,SK SISWA,16,ORANG,2022
3616,32,JAWA BARAT,3273,KOTA BANDUNG,3273250,SUKASARI,32.73.01,SUKASARI,SD MIFTAHUL IMAN,20219855,AKTIVASI SISWA,15,ORANG,2022
3617,32,JAWA BARAT,3273,KOTA BANDUNG,3273250,SUKASARI,32.73.01,SUKASARI,SDN 097 CIRATEUN KULON KOTA BANDUNG,20244855,SK SISWA,60,ORANG,2022
3618,32,JAWA BARAT,3273,KOTA BANDUNG,3273250,SUKASARI,32.73.01,SUKASARI,SDN 097 CIRATEUN KULON KOTA BANDUNG,20244855,AKTIVASI SISWA,56,ORANG,2022
3619,32,JAWA BARAT,3273,KOTA BANDUNG,3273250,SUKASARI,32.73.01,SUKASARI,SDN 100 CIPEDES KOTA BANDUNG,20245922,SK SISWA,60,ORANG,2022
3620,32,JAWA BARAT,3273,KOTA BANDUNG,3273250,SUKASARI,32.73.01,SUKASARI,SDN 100 CIPEDES KOTA BANDUNG,20245922,AKTIVASI SISWA,57,ORANG,2022
3621,32,JAWA BARAT,3273,KOTA BANDUNG,3273250,SUKASARI,32.73.01,SUKASARI,SDN 137 CIJEROKASO KOTA BANDUNG,20244848,SK SISWA,66,ORANG,2022
3622,32,JAWA BARAT,3273,KOTA BANDUNG,3273250,SUKASARI,32.73.01,SUKASARI,SDN 137 CIJEROKASO KOTA BANDUNG,20244848,AKTIVASI SISWA,65,ORANG,2022
3623,32,JAWA BARAT,3273,KOTA BANDUNG,3273250,SUKASARI,32.73.01,SUKASARI,SDN 138 GEGERKALONG GIRANG KOTA BANDUNG,20247203,SK SISWA,230,ORANG,2022
3624,32,JAWA BARAT,3273,KOTA BANDUNG,3273250,SUKASARI,32.73.01,SUKASARI,SDN 138 GEGERKALONG GIRANG KOTA BANDUNG,20247203,AKTIVASI SISWA,203,ORANG,2022
3625,32,JAWA BARAT,3273,KOTA BANDUNG,3273250,SUKASARI,32.73.01,SUKASARI,SDN 139 SUKARASA KOTA BANDUNG,20244928,SK SISWA,57,ORANG,2022
3626,32,JAWA BARAT,3273,KOTA BANDUNG,3273250,SUKASARI,32.73.01,SUKASARI,SDN 139 SUKARASA KOTA BANDUNG,20244928,AKTIVASI SISWA,54,ORANG,2022
3627,32,JAWA BARAT,3273,KOTA BANDUNG,3273250,SUKASARI,32.73.01,SUKASARI,SDN 176 CILANDAK KOTA BANDUNG,20245918,SK SISWA,18,ORANG,2022
3628,32,JAWA BARAT,3273,KOTA BANDUNG,3273250,SUKASARI,32.73.01,SUKASARI,SDN 176 CILANDAK KOTA BANDUNG,20245918,AKTIVASI SISWA,17,ORANG,2022
3629,32,JAWA BARAT,3273,KOTA BANDUNG,3273250,SUKASARI,32.73.01,SUKASARI,SDN 177 CIPEDES KOTA BANDUNG,20245919,SK SISWA,65,ORANG,2022
3630,32,JAWA BARAT,3273,KOTA BANDUNG,3273250,SUKASARI,32.73.01,SUKASARI,SDN 177 CIPEDES KOTA BANDUNG,20245919,AKTIVASI SISWA,64,ORANG,2022
3631,32,JAWA BARAT,3273,KOTA BANDUNG,3273250,SUKASARI,32.73.01,SUKASARI,SDN 178 GEGERKALONG KPAD KOTA BANDUNG,20244861,SK SISWA,84,ORANG,2022
3632,32,JAWA BARAT,3273,KOTA BANDUNG,3273250,SUKASARI,32.73.01,SUKASARI,SDN 178 GEGERKALONG KPAD KOTA BANDUNG,20244861,AKTIVASI SISWA,83,ORANG,2022
3633,32,JAWA BARAT,3273,KOTA BANDUNG,3273250,SUKASARI,32.73.01,SUKASARI,SDN 179 SARIJADI KOTA BANDUNG,20244903,SK SISWA,78,ORANG,2022
3634,32,JAWA BARAT,3273,KOTA BANDUNG,3273250,SUKASARI,32.73.01,SUKASARI,SDN 179 SARIJADI KOTA BANDUNG,20244903,AKTIVASI SISWA,76,ORANG,2022
3635,32,JAWA BARAT,3273,KOTA BANDUNG,3273250,SUKASARI,32.73.01,SUKASARI,SDN 195 ISOLA KOTA BANDUNG,20244878,SK SISWA,144,ORANG,2022
3636,32,JAWA BARAT,3273,KOTA BANDUNG,3273250,SUKASARI,32.73.01,SUKASARI,SDN 195 ISOLA KOTA BANDUNG,20244878,AKTIVASI SISWA,139,ORANG,2022
3637,32,JAWA BARAT,3273,KOTA BANDUNG,3273250,SUKASARI,32.73.01,SUKASARI,SDN 196 SUKARASA KOTA BANDUNG,20244929,SK SISWA,117,ORANG,2022
3638,32,JAWA BARAT,3273,KOTA BANDUNG,3273250,SUKASARI,32.73.01,SUKASARI,SDN 196 SUKARASA KOTA BANDUNG,20244929,AKTIVASI SISWA,109,ORANG,2022
3639,32,JAWA BARAT,3273,KOTA BANDUNG,3273250,SUKASARI,32.73.01,SUKASARI,SDN 212 HARAPAN KOTA BANDUNG,20245941,SK SISWA,43,ORANG,2022
3640,32,JAWA BARAT,3273,KOTA BANDUNG,3273250,SUKASARI,32.73.01,SUKASARI,SDN 212 HARAPAN KOTA BANDUNG,20245941,AKTIVASI SISWA,42,ORANG,2022
3641,32,JAWA BARAT,3273,KOTA BANDUNG,3273250,SUKASARI,32.73.01,SUKASARI,SDN 217 SARIJADI KOTA BANDUNG,20245971,SK SISWA,21,ORANG,2022
3642,32,JAWA BARAT,3273,KOTA BANDUNG,3273250,SUKASARI,32.73.01,SUKASARI,SDN 217 SARIJADI KOTA BANDUNG,20245971,AKTIVASI SISWA,21,ORANG,2022
3643,32,JAWA BARAT,3273,KOTA BANDUNG,3273250,SUKASARI,32.73.01,SUKASARI,SDN 218 SARIJADI KOTA BANDUNG,20244907,SK SISWA,43,ORANG,2022
3644,32,JAWA BARAT,3273,KOTA BANDUNG,3273250,SUKASARI,32.73.01,SUKASARI,SDN 218 SARIJADI KOTA BANDUNG,20244907,AKTIVASI SISWA,40,ORANG,2022
3645,32,JAWA BARAT,3273,KOTA BANDUNG,3273250,SUKASARI,32.73.01,SUKASARI,SDN 252 SETIABUDI KOTA BANDUNG,20244937,SK SISWA,74,ORANG,2022
3646,32,JAWA BARAT,3273,KOTA BANDUNG,3273250,SUKASARI,32.73.01,SUKASARI,SDN 252 SETIABUDI KOTA BANDUNG,20244937,AKTIVASI SISWA,70,ORANG,2022
3647,32,JAWA BARAT,3273,KOTA BANDUNG,3273250,SUKASARI,32.73.01,SUKASARI,SLB SOLALIN,20280590,SK SISWA,1,ORANG,2022
3648,32,JAWA BARAT,3273,KOTA BANDUNG,3273250,SUKASARI,32.73.01,SUKASARI,SLB SOLALIN,20280590,AKTIVASI SISWA,1,ORANG,2022
3649,32,JAWA BARAT,3273,KOTA BANDUNG,3273100,RANCASARI,32.73.23,RANCASARI,SD ASY-SYIFA 1,20219539,SK SISWA,23,ORANG,2022
3650,32,JAWA BARAT,3273,KOTA BANDUNG,3273100,RANCASARI,32.73.23,RANCASARI,SD ASY-SYIFA 1,20219539,AKTIVASI SISWA,18,ORANG,2022
3651,32,JAWA BARAT,3273,KOTA BANDUNG,3273100,RANCASARI,32.73.23,RANCASARI,SD IT AL FITRAH,20269138,SK SISWA,1,ORANG,2022
3652,32,JAWA BARAT,3273,KOTA BANDUNG,3273100,RANCASARI,32.73.23,RANCASARI,SD IT AL FITRAH,20269138,AKTIVASI SISWA,1,ORANG,2022
3653,32,JAWA BARAT,3273,KOTA BANDUNG,3273100,RANCASARI,32.73.23,RANCASARI,SDN 069 CIPAMOKOLAN DERWATI KOTA BANDUNG,20245502,SK SISWA,140,ORANG,2022
3654,32,JAWA BARAT,3273,KOTA BANDUNG,3273100,RANCASARI,32.73.23,RANCASARI,SDN 069 CIPAMOKOLAN DERWATI KOTA BANDUNG,20245502,AKTIVASI SISWA,137,ORANG,2022
3655,32,JAWA BARAT,3273,KOTA BANDUNG,3273100,RANCASARI,32.73.23,RANCASARI,SDN 087 RANCABOLANG KOTA BANDUNG,20246414,SK SISWA,88,ORANG,2022
3656,32,JAWA BARAT,3273,KOTA BANDUNG,3273100,RANCASARI,32.73.23,RANCASARI,SDN 087 RANCABOLANG KOTA BANDUNG,20246414,AKTIVASI SISWA,84,ORANG,2022
3657,32,JAWA BARAT,3273,KOTA BANDUNG,3273100,RANCASARI,32.73.23,RANCASARI,SDN 122 CIJAWURA KOTA BANDUNG,20245169,SK SISWA,79,ORANG,2022
3658,32,JAWA BARAT,3273,KOTA BANDUNG,3273100,RANCASARI,32.73.23,RANCASARI,SDN 122 CIJAWURA KOTA BANDUNG,20245169,AKTIVASI SISWA,78,ORANG,2022
3659,32,JAWA BARAT,3273,KOTA BANDUNG,3273100,RANCASARI,32.73.23,RANCASARI,SDN 222 PASIRPOGOR KOTA BANDUNG,20246413,SK SISWA,32,ORANG,2022
3660,32,JAWA BARAT,3273,KOTA BANDUNG,3273100,RANCASARI,32.73.23,RANCASARI,SDN 222 PASIRPOGOR KOTA BANDUNG,20246413,AKTIVASI SISWA,23,ORANG,2022
3661,32,JAWA BARAT,3273,KOTA BANDUNG,3273100,RANCASARI,32.73.23,RANCASARI,SDN 263 RANCALOA KOTA BANDUNG,20245756,SK SISWA,424,ORANG,2022
3662,32,JAWA BARAT,3273,KOTA BANDUNG,3273100,RANCASARI,32.73.23,RANCASARI,SDN 263 RANCALOA KOTA BANDUNG,20245756,AKTIVASI SISWA,420,ORANG,2022
3663,32,JAWA BARAT,3273,KOTA BANDUNG,3273100,RANCASARI,32.73.23,RANCASARI,SLB ARRAHMAN,20219866,SK SISWA,7,ORANG,2022
3664,32,JAWA BARAT,3273,KOTA BANDUNG,3273100,RANCASARI,32.73.23,RANCASARI,SLB ARRAHMAN,20219866,AKTIVASI SISWA,2,ORANG,2022
3665,32,JAWA BARAT,3273,KOTA BANDUNG,3273100,RANCASARI,32.73.23,RANCASARI,SLB BC BINA KASIH,20219877,SK SISWA,3,ORANG,2022
3666,32,JAWA BARAT,3273,KOTA BANDUNG,3273100,RANCASARI,32.73.23,RANCASARI,SLB BC BINA KASIH,20219877,AKTIVASI SISWA,3,ORANG,2022
3667,32,JAWA BARAT,3273,KOTA BANDUNG,3273100,RANCASARI,32.73.23,RANCASARI,SLB BC NIKE ARDILA YPWN,20219876,SK SISWA,7,ORANG,2022
3668,32,JAWA BARAT,3273,KOTA BANDUNG,3273100,RANCASARI,32.73.23,RANCASARI,SLB BC NIKE ARDILA YPWN,20219876,AKTIVASI SISWA,7,ORANG,2022
3669,32,JAWA BARAT,3273,KOTA BANDUNG,3273100,RANCASARI,32.73.23,RANCASARI,SLB JATIS HURIP,20219744,SK SISWA,1,ORANG,2022
3670,32,JAWA BARAT,3273,KOTA BANDUNG,3273100,RANCASARI,32.73.23,RANCASARI,SLB JATIS HURIP,20219744,AKTIVASI SISWA,1,ORANG,2022
3671,32,JAWA BARAT,3273,KOTA BANDUNG,3273100,RANCASARI,32.73.23,RANCASARI,SLB YPDP,20271533,SK SISWA,10,ORANG,2022
3672,32,JAWA BARAT,3273,KOTA BANDUNG,3273100,RANCASARI,32.73.23,RANCASARI,SLB YPDP,20271533,AKTIVASI SISWA,1,ORANG,2022
3673,32,JAWA BARAT,3273,KOTA BANDUNG,3273020,BABAKAN CIPARAY,32.73.03,BABAKAN CIPARAY,SD AL BAROKAH,20219528,SK SISWA,27,ORANG,2022
3674,32,JAWA BARAT,3273,KOTA BANDUNG,3273020,BABAKAN CIPARAY,32.73.03,BABAKAN CIPARAY,SD AL BAROKAH,20219528,AKTIVASI SISWA,27,ORANG,2022
3675,32,JAWA BARAT,3273,KOTA BANDUNG,3273020,BABAKAN CIPARAY,32.73.03,BABAKAN CIPARAY,SD CAHAYA PELITA,20219603,SK SISWA,141,ORANG,2022
3676,32,JAWA BARAT,3273,KOTA BANDUNG,3273020,BABAKAN CIPARAY,32.73.03,BABAKAN CIPARAY,SD CAHAYA PELITA,20219603,AKTIVASI SISWA,136,ORANG,2022
3677,32,JAWA BARAT,3273,KOTA BANDUNG,3273020,BABAKAN CIPARAY,32.73.03,BABAKAN CIPARAY,SD PASUNDAN 2,20219816,SK SISWA,46,ORANG,2022
3678,32,JAWA BARAT,3273,KOTA BANDUNG,3273020,BABAKAN CIPARAY,32.73.03,BABAKAN CIPARAY,SD PASUNDAN 2,20219816,AKTIVASI SISWA,0,ORANG,2022
3679,32,JAWA BARAT,3273,KOTA BANDUNG,3273020,BABAKAN CIPARAY,32.73.03,BABAKAN CIPARAY,SD PASUNDAN 3,20219815,SK SISWA,10,ORANG,2022
3680,32,JAWA BARAT,3273,KOTA BANDUNG,3273020,BABAKAN CIPARAY,32.73.03,BABAKAN CIPARAY,SD PASUNDAN 3,20219815,AKTIVASI SISWA,8,ORANG,2022
3681,32,JAWA BARAT,3273,KOTA BANDUNG,3273020,BABAKAN CIPARAY,32.73.03,BABAKAN CIPARAY,SD SALUYU,20219826,SK SISWA,1,ORANG,2022
3682,32,JAWA BARAT,3273,KOTA BANDUNG,3273020,BABAKAN CIPARAY,32.73.03,BABAKAN CIPARAY,SD SALUYU,20219826,AKTIVASI SISWA,1,ORANG,2022
3683,32,JAWA BARAT,3273,KOTA BANDUNG,3273020,BABAKAN CIPARAY,32.73.03,BABAKAN CIPARAY,SDN 005 BABAKAN CIPARAY KOTA BANDUNG,20245011,SK SISWA,28,ORANG,2022
3684,32,JAWA BARAT,3273,KOTA BANDUNG,3273020,BABAKAN CIPARAY,32.73.03,BABAKAN CIPARAY,SDN 005 BABAKAN CIPARAY KOTA BANDUNG,20245011,AKTIVASI SISWA,24,ORANG,2022
3685,32,JAWA BARAT,3273,KOTA BANDUNG,3273020,BABAKAN CIPARAY,32.73.03,BABAKAN CIPARAY,SDN 012 BABAKAN CIPARAY KOTA BANDUNG,20245013,SK SISWA,13,ORANG,2022
3686,32,JAWA BARAT,3273,KOTA BANDUNG,3273020,BABAKAN CIPARAY,32.73.03,BABAKAN CIPARAY,SDN 012 BABAKAN CIPARAY KOTA BANDUNG,20245013,AKTIVASI SISWA,11,ORANG,2022
3687,32,JAWA BARAT,3273,KOTA BANDUNG,3273020,BABAKAN CIPARAY,32.73.03,BABAKAN CIPARAY,SDN 058 BABAKAN CIPARAY KOTA BANDUNG,20245014,SK SISWA,11,ORANG,2022
3688,32,JAWA BARAT,3273,KOTA BANDUNG,3273020,BABAKAN CIPARAY,32.73.03,BABAKAN CIPARAY,SDN 058 BABAKAN CIPARAY KOTA BANDUNG,20245014,AKTIVASI SISWA,11,ORANG,2022
3689,32,JAWA BARAT,3273,KOTA BANDUNG,3273020,BABAKAN CIPARAY,32.73.03,BABAKAN CIPARAY,SDN 059 CIRANGRANG KOTA BANDUNG,20245025,SK SISWA,85,ORANG,2022
3690,32,JAWA BARAT,3273,KOTA BANDUNG,3273020,BABAKAN CIPARAY,32.73.03,BABAKAN CIPARAY,SDN 059 CIRANGRANG KOTA BANDUNG,20245025,AKTIVASI SISWA,82,ORANG,2022
3691,32,JAWA BARAT,3273,KOTA BANDUNG,3273020,BABAKAN CIPARAY,32.73.03,BABAKAN CIPARAY,SDN 060 RAYA BARAT KOTA BANDUNG,20245078,SK SISWA,93,ORANG,2022
3692,32,JAWA BARAT,3273,KOTA BANDUNG,3273020,BABAKAN CIPARAY,32.73.03,BABAKAN CIPARAY,SDN 060 RAYA BARAT KOTA BANDUNG,20245078,AKTIVASI SISWA,93,ORANG,2022
3693,32,JAWA BARAT,3273,KOTA BANDUNG,3273020,BABAKAN CIPARAY,32.73.03,BABAKAN CIPARAY,SDN 089 BABAKAN CIPARAY KOTA BANDUNG,20244998,SK SISWA,35,ORANG,2022
3694,32,JAWA BARAT,3273,KOTA BANDUNG,3273020,BABAKAN CIPARAY,32.73.03,BABAKAN CIPARAY,SDN 089 BABAKAN CIPARAY KOTA BANDUNG,20244998,AKTIVASI SISWA,34,ORANG,2022
3695,32,JAWA BARAT,3273,KOTA BANDUNG,3273020,BABAKAN CIPARAY,32.73.03,BABAKAN CIPARAY,SDN 126 BABAKAN KOTA BANDUNG,20244995,SK SISWA,34,ORANG,2022
3696,32,JAWA BARAT,3273,KOTA BANDUNG,3273020,BABAKAN CIPARAY,32.73.03,BABAKAN CIPARAY,SDN 126 BABAKAN KOTA BANDUNG,20244995,AKTIVASI SISWA,34,ORANG,2022
3697,32,JAWA BARAT,3273,KOTA BANDUNG,3273020,BABAKAN CIPARAY,32.73.03,BABAKAN CIPARAY,SDN 144 SITUGUNTING KOTA BANDUNG,20245089,SK SISWA,43,ORANG,2022
3698,32,JAWA BARAT,3273,KOTA BANDUNG,3273020,BABAKAN CIPARAY,32.73.03,BABAKAN CIPARAY,SDN 144 SITUGUNTING KOTA BANDUNG,20245089,AKTIVASI SISWA,43,ORANG,2022
3699,32,JAWA BARAT,3273,KOTA BANDUNG,3273020,BABAKAN CIPARAY,32.73.03,BABAKAN CIPARAY,SDN 213 BABAKAN CIPARAY KOTA BANDUNG,20245008,SK SISWA,12,ORANG,2022
3700,32,JAWA BARAT,3273,KOTA BANDUNG,3273020,BABAKAN CIPARAY,32.73.03,BABAKAN CIPARAY,SDN 213 BABAKAN CIPARAY KOTA BANDUNG,20245008,AKTIVASI SISWA,5,ORANG,2022
3701,32,JAWA BARAT,3273,KOTA BANDUNG,3273020,BABAKAN CIPARAY,32.73.03,BABAKAN CIPARAY,SDN 227 MARGAHAYU UTARA KOTA BANDUNG,20245046,SK SISWA,11,ORANG,2022
3702,32,JAWA BARAT,3273,KOTA BANDUNG,3273020,BABAKAN CIPARAY,32.73.03,BABAKAN CIPARAY,SDN 227 MARGAHAYU UTARA KOTA BANDUNG,20245046,AKTIVASI SISWA,11,ORANG,2022
3703,32,JAWA BARAT,3273,KOTA BANDUNG,3273020,BABAKAN CIPARAY,32.73.03,BABAKAN CIPARAY,SDN 236 BABAKAN CIPARAY KOTA BANDUNG,20245001,SK SISWA,46,ORANG,2022
3704,32,JAWA BARAT,3273,KOTA BANDUNG,3273020,BABAKAN CIPARAY,32.73.03,BABAKAN CIPARAY,SDN 236 BABAKAN CIPARAY KOTA BANDUNG,20245001,AKTIVASI SISWA,46,ORANG,2022
3705,32,JAWA BARAT,3273,KOTA BANDUNG,3273020,BABAKAN CIPARAY,32.73.03,BABAKAN CIPARAY,SDN 237 KOPO ELOK KOTA BANDUNG,20245044,SK SISWA,58,ORANG,2022
3706,32,JAWA BARAT,3273,KOTA BANDUNG,3273020,BABAKAN CIPARAY,32.73.03,BABAKAN CIPARAY,SDN 237 KOPO ELOK KOTA BANDUNG,20245044,AKTIVASI SISWA,57,ORANG,2022
3707,32,JAWA BARAT,3273,KOTA BANDUNG,3273020,BABAKAN CIPARAY,32.73.03,BABAKAN CIPARAY,SDN 245 SUMBERSARI INDAH KOTA BANDUNG,20245090,SK SISWA,71,ORANG,2022
3708,32,JAWA BARAT,3273,KOTA BANDUNG,3273020,BABAKAN CIPARAY,32.73.03,BABAKAN CIPARAY,SDN 245 SUMBERSARI INDAH KOTA BANDUNG,20245090,AKTIVASI SISWA,69,ORANG,2022
3709,32,JAWA BARAT,3273,KOTA BANDUNG,3273020,BABAKAN CIPARAY,32.73.03,BABAKAN CIPARAY,SLB ABCD CARINGIN,20219867,SK SISWA,12,ORANG,2022
3710,32,JAWA BARAT,3273,KOTA BANDUNG,3273020,BABAKAN CIPARAY,32.73.03,BABAKAN CIPARAY,SLB ABCD CARINGIN,20219867,AKTIVASI SISWA,11,ORANG,2022
3711,32,JAWA BARAT,3273,KOTA BANDUNG,3273020,BABAKAN CIPARAY,32.73.03,BABAKAN CIPARAY,SLB KASIH IBU,20280595,SK SISWA,5,ORANG,2022
3712,32,JAWA BARAT,3273,KOTA BANDUNG,3273020,BABAKAN CIPARAY,32.73.03,BABAKAN CIPARAY,SLB KASIH IBU,20280595,AKTIVASI SISWA,5,ORANG,2022
3713,32,JAWA BARAT,3273,KOTA BANDUNG,3273020,BABAKAN CIPARAY,32.73.03,BABAKAN CIPARAY,SLBS GEMILANG,20219880,SK SISWA,2,ORANG,2022
3714,32,JAWA BARAT,3273,KOTA BANDUNG,3273020,BABAKAN CIPARAY,32.73.03,BABAKAN CIPARAY,SLBS GEMILANG,20219880,AKTIVASI SISWA,0,ORANG,2022
3715,32,JAWA BARAT,3273,KOTA BANDUNG,3273050,ASTANAANYAR,32.73.10,ASTANA ANYAR,SD GANESHA,20219615,SK SISWA,10,ORANG,2022
3716,32,JAWA BARAT,3273,KOTA BANDUNG,3273050,ASTANAANYAR,32.73.10,ASTANA ANYAR,SD GANESHA,20219615,AKTIVASI SISWA,7,ORANG,2022
3717,32,JAWA BARAT,3273,KOTA BANDUNG,3273050,ASTANAANYAR,32.73.10,ASTANA ANYAR,SD KEMAH INDONESIA,20219572,SK SISWA,4,ORANG,2022
3718,32,JAWA BARAT,3273,KOTA BANDUNG,3273050,ASTANAANYAR,32.73.10,ASTANA ANYAR,SD KEMAH INDONESIA,20219572,AKTIVASI SISWA,4,ORANG,2022
3719,32,JAWA BARAT,3273,KOTA BANDUNG,3273050,ASTANAANYAR,32.73.10,ASTANA ANYAR,SD YAMI,20219905,SK SISWA,109,ORANG,2022
3720,32,JAWA BARAT,3273,KOTA BANDUNG,3273050,ASTANAANYAR,32.73.10,ASTANA ANYAR,SD YAMI,20219905,AKTIVASI SISWA,108,ORANG,2022
3721,32,JAWA BARAT,3273,KOTA BANDUNG,3273050,ASTANAANYAR,32.73.10,ASTANA ANYAR,SDN 003 PAGARSIH KOTA BANDUNG,20245064,SK SISWA,85,ORANG,2022
3722,32,JAWA BARAT,3273,KOTA BANDUNG,3273050,ASTANAANYAR,32.73.10,ASTANA ANYAR,SDN 003 PAGARSIH KOTA BANDUNG,20245064,AKTIVASI SISWA,84,ORANG,2022
3723,32,JAWA BARAT,3273,KOTA BANDUNG,3273050,ASTANAANYAR,32.73.10,ASTANA ANYAR,SDN 019 PABAKI KOTA BANDUNG,20245054,SK SISWA,233,ORANG,2022
3724,32,JAWA BARAT,3273,KOTA BANDUNG,3273050,ASTANAANYAR,32.73.10,ASTANA ANYAR,SDN 019 PABAKI KOTA BANDUNG,20245054,AKTIVASI SISWA,232,ORANG,2022
3725,32,JAWA BARAT,3273,KOTA BANDUNG,3273050,ASTANAANYAR,32.73.10,ASTANA ANYAR,SDN 023 PAJAGALAN KOTA BANDUNG,20244745,SK SISWA,33,ORANG,2022
3726,32,JAWA BARAT,3273,KOTA BANDUNG,3273050,ASTANAANYAR,32.73.10,ASTANA ANYAR,SDN 023 PAJAGALAN KOTA BANDUNG,20244745,AKTIVASI SISWA,33,ORANG,2022
3727,32,JAWA BARAT,3273,KOTA BANDUNG,3273050,ASTANAANYAR,32.73.10,ASTANA ANYAR,SDN 039 TEGALEGA KOTA BANDUNG,20245095,SK SISWA,28,ORANG,2022
3728,32,JAWA BARAT,3273,KOTA BANDUNG,3273050,ASTANAANYAR,32.73.10,ASTANA ANYAR,SDN 039 TEGALEGA KOTA BANDUNG,20245095,AKTIVASI SISWA,28,ORANG,2022
3729,32,JAWA BARAT,3273,KOTA BANDUNG,3273050,ASTANAANYAR,32.73.10,ASTANA ANYAR,SDN 073 PAJAGALAN KOTA BANDUNG,20247280,SK SISWA,21,ORANG,2022
3730,32,JAWA BARAT,3273,KOTA BANDUNG,3273050,ASTANAANYAR,32.73.10,ASTANA ANYAR,SDN 073 PAJAGALAN KOTA BANDUNG,20247280,AKTIVASI SISWA,20,ORANG,2022
3731,32,JAWA BARAT,3273,KOTA BANDUNG,3273050,ASTANAANYAR,32.73.10,ASTANA ANYAR,SDN 079 KOPO PAJAGALAN KOTA BANDUNG,20245039,SK SISWA,28,ORANG,2022
3732,32,JAWA BARAT,3273,KOTA BANDUNG,3273050,ASTANAANYAR,32.73.10,ASTANA ANYAR,SDN 079 KOPO PAJAGALAN KOTA BANDUNG,20245039,AKTIVASI SISWA,26,ORANG,2022
3733,32,JAWA BARAT,3273,KOTA BANDUNG,3273050,ASTANAANYAR,32.73.10,ASTANA ANYAR,SDN 092 CIBADAK ANDIR KOTA BANDUNG,20244961,SK SISWA,138,ORANG,2022
3734,32,JAWA BARAT,3273,KOTA BANDUNG,3273050,ASTANAANYAR,32.73.10,ASTANA ANYAR,SDN 092 CIBADAK ANDIR KOTA BANDUNG,20244961,AKTIVASI SISWA,136,ORANG,2022
3735,32,JAWA BARAT,3273,KOTA BANDUNG,3273050,ASTANAANYAR,32.73.10,ASTANA ANYAR,SDN 142 DWIKORA KOTA BANDUNG,20245029,SK SISWA,21,ORANG,2022
3736,32,JAWA BARAT,3273,KOTA BANDUNG,3273050,ASTANAANYAR,32.73.10,ASTANA ANYAR,SDN 142 DWIKORA KOTA BANDUNG,20245029,AKTIVASI SISWA,20,ORANG,2022
3737,32,JAWA BARAT,3273,KOTA BANDUNG,3273050,ASTANAANYAR,32.73.10,ASTANA ANYAR,SDN 143 KOPO KOTA BANDUNG,20245043,SK SISWA,42,ORANG,2022
3738,32,JAWA BARAT,3273,KOTA BANDUNG,3273050,ASTANAANYAR,32.73.10,ASTANA ANYAR,SDN 143 KOPO KOTA BANDUNG,20245043,AKTIVASI SISWA,42,ORANG,2022
3739,32,JAWA BARAT,3273,KOTA BANDUNG,3273050,ASTANAANYAR,32.73.10,ASTANA ANYAR,SDN 249 ASTANAANYAR KOTA BANDUNG,20244993,SK SISWA,33,ORANG,2022
3740,32,JAWA BARAT,3273,KOTA BANDUNG,3273050,ASTANAANYAR,32.73.10,ASTANA ANYAR,SDN 249 ASTANAANYAR KOTA BANDUNG,20244993,AKTIVASI SISWA,32,ORANG,2022
3741,32,JAWA BARAT,3273,KOTA BANDUNG,3273050,ASTANAANYAR,32.73.10,ASTANA ANYAR,SDN 265 BANDUNGKULON KOTA BANDUNG,20244949,SK SISWA,44,ORANG,2022
3742,32,JAWA BARAT,3273,KOTA BANDUNG,3273050,ASTANAANYAR,32.73.10,ASTANA ANYAR,SDN 265 BANDUNGKULON KOTA BANDUNG,20244949,AKTIVASI SISWA,41,ORANG,2022
3743,32,JAWA BARAT,3273,KOTA BANDUNG,3273050,ASTANAANYAR,32.73.10,ASTANA ANYAR,SLB BC BANDUNG RAYA,20219873,SK SISWA,3,ORANG,2022
3744,32,JAWA BARAT,3273,KOTA BANDUNG,3273050,ASTANAANYAR,32.73.10,ASTANA ANYAR,SLB BC BANDUNG RAYA,20219873,AKTIVASI SISWA,3,ORANG,2022
3745,32,JAWA BARAT,3273,KOTA BANDUNG,3273130,ARCAMANIK,32.73.24,ARCAMANIK,PKBM DARUL MUDZAKKIRIN,P9996637,SK SISWA,1,ORANG,2022
3746,32,JAWA BARAT,3273,KOTA BANDUNG,3273130,ARCAMANIK,32.73.24,ARCAMANIK,PKBM DARUL MUDZAKKIRIN,P9996637,AKTIVASI SISWA,1,ORANG,2022
3747,32,JAWA BARAT,3273,KOTA BANDUNG,3273130,ARCAMANIK,32.73.24,ARCAMANIK,SD AL-IHSAN ISLAMIC SCHOOL,69969798,SK SISWA,23,ORANG,2022
3748,32,JAWA BARAT,3273,KOTA BANDUNG,3273130,ARCAMANIK,32.73.24,ARCAMANIK,SD AL-IHSAN ISLAMIC SCHOOL,69969798,AKTIVASI SISWA,0,ORANG,2022
3749,32,JAWA BARAT,3273,KOTA BANDUNG,3273130,ARCAMANIK,32.73.24,ARCAMANIK,SD BINTANG MADANI,20270664,SK SISWA,30,ORANG,2022
3750,32,JAWA BARAT,3273,KOTA BANDUNG,3273130,ARCAMANIK,32.73.24,ARCAMANIK,SD BINTANG MADANI,20270664,AKTIVASI SISWA,21,ORANG,2022
3751,32,JAWA BARAT,3273,KOTA BANDUNG,3273130,ARCAMANIK,32.73.24,ARCAMANIK,SD CERDAS MUTHAHHARI,20267679,SK SISWA,43,ORANG,2022
3752,32,JAWA BARAT,3273,KOTA BANDUNG,3273130,ARCAMANIK,32.73.24,ARCAMANIK,SD CERDAS MUTHAHHARI,20267679,AKTIVASI SISWA,2,ORANG,2022
3753,32,JAWA BARAT,3273,KOTA BANDUNG,3273130,ARCAMANIK,32.73.24,ARCAMANIK,SD ISLAM CENDEKIA MUDA,20255299,SK SISWA,55,ORANG,2022
3754,32,JAWA BARAT,3273,KOTA BANDUNG,3273130,ARCAMANIK,32.73.24,ARCAMANIK,SD ISLAM CENDEKIA MUDA,20255299,AKTIVASI SISWA,36,ORANG,2022
3755,32,JAWA BARAT,3273,KOTA BANDUNG,3273130,ARCAMANIK,32.73.24,ARCAMANIK,SD ISLAM TERPADU LUQMANUL HAKIM,20219577,SK SISWA,17,ORANG,2022
3756,32,JAWA BARAT,3273,KOTA BANDUNG,3273130,ARCAMANIK,32.73.24,ARCAMANIK,SD ISLAM TERPADU LUQMANUL HAKIM,20219577,AKTIVASI SISWA,17,ORANG,2022
3757,32,JAWA BARAT,3273,KOTA BANDUNG,3273130,ARCAMANIK,32.73.24,ARCAMANIK,SD MUTIARA BUNDA,20253757,SK SISWA,51,ORANG,2022
3758,32,JAWA BARAT,3273,KOTA BANDUNG,3273130,ARCAMANIK,32.73.24,ARCAMANIK,SD MUTIARA BUNDA,20253757,AKTIVASI SISWA,0,ORANG,2022
3759,32,JAWA BARAT,3273,KOTA BANDUNG,3273130,ARCAMANIK,32.73.24,ARCAMANIK,SD PLUS AL GHIFARI,20219824,SK SISWA,42,ORANG,2022
3760,32,JAWA BARAT,3273,KOTA BANDUNG,3273130,ARCAMANIK,32.73.24,ARCAMANIK,SD PLUS AL GHIFARI,20219824,AKTIVASI SISWA,4,ORANG,2022
3761,32,JAWA BARAT,3273,KOTA BANDUNG,3273130,ARCAMANIK,32.73.24,ARCAMANIK,SD RABBANI,70003403,SK SISWA,56,ORANG,2022
3762,32,JAWA BARAT,3273,KOTA BANDUNG,3273130,ARCAMANIK,32.73.24,ARCAMANIK,SD RABBANI,70003403,AKTIVASI SISWA,13,ORANG,2022
3763,32,JAWA BARAT,3273,KOTA BANDUNG,3273130,ARCAMANIK,32.73.24,ARCAMANIK,SD RANCAKASUMBA,20219828,SK SISWA,43,ORANG,2022
3764,32,JAWA BARAT,3273,KOTA BANDUNG,3273130,ARCAMANIK,32.73.24,ARCAMANIK,SD RANCAKASUMBA,20219828,AKTIVASI SISWA,29,ORANG,2022
3765,32,JAWA BARAT,3273,KOTA BANDUNG,3273130,ARCAMANIK,32.73.24,ARCAMANIK,SDN 004 CISARANTEN KULON KOTA BANDUNG,20245530,SK SISWA,375,ORANG,2022
3766,32,JAWA BARAT,3273,KOTA BANDUNG,3273130,ARCAMANIK,32.73.24,ARCAMANIK,SDN 004 CISARANTEN KULON KOTA BANDUNG,20245530,AKTIVASI SISWA,357,ORANG,2022
3767,32,JAWA BARAT,3273,KOTA BANDUNG,3273130,ARCAMANIK,32.73.24,ARCAMANIK,SDN 057 BINAHARAPAN KOTA BANDUNG,20245481,SK SISWA,117,ORANG,2022
3768,32,JAWA BARAT,3273,KOTA BANDUNG,3273130,ARCAMANIK,32.73.24,ARCAMANIK,SDN 057 BINAHARAPAN KOTA BANDUNG,20245481,AKTIVASI SISWA,110,ORANG,2022
3769,32,JAWA BARAT,3273,KOTA BANDUNG,3273130,ARCAMANIK,32.73.24,ARCAMANIK,SDN 101 SUKAKARYA KOTA BANDUNG,20245795,SK SISWA,54,ORANG,2022
3770,32,JAWA BARAT,3273,KOTA BANDUNG,3273130,ARCAMANIK,32.73.24,ARCAMANIK,SDN 101 SUKAKARYA KOTA BANDUNG,20245795,AKTIVASI SISWA,50,ORANG,2022
3771,32,JAWA BARAT,3273,KOTA BANDUNG,3273130,ARCAMANIK,32.73.24,ARCAMANIK,SDN 140 ARCAMANIK KOTA BANDUNG,20245447,SK SISWA,51,ORANG,2022
3772,32,JAWA BARAT,3273,KOTA BANDUNG,3273130,ARCAMANIK,32.73.24,ARCAMANIK,SDN 140 ARCAMANIK KOTA BANDUNG,20245447,AKTIVASI SISWA,49,ORANG,2022
3773,32,JAWA BARAT,3273,KOTA BANDUNG,3273130,ARCAMANIK,32.73.24,ARCAMANIK,SDN 141 LOKAJAYA KOTA BANDUNG,20245712,SK SISWA,163,ORANG,2022
3774,32,JAWA BARAT,3273,KOTA BANDUNG,3273130,ARCAMANIK,32.73.24,ARCAMANIK,SDN 141 LOKAJAYA KOTA BANDUNG,20245712,AKTIVASI SISWA,162,ORANG,2022
3775,32,JAWA BARAT,3273,KOTA BANDUNG,3273130,ARCAMANIK,32.73.24,ARCAMANIK,SDN 180 PRAKARSA NUGRAHA KOTA BANDUNG,20245754,SK SISWA,121,ORANG,2022
3776,32,JAWA BARAT,3273,KOTA BANDUNG,3273130,ARCAMANIK,32.73.24,ARCAMANIK,SDN 180 PRAKARSA NUGRAHA KOTA BANDUNG,20245754,AKTIVASI SISWA,112,ORANG,2022
3777,32,JAWA BARAT,3273,KOTA BANDUNG,3273130,ARCAMANIK,32.73.24,ARCAMANIK,SDN 181 SUKAMISKIN KOTA BANDUNG,20245804,SK SISWA,86,ORANG,2022
3778,32,JAWA BARAT,3273,KOTA BANDUNG,3273130,ARCAMANIK,32.73.24,ARCAMANIK,SDN 181 SUKAMISKIN KOTA BANDUNG,20245804,AKTIVASI SISWA,81,ORANG,2022
3779,32,JAWA BARAT,3273,KOTA BANDUNG,3273130,ARCAMANIK,32.73.24,ARCAMANIK,SDN 198 MEKARJAYA KOTA BANDUNG,20245715,SK SISWA,81,ORANG,2022
3780,32,JAWA BARAT,3273,KOTA BANDUNG,3273130,ARCAMANIK,32.73.24,ARCAMANIK,SDN 198 MEKARJAYA KOTA BANDUNG,20245715,AKTIVASI SISWA,77,ORANG,2022
3781,32,JAWA BARAT,3273,KOTA BANDUNG,3273130,ARCAMANIK,32.73.24,ARCAMANIK,SDN 226 ARCAMANIK ENDAH KOTA BANDUNG,20245448,SK SISWA,70,ORANG,2022
3782,32,JAWA BARAT,3273,KOTA BANDUNG,3273130,ARCAMANIK,32.73.24,ARCAMANIK,SDN 226 ARCAMANIK ENDAH KOTA BANDUNG,20245448,AKTIVASI SISWA,68,ORANG,2022
3783,32,JAWA BARAT,3273,KOTA BANDUNG,3273130,ARCAMANIK,32.73.24,ARCAMANIK,SDN 244 GURUMINDA KOTA BANDUNG,20245585,SK SISWA,111,ORANG,2022
3784,32,JAWA BARAT,3273,KOTA BANDUNG,3273130,ARCAMANIK,32.73.24,ARCAMANIK,SDN 244 GURUMINDA KOTA BANDUNG,20245585,AKTIVASI SISWA,101,ORANG,2022
3785,32,JAWA BARAT,3273,KOTA BANDUNG,3273111,PANYILEUKAN,32.73.28,PANYILEUKAN,SD INTELIGENSIA,70007902,SK SISWA,1,ORANG,2022
3786,32,JAWA BARAT,3273,KOTA BANDUNG,3273111,PANYILEUKAN,32.73.28,PANYILEUKAN,SD INTELIGENSIA,70007902,AKTIVASI SISWA,0,ORANG,2022
3787,32,JAWA BARAT,3273,KOTA BANDUNG,3273111,PANYILEUKAN,32.73.28,PANYILEUKAN,SD JUARA,69734138,SK SISWA,6,ORANG,2022
3788,32,JAWA BARAT,3273,KOTA BANDUNG,3273111,PANYILEUKAN,32.73.28,PANYILEUKAN,SD JUARA,69734138,AKTIVASI SISWA,4,ORANG,2022
3789,32,JAWA BARAT,3273,KOTA BANDUNG,3273111,PANYILEUKAN,32.73.28,PANYILEUKAN,SD MUHAMMADIYAH 8,20219835,SK SISWA,76,ORANG,2022
3790,32,JAWA BARAT,3273,KOTA BANDUNG,3273111,PANYILEUKAN,32.73.28,PANYILEUKAN,SD MUHAMMADIYAH 8,20219835,AKTIVASI SISWA,73,ORANG,2022
3791,32,JAWA BARAT,3273,KOTA BANDUNG,3273111,PANYILEUKAN,32.73.28,PANYILEUKAN,SDN 105 SUKARELA KOTA BANDUNG,20245790,SK SISWA,104,ORANG,2022
3792,32,JAWA BARAT,3273,KOTA BANDUNG,3273111,PANYILEUKAN,32.73.28,PANYILEUKAN,SDN 105 SUKARELA KOTA BANDUNG,20245790,AKTIVASI SISWA,103,ORANG,2022
3793,32,JAWA BARAT,3273,KOTA BANDUNG,3273111,PANYILEUKAN,32.73.28,PANYILEUKAN,SDN 258 SUKARELA KOTA BANDUNG,20245792,SK SISWA,67,ORANG,2022
3794,32,JAWA BARAT,3273,KOTA BANDUNG,3273111,PANYILEUKAN,32.73.28,PANYILEUKAN,SDN 258 SUKARELA KOTA BANDUNG,20245792,AKTIVASI SISWA,66,ORANG,2022
3795,32,JAWA BARAT,3273,KOTA BANDUNG,3273111,PANYILEUKAN,32.73.28,PANYILEUKAN,SDN 262 PANYILEUKAN KOTA BANDUNG,20245724,SK SISWA,18,ORANG,2022
3796,32,JAWA BARAT,3273,KOTA BANDUNG,3273111,PANYILEUKAN,32.73.28,PANYILEUKAN,SDN 262 PANYILEUKAN KOTA BANDUNG,20245724,AKTIVASI SISWA,17,ORANG,2022
3797,32,JAWA BARAT,3273,KOTA BANDUNG,3273111,PANYILEUKAN,32.73.28,PANYILEUKAN,SDN 268 PANYILEUKAN KOTA BANDUNG,20245726,SK SISWA,3,ORANG,2022
3798,32,JAWA BARAT,3273,KOTA BANDUNG,3273111,PANYILEUKAN,32.73.28,PANYILEUKAN,SDN 268 PANYILEUKAN KOTA BANDUNG,20245726,AKTIVASI SISWA,3,ORANG,2022
3799,32,JAWA BARAT,3273,KOTA BANDUNG,3273111,PANYILEUKAN,32.73.28,PANYILEUKAN,SDN 271 PANGHEGAR KOTA BANDUNG,20245723,SK SISWA,99,ORANG,2022
3800,32,JAWA BARAT,3273,KOTA BANDUNG,3273111,PANYILEUKAN,32.73.28,PANYILEUKAN,SDN 271 PANGHEGAR KOTA BANDUNG,20245723,AKTIVASI SISWA,89,ORANG,2022
3801,32,JAWA BARAT,3273,KOTA BANDUNG,3273111,PANYILEUKAN,32.73.28,PANYILEUKAN,SLB ABC BINA MANDIRI,20219868,SK SISWA,4,ORANG,2022
3802,32,JAWA BARAT,3273,KOTA BANDUNG,3273111,PANYILEUKAN,32.73.28,PANYILEUKAN,SLB ABC BINA MANDIRI,20219868,AKTIVASI SISWA,1,ORANG,2022
3803,32,JAWA BARAT,3273,KOTA BANDUNG,3273141,ANTAPANI,32.73.20,ANTAPANI,PKBM BAITUL MUTTAQIN,P9984495,SK SISWA,2,ORANG,2022
3804,32,JAWA BARAT,3273,KOTA BANDUNG,3273141,ANTAPANI,32.73.20,ANTAPANI,PKBM BAITUL MUTTAQIN,P9984495,AKTIVASI SISWA,0,ORANG,2022
3805,32,JAWA BARAT,3273,KOTA BANDUNG,3273141,ANTAPANI,32.73.20,ANTAPANI,PKBM SAHABAT BAITUL MUTTAQIN,P9997502,SK SISWA,1,ORANG,2022
3806,32,JAWA BARAT,3273,KOTA BANDUNG,3273141,ANTAPANI,32.73.20,ANTAPANI,PKBM SAHABAT BAITUL MUTTAQIN,P9997502,AKTIVASI SISWA,1,ORANG,2022
3807,32,JAWA BARAT,3273,KOTA BANDUNG,3273141,ANTAPANI,32.73.20,ANTAPANI,SD ASY-SYIFA 2,20219580,SK SISWA,51,ORANG,2022
3808,32,JAWA BARAT,3273,KOTA BANDUNG,3273141,ANTAPANI,32.73.20,ANTAPANI,SD ASY-SYIFA 2,20219580,AKTIVASI SISWA,51,ORANG,2022
3809,32,JAWA BARAT,3273,KOTA BANDUNG,3273141,ANTAPANI,32.73.20,ANTAPANI,SD DAARUL HIKMAH BANDUNG,70005215,SK SISWA,2,ORANG,2022
3810,32,JAWA BARAT,3273,KOTA BANDUNG,3273141,ANTAPANI,32.73.20,ANTAPANI,SD DAARUL HIKMAH BANDUNG,70005215,AKTIVASI SISWA,2,ORANG,2022
3811,32,JAWA BARAT,3273,KOTA BANDUNG,3273141,ANTAPANI,32.73.20,ANTAPANI,SD EL FITRA,69948519,SK SISWA,47,ORANG,2022
3812,32,JAWA BARAT,3273,KOTA BANDUNG,3273141,ANTAPANI,32.73.20,ANTAPANI,SD EL FITRA,69948519,AKTIVASI SISWA,1,ORANG,2022
3813,32,JAWA BARAT,3273,KOTA BANDUNG,3273141,ANTAPANI,32.73.20,ANTAPANI,SD ISLAM MUTIARA HATI,20254714,SK SISWA,43,ORANG,2022
3814,32,JAWA BARAT,3273,KOTA BANDUNG,3273141,ANTAPANI,32.73.20,ANTAPANI,SD ISLAM MUTIARA HATI,20254714,AKTIVASI SISWA,42,ORANG,2022
3815,32,JAWA BARAT,3273,KOTA BANDUNG,3273141,ANTAPANI,32.73.20,ANTAPANI,SD MUHAMMADIYAH 7,20219836,SK SISWA,55,ORANG,2022
3816,32,JAWA BARAT,3273,KOTA BANDUNG,3273141,ANTAPANI,32.73.20,ANTAPANI,SD MUHAMMADIYAH 7,20219836,AKTIVASI SISWA,42,ORANG,2022
3817,32,JAWA BARAT,3273,KOTA BANDUNG,3273141,ANTAPANI,32.73.20,ANTAPANI,SDN 078 SINDANGSARI ANTAPANI KOTA BANDUNG,20245441,SK SISWA,308,ORANG,2022
3818,32,JAWA BARAT,3273,KOTA BANDUNG,3273141,ANTAPANI,32.73.20,ANTAPANI,SDN 078 SINDANGSARI ANTAPANI KOTA BANDUNG,20245441,AKTIVASI SISWA,308,ORANG,2022
3819,32,JAWA BARAT,3273,KOTA BANDUNG,3273141,ANTAPANI,32.73.20,ANTAPANI,SDN 209 ANTAPANI KOTA BANDUNG,20245442,SK SISWA,74,ORANG,2022
3820,32,JAWA BARAT,3273,KOTA BANDUNG,3273141,ANTAPANI,32.73.20,ANTAPANI,SDN 209 ANTAPANI KOTA BANDUNG,20245442,AKTIVASI SISWA,62,ORANG,2022
3821,32,JAWA BARAT,3273,KOTA BANDUNG,3273141,ANTAPANI,32.73.20,ANTAPANI,SDN 248 SINDANGSARI KOTA BANDUNG,20245778,SK SISWA,53,ORANG,2022
3822,32,JAWA BARAT,3273,KOTA BANDUNG,3273141,ANTAPANI,32.73.20,ANTAPANI,SDN 248 SINDANGSARI KOTA BANDUNG,20245778,AKTIVASI SISWA,51,ORANG,2022
3823,32,JAWA BARAT,3273,KOTA BANDUNG,3273141,ANTAPANI,32.73.20,ANTAPANI,SDN 254 GRIYA BUMI ANTAPANI KOTA BANDUNG,20245583,SK SISWA,69,ORANG,2022
3824,32,JAWA BARAT,3273,KOTA BANDUNG,3273141,ANTAPANI,32.73.20,ANTAPANI,SDN 254 GRIYA BUMI ANTAPANI KOTA BANDUNG,20245583,AKTIVASI SISWA,63,ORANG,2022
3825,32,JAWA BARAT,3273,KOTA BANDUNG,3273141,ANTAPANI,32.73.20,ANTAPANI,SDN 255 GRIYA BUMI ANTAPANI KOTA BANDUNG,20245575,SK SISWA,90,ORANG,2022
3826,32,JAWA BARAT,3273,KOTA BANDUNG,3273141,ANTAPANI,32.73.20,ANTAPANI,SDN 255 GRIYA BUMI ANTAPANI KOTA BANDUNG,20245575,AKTIVASI SISWA,84,ORANG,2022
3827,32,JAWA BARAT,3273,KOTA BANDUNG,3273141,ANTAPANI,32.73.20,ANTAPANI,SDN 259 GRIYA BUMI ANTAPANI KOTA BANDUNG,20245580,SK SISWA,58,ORANG,2022
3828,32,JAWA BARAT,3273,KOTA BANDUNG,3273141,ANTAPANI,32.73.20,ANTAPANI,SDN 259 GRIYA BUMI ANTAPANI KOTA BANDUNG,20245580,AKTIVASI SISWA,53,ORANG,2022
3829,32,JAWA BARAT,3273,KOTA BANDUNG,3273141,ANTAPANI,32.73.20,ANTAPANI,SDN 260 GRIYA BUMI ANTAPANI KOTA BANDUNG,20245582,SK SISWA,64,ORANG,2022
3830,32,JAWA BARAT,3273,KOTA BANDUNG,3273141,ANTAPANI,32.73.20,ANTAPANI,SDN 260 GRIYA BUMI ANTAPANI KOTA BANDUNG,20245582,AKTIVASI SISWA,62,ORANG,2022
3831,32,JAWA BARAT,3273,KOTA BANDUNG,3273141,ANTAPANI,32.73.20,ANTAPANI,SDN 264 GRIYA BUMI ANTAPANI KOTA BANDUNG,20245577,SK SISWA,77,ORANG,2022
3832,32,JAWA BARAT,3273,KOTA BANDUNG,3273141,ANTAPANI,32.73.20,ANTAPANI,SDN 264 GRIYA BUMI ANTAPANI KOTA BANDUNG,20245577,AKTIVASI SISWA,75,ORANG,2022
3833,32,JAWA BARAT,3273,KOTA BANDUNG,3273141,ANTAPANI,32.73.20,ANTAPANI,SDN 267 GRIYA BUMI ANTAPANI KOTA BANDUNG,20245573,SK SISWA,254,ORANG,2022
3834,32,JAWA BARAT,3273,KOTA BANDUNG,3273141,ANTAPANI,32.73.20,ANTAPANI,SDN 267 GRIYA BUMI ANTAPANI KOTA BANDUNG,20245573,AKTIVASI SISWA,253,ORANG,2022
3835,32,JAWA BARAT,3273,KOTA BANDUNG,3273141,ANTAPANI,32.73.20,ANTAPANI,SDN 269 GRIYA BUMI ANTAPANI KOTA BANDUNG,20245579,SK SISWA,93,ORANG,2022
3836,32,JAWA BARAT,3273,KOTA BANDUNG,3273141,ANTAPANI,32.73.20,ANTAPANI,SDN 269 GRIYA BUMI ANTAPANI KOTA BANDUNG,20245579,AKTIVASI SISWA,88,ORANG,2022
3837,32,JAWA BARAT,3273,KOTA BANDUNG,3273141,ANTAPANI,32.73.20,ANTAPANI,SLB B SUMBERSARI,20219862,SK SISWA,2,ORANG,2022
3838,32,JAWA BARAT,3273,KOTA BANDUNG,3273141,ANTAPANI,32.73.20,ANTAPANI,SLB B SUMBERSARI,20219862,AKTIVASI SISWA,2,ORANG,2022
3839,32,JAWA BARAT,3273,KOTA BANDUNG,3273141,ANTAPANI,32.73.20,ANTAPANI,SLB C SUMBER SARI,20219761,SK SISWA,8,ORANG,2022
3840,32,JAWA BARAT,3273,KOTA BANDUNG,3273141,ANTAPANI,32.73.20,ANTAPANI,SLB C SUMBER SARI,20219761,AKTIVASI SISWA,5,ORANG,2022
3841,32,JAWA BARAT,3273,KOTA BANDUNG,3273142,MANDALAJATI,32.73.30,MANDALAJATI,SD ABU AZIS,69947473,SK SISWA,2,ORANG,2022
3842,32,JAWA BARAT,3273,KOTA BANDUNG,3273142,MANDALAJATI,32.73.30,MANDALAJATI,SD ABU AZIS,69947473,AKTIVASI SISWA,1,ORANG,2022
3843,32,JAWA BARAT,3273,KOTA BANDUNG,3273142,MANDALAJATI,32.73.30,MANDALAJATI,SD AL-QURAN,69986341,SK SISWA,1,ORANG,2022
3844,32,JAWA BARAT,3273,KOTA BANDUNG,3273142,MANDALAJATI,32.73.30,MANDALAJATI,SD AL-QURAN,69986341,AKTIVASI SISWA,1,ORANG,2022
3845,32,JAWA BARAT,3273,KOTA BANDUNG,3273142,MANDALAJATI,32.73.30,MANDALAJATI,SD TUNAS UNGGUL,20219896,SK SISWA,1,ORANG,2022
3846,32,JAWA BARAT,3273,KOTA BANDUNG,3273142,MANDALAJATI,32.73.30,MANDALAJATI,SD TUNAS UNGGUL,20219896,AKTIVASI SISWA,1,ORANG,2022
3847,32,JAWA BARAT,3273,KOTA BANDUNG,3273142,MANDALAJATI,32.73.30,MANDALAJATI,SDN 009 CIKADUT KOTA BANDUNG,20245520,SK SISWA,59,ORANG,2022
3848,32,JAWA BARAT,3273,KOTA BANDUNG,3273142,MANDALAJATI,32.73.30,MANDALAJATI,SDN 009 CIKADUT KOTA BANDUNG,20245520,AKTIVASI SISWA,59,ORANG,2022
3849,32,JAWA BARAT,3273,KOTA BANDUNG,3273142,MANDALAJATI,32.73.30,MANDALAJATI,SDN 046 SINDANGLAYA KOTA BANDUNG,20245768,SK SISWA,69,ORANG,2022
3850,32,JAWA BARAT,3273,KOTA BANDUNG,3273142,MANDALAJATI,32.73.30,MANDALAJATI,SDN 046 SINDANGLAYA KOTA BANDUNG,20245768,AKTIVASI SISWA,68,ORANG,2022
3851,32,JAWA BARAT,3273,KOTA BANDUNG,3273142,MANDALAJATI,32.73.30,MANDALAJATI,SDN 055 JATIHANDAP KOTA BANDUNG,20245598,SK SISWA,41,ORANG,2022
3852,32,JAWA BARAT,3273,KOTA BANDUNG,3273142,MANDALAJATI,32.73.30,MANDALAJATI,SDN 055 JATIHANDAP KOTA BANDUNG,20245598,AKTIVASI SISWA,39,ORANG,2022
3853,32,JAWA BARAT,3273,KOTA BANDUNG,3273142,MANDALAJATI,32.73.30,MANDALAJATI,SDN 068 SINDANGLAYA KOTA BANDUNG,20245769,SK SISWA,99,ORANG,2022
3854,32,JAWA BARAT,3273,KOTA BANDUNG,3273142,MANDALAJATI,32.73.30,MANDALAJATI,SDN 068 SINDANGLAYA KOTA BANDUNG,20245769,AKTIVASI SISWA,99,ORANG,2022
3855,32,JAWA BARAT,3273,KOTA BANDUNG,3273142,MANDALAJATI,32.73.30,MANDALAJATI,SDN 084 CIKADUT KOTA BANDUNG,20245521,SK SISWA,79,ORANG,2022
3856,32,JAWA BARAT,3273,KOTA BANDUNG,3273142,MANDALAJATI,32.73.30,MANDALAJATI,SDN 084 CIKADUT KOTA BANDUNG,20245521,AKTIVASI SISWA,78,ORANG,2022
3857,32,JAWA BARAT,3273,KOTA BANDUNG,3273142,MANDALAJATI,32.73.30,MANDALAJATI,SDN 165 JATIHANDAP KOTA BANDUNG,20245596,SK SISWA,28,ORANG,2022
3858,32,JAWA BARAT,3273,KOTA BANDUNG,3273142,MANDALAJATI,32.73.30,MANDALAJATI,SDN 165 JATIHANDAP KOTA BANDUNG,20245596,AKTIVASI SISWA,26,ORANG,2022
3859,32,JAWA BARAT,3273,KOTA BANDUNG,3273142,MANDALAJATI,32.73.30,MANDALAJATI,SDN 174 PASIR IMPUN KOTA BANDUNG,20245733,SK SISWA,367,ORANG,2022
3860,32,JAWA BARAT,3273,KOTA BANDUNG,3273142,MANDALAJATI,32.73.30,MANDALAJATI,SDN 174 PASIR IMPUN KOTA BANDUNG,20245733,AKTIVASI SISWA,350,ORANG,2022
3861,32,JAWA BARAT,3273,KOTA BANDUNG,3273142,MANDALAJATI,32.73.30,MANDALAJATI,SDN 175 TANJAKAN KOTA BANDUNG,20245816,SK SISWA,23,ORANG,2022
3862,32,JAWA BARAT,3273,KOTA BANDUNG,3273142,MANDALAJATI,32.73.30,MANDALAJATI,SDN 175 TANJAKAN KOTA BANDUNG,20245816,AKTIVASI SISWA,21,ORANG,2022
3863,32,JAWA BARAT,3273,KOTA BANDUNG,3273142,MANDALAJATI,32.73.30,MANDALAJATI,SDN 231 SUKAASIH KOTA BANDUNG,20245794,SK SISWA,251,ORANG,2022
3864,32,JAWA BARAT,3273,KOTA BANDUNG,3273142,MANDALAJATI,32.73.30,MANDALAJATI,SDN 231 SUKAASIH KOTA BANDUNG,20245794,AKTIVASI SISWA,243,ORANG,2022
3865,32,JAWA BARAT,3273,KOTA BANDUNG,3273142,MANDALAJATI,32.73.30,MANDALAJATI,SDN 243 CICABE KOTA BANDUNG,20245510,SK SISWA,148,ORANG,2022
3866,32,JAWA BARAT,3273,KOTA BANDUNG,3273142,MANDALAJATI,32.73.30,MANDALAJATI,SDN 243 CICABE KOTA BANDUNG,20245510,AKTIVASI SISWA,147,ORANG,2022
3867,32,JAWA BARAT,3273,KOTA BANDUNG,3273180,ANDIR,32.73.05,ANDIR,SD ADVENT CIMINDI,20219531,SK SISWA,24,ORANG,2022
3868,32,JAWA BARAT,3273,KOTA BANDUNG,3273180,ANDIR,32.73.05,ANDIR,SD ADVENT CIMINDI,20219531,AKTIVASI SISWA,23,ORANG,2022
3869,32,JAWA BARAT,3273,KOTA BANDUNG,3273180,ANDIR,32.73.05,ANDIR,SD BALA KESELAMATAN,20219585,SK SISWA,3,ORANG,2022
3870,32,JAWA BARAT,3273,KOTA BANDUNG,3273180,ANDIR,32.73.05,ANDIR,SD BALA KESELAMATAN,20219585,AKTIVASI SISWA,2,ORANG,2022
3871,32,JAWA BARAT,3273,KOTA BANDUNG,3273180,ANDIR,32.73.05,ANDIR,SD BPMD TARUNA,20219535,SK SISWA,49,ORANG,2022
3872,32,JAWA BARAT,3273,KOTA BANDUNG,3273180,ANDIR,32.73.05,ANDIR,SD BPMD TARUNA,20219535,AKTIVASI SISWA,48,ORANG,2022
3873,32,JAWA BARAT,3273,KOTA BANDUNG,3273180,ANDIR,32.73.05,ANDIR,SD LPPN,20219837,SK SISWA,47,ORANG,2022
3874,32,JAWA BARAT,3273,KOTA BANDUNG,3273180,ANDIR,32.73.05,ANDIR,SD LPPN,20219837,AKTIVASI SISWA,42,ORANG,2022
3875,32,JAWA BARAT,3273,KOTA BANDUNG,3273180,ANDIR,32.73.05,ANDIR,SD MALEBER BARAT,20219846,SK SISWA,21,ORANG,2022
3876,32,JAWA BARAT,3273,KOTA BANDUNG,3273180,ANDIR,32.73.05,ANDIR,SD MALEBER BARAT,20219846,AKTIVASI SISWA,21,ORANG,2022
3877,32,JAWA BARAT,3273,KOTA BANDUNG,3273180,ANDIR,32.73.05,ANDIR,SD MALEBER SELATAN,20219847,SK SISWA,47,ORANG,2022
3878,32,JAWA BARAT,3273,KOTA BANDUNG,3273180,ANDIR,32.73.05,ANDIR,SD MALEBER SELATAN,20219847,AKTIVASI SISWA,44,ORANG,2022
3879,32,JAWA BARAT,3273,KOTA BANDUNG,3273180,ANDIR,32.73.05,ANDIR,SD MALEBER UTARA,20219848,SK SISWA,15,ORANG,2022
3880,32,JAWA BARAT,3273,KOTA BANDUNG,3273180,ANDIR,32.73.05,ANDIR,SD MALEBER UTARA,20219848,AKTIVASI SISWA,13,ORANG,2022
3881,32,JAWA BARAT,3273,KOTA BANDUNG,3273180,ANDIR,32.73.05,ANDIR,SD MARIA BINTANG LAUT,20219857,SK SISWA,5,ORANG,2022
3882,32,JAWA BARAT,3273,KOTA BANDUNG,3273180,ANDIR,32.73.05,ANDIR,SD MARIA BINTANG LAUT,20219857,AKTIVASI SISWA,5,ORANG,2022
3883,32,JAWA BARAT,3273,KOTA BANDUNG,3273180,ANDIR,32.73.05,ANDIR,SD MUTIARA,20219834,SK SISWA,106,ORANG,2022
3884,32,JAWA BARAT,3273,KOTA BANDUNG,3273180,ANDIR,32.73.05,ANDIR,SD MUTIARA,20219834,AKTIVASI SISWA,102,ORANG,2022
3885,32,JAWA BARAT,3273,KOTA BANDUNG,3273180,ANDIR,32.73.05,ANDIR,SD PRASISTHA,20219833,SK SISWA,63,ORANG,2022
3886,32,JAWA BARAT,3273,KOTA BANDUNG,3273180,ANDIR,32.73.05,ANDIR,SD PRASISTHA,20219833,AKTIVASI SISWA,63,ORANG,2022
3887,32,JAWA BARAT,3273,KOTA BANDUNG,3273180,ANDIR,32.73.05,ANDIR,SD RAJAWALI,20219829,SK SISWA,17,ORANG,2022
3888,32,JAWA BARAT,3273,KOTA BANDUNG,3273180,ANDIR,32.73.05,ANDIR,SD RAJAWALI,20219829,AKTIVASI SISWA,17,ORANG,2022
3889,32,JAWA BARAT,3273,KOTA BANDUNG,3273180,ANDIR,32.73.05,ANDIR,SD WINDU PUTRA,20219907,SK SISWA,32,ORANG,2022
3890,32,JAWA BARAT,3273,KOTA BANDUNG,3273180,ANDIR,32.73.05,ANDIR,SD WINDU PUTRA,20219907,AKTIVASI SISWA,32,ORANG,2022
3891,32,JAWA BARAT,3273,KOTA BANDUNG,3273180,ANDIR,32.73.05,ANDIR,SD YWKA REL HOMY SCHOOL,20219901,SK SISWA,51,ORANG,2022
3892,32,JAWA BARAT,3273,KOTA BANDUNG,3273180,ANDIR,32.73.05,ANDIR,SD YWKA REL HOMY SCHOOL,20219901,AKTIVASI SISWA,50,ORANG,2022
3893,32,JAWA BARAT,3273,KOTA BANDUNG,3273180,ANDIR,32.73.05,ANDIR,SDN 002 KARANGMULYA KOTA BANDUNG,20245212,SK SISWA,115,ORANG,2022
3894,32,JAWA BARAT,3273,KOTA BANDUNG,3273180,ANDIR,32.73.05,ANDIR,SDN 002 KARANGMULYA KOTA BANDUNG,20245212,AKTIVASI SISWA,112,ORANG,2022
3895,32,JAWA BARAT,3273,KOTA BANDUNG,3273180,ANDIR,32.73.05,ANDIR,SDN 049 DURMAN KOTA BANDUNG,20245193,SK SISWA,72,ORANG,2022
3896,32,JAWA BARAT,3273,KOTA BANDUNG,3273180,ANDIR,32.73.05,ANDIR,SDN 049 DURMAN KOTA BANDUNG,20245193,AKTIVASI SISWA,71,ORANG,2022
3897,32,JAWA BARAT,3273,KOTA BANDUNG,3273180,ANDIR,32.73.05,ANDIR,SDN 056 GARUDA DADALI KOTA BANDUNG,20245196,SK SISWA,83,ORANG,2022
3898,32,JAWA BARAT,3273,KOTA BANDUNG,3273180,ANDIR,32.73.05,ANDIR,SDN 056 GARUDA DADALI KOTA BANDUNG,20245196,AKTIVASI SISWA,80,ORANG,2022
3899,32,JAWA BARAT,3273,KOTA BANDUNG,3273180,ANDIR,32.73.05,ANDIR,SDN 091 CIBEUREUM KOTA BANDUNG,20245129,SK SISWA,373,ORANG,2022
3900,32,JAWA BARAT,3273,KOTA BANDUNG,3273180,ANDIR,32.73.05,ANDIR,SDN 091 CIBEUREUM KOTA BANDUNG,20245129,AKTIVASI SISWA,370,ORANG,2022
3901,32,JAWA BARAT,3273,KOTA BANDUNG,3273180,ANDIR,32.73.05,ANDIR,SDN 098 CIROYOM KOTA BANDUNG,20245141,SK SISWA,58,ORANG,2022
3902,32,JAWA BARAT,3273,KOTA BANDUNG,3273180,ANDIR,32.73.05,ANDIR,SDN 098 CIROYOM KOTA BANDUNG,20245141,AKTIVASI SISWA,58,ORANG,2022
3903,32,JAWA BARAT,3273,KOTA BANDUNG,3273180,ANDIR,32.73.05,ANDIR,SDN 197 KARANG TARUNA KARANGSARI KOTA BANDUNG,20245215,SK SISWA,150,ORANG,2022
3904,32,JAWA BARAT,3273,KOTA BANDUNG,3273180,ANDIR,32.73.05,ANDIR,SDN 197 KARANG TARUNA KARANGSARI KOTA BANDUNG,20245215,AKTIVASI SISWA,131,ORANG,2022
3905,32,JAWA BARAT,3273,KOTA BANDUNG,3273180,ANDIR,32.73.05,ANDIR,SLB WIDI ASIH,20217941,SK SISWA,7,ORANG,2022
3906,32,JAWA BARAT,3273,KOTA BANDUNG,3273180,ANDIR,32.73.05,ANDIR,SLB WIDI ASIH,20217941,AKTIVASI SISWA,7,ORANG,2022
3907,32,JAWA BARAT,3273,KOTA BANDUNG,3273080,BANDUNG KIDUL,32.73.21,BANDUNG KIDUL,SD IT AL-FAJAR,20267927,SK SISWA,2,ORANG,2022
3908,32,JAWA BARAT,3273,KOTA BANDUNG,3273080,BANDUNG KIDUL,32.73.21,BANDUNG KIDUL,SD IT AL-FAJAR,20267927,AKTIVASI SISWA,2,ORANG,2022
3909,32,JAWA BARAT,3273,KOTA BANDUNG,3273080,BANDUNG KIDUL,32.73.21,BANDUNG KIDUL,SD TIARA BUNDA,20268416,SK SISWA,3,ORANG,2022
3910,32,JAWA BARAT,3273,KOTA BANDUNG,3273080,BANDUNG KIDUL,32.73.21,BANDUNG KIDUL,SD TIARA BUNDA,20268416,AKTIVASI SISWA,3,ORANG,2022
3911,32,JAWA BARAT,3273,KOTA BANDUNG,3273080,BANDUNG KIDUL,32.73.21,BANDUNG KIDUL,SDN 040 PASAWAHAN KOTA BANDUNG,20245073,SK SISWA,277,ORANG,2022
3912,32,JAWA BARAT,3273,KOTA BANDUNG,3273080,BANDUNG KIDUL,32.73.21,BANDUNG KIDUL,SDN 040 PASAWAHAN KOTA BANDUNG,20245073,AKTIVASI SISWA,277,ORANG,2022
3913,32,JAWA BARAT,3273,KOTA BANDUNG,3273080,BANDUNG KIDUL,32.73.21,BANDUNG KIDUL,SDN 094 PARAKANWAAS KOTA BANDUNG,20245072,SK SISWA,37,ORANG,2022
3914,32,JAWA BARAT,3273,KOTA BANDUNG,3273080,BANDUNG KIDUL,32.73.21,BANDUNG KIDUL,SDN 094 PARAKANWAAS KOTA BANDUNG,20245072,AKTIVASI SISWA,37,ORANG,2022
3915,32,JAWA BARAT,3273,KOTA BANDUNG,3273080,BANDUNG KIDUL,32.73.21,BANDUNG KIDUL,SDN 117 BATUNUNGGAL KOTA BANDUNG,20245021,SK SISWA,122,ORANG,2022
3916,32,JAWA BARAT,3273,KOTA BANDUNG,3273080,BANDUNG KIDUL,32.73.21,BANDUNG KIDUL,SDN 117 BATUNUNGGAL KOTA BANDUNG,20245021,AKTIVASI SISWA,122,ORANG,2022
3917,32,JAWA BARAT,3273,KOTA BANDUNG,3273080,BANDUNG KIDUL,32.73.21,BANDUNG KIDUL,SDN 130 SEKELIMUS BATUNUNGGAL KOTA BANDUNG,20245084,SK SISWA,200,ORANG,2022
3918,32,JAWA BARAT,3273,KOTA BANDUNG,3273080,BANDUNG KIDUL,32.73.21,BANDUNG KIDUL,SDN 130 SEKELIMUS BATUNUNGGAL KOTA BANDUNG,20245084,AKTIVASI SISWA,200,ORANG,2022
3919,32,JAWA BARAT,3273,KOTA BANDUNG,3273080,BANDUNG KIDUL,32.73.21,BANDUNG KIDUL,SDN 250 JAKAPURWA KOTA BANDUNG,20245034,SK SISWA,251,ORANG,2022
3920,32,JAWA BARAT,3273,KOTA BANDUNG,3273080,BANDUNG KIDUL,32.73.21,BANDUNG KIDUL,SDN 250 JAKAPURWA KOTA BANDUNG,20245034,AKTIVASI SISWA,251,ORANG,2022
3921,32,JAWA BARAT,3273,KOTA BANDUNG,3273080,BANDUNG KIDUL,32.73.21,BANDUNG KIDUL,SDN 266 MENGGER KOTA BANDUNG,20245049,SK SISWA,50,ORANG,2022
3922,32,JAWA BARAT,3273,KOTA BANDUNG,3273080,BANDUNG KIDUL,32.73.21,BANDUNG KIDUL,SDN 266 MENGGER KOTA BANDUNG,20245049,AKTIVASI SISWA,50,ORANG,2022
3923,32,JAWA BARAT,3273,KOTA BANDUNG,3273080,BANDUNG KIDUL,32.73.21,BANDUNG KIDUL,SLB AUTIS PRANANDA,20280598,SK SISWA,2,ORANG,2022
3924,32,JAWA BARAT,3273,KOTA BANDUNG,3273080,BANDUNG KIDUL,32.73.21,BANDUNG KIDUL,SLB AUTIS PRANANDA,20280598,AKTIVASI SISWA,2,ORANG,2022
3925,32,JAWA BARAT,3273,KOTA BANDUNG,3273121,CINAMBO,32.73.29,CINAMBO,SDN 052 CISARANTEN WETAN GEDEBAGE KOTA BANDUNG,20245534,SK SISWA,115,ORANG,2023
3926,32,JAWA BARAT,3273,KOTA BANDUNG,3273121,CINAMBO,32.73.29,CINAMBO,SDN 052 CISARANTEN WETAN GEDEBAGE KOTA BANDUNG,20245534,AKTIVASI SISWA,100,ORANG,2023
3927,32,JAWA BARAT,3273,KOTA BANDUNG,3273121,CINAMBO,32.73.29,CINAMBO,SDN 172 ANDIR KIDUL KOTA BANDUNG,20245439,SK SISWA,65,ORANG,2023
3928,32,JAWA BARAT,3273,KOTA BANDUNG,3273121,CINAMBO,32.73.29,CINAMBO,SDN 172 ANDIR KIDUL KOTA BANDUNG,20245439,AKTIVASI SISWA,62,ORANG,2023
3929,32,JAWA BARAT,3273,KOTA BANDUNG,3273121,CINAMBO,32.73.29,CINAMBO,SLB PANCARAN IMAN,20255797,SK SISWA,3,ORANG,2023
3930,32,JAWA BARAT,3273,KOTA BANDUNG,3273121,CINAMBO,32.73.29,CINAMBO,SLB PANCARAN IMAN,20255797,AKTIVASI SISWA,3,ORANG,2023
3931,32,JAWA BARAT,3273,KOTA BANDUNG,3273260,CIDADAP,32.73.08,CIDADAP,SD ADZKIA,69932122,SK SISWA,55,ORANG,2023
3932,32,JAWA BARAT,3273,KOTA BANDUNG,3273260,CIDADAP,32.73.08,CIDADAP,SD ADZKIA,69932122,AKTIVASI SISWA,43,ORANG,2023
3933,32,JAWA BARAT,3273,KOTA BANDUNG,3273260,CIDADAP,32.73.08,CIDADAP,SD AL HUSAINIYYAH,20219544,SK SISWA,47,ORANG,2023
3934,32,JAWA BARAT,3273,KOTA BANDUNG,3273260,CIDADAP,32.73.08,CIDADAP,SD AL HUSAINIYYAH,20219544,AKTIVASI SISWA,45,ORANG,2023
3935,32,JAWA BARAT,3273,KOTA BANDUNG,3273260,CIDADAP,32.73.08,CIDADAP,SD AL- HIDAYAH,20252052,SK SISWA,80,ORANG,2023
3936,32,JAWA BARAT,3273,KOTA BANDUNG,3273260,CIDADAP,32.73.08,CIDADAP,SD AL- HIDAYAH,20252052,AKTIVASI SISWA,76,ORANG,2023
3937,32,JAWA BARAT,3273,KOTA BANDUNG,3273260,CIDADAP,32.73.08,CIDADAP,SD KRISTEN HIDUP BARU,20258399,SK SISWA,1,ORANG,2023
3938,32,JAWA BARAT,3273,KOTA BANDUNG,3273260,CIDADAP,32.73.08,CIDADAP,SD KRISTEN HIDUP BARU,20258399,AKTIVASI SISWA,1,ORANG,2023
3939,32,JAWA BARAT,3273,KOTA BANDUNG,3273260,CIDADAP,32.73.08,CIDADAP,SD MUHAMMADIYAH 6,20219849,SK SISWA,195,ORANG,2023
3940,32,JAWA BARAT,3273,KOTA BANDUNG,3273260,CIDADAP,32.73.08,CIDADAP,SD MUHAMMADIYAH 6,20219849,AKTIVASI SISWA,193,ORANG,2023
3941,32,JAWA BARAT,3273,KOTA BANDUNG,3273260,CIDADAP,32.73.08,CIDADAP,SD SURUUR,20219887,SK SISWA,58,ORANG,2023
3942,32,JAWA BARAT,3273,KOTA BANDUNG,3273260,CIDADAP,32.73.08,CIDADAP,SD SURUUR,20219887,AKTIVASI SISWA,57,ORANG,2023
3943,32,JAWA BARAT,3273,KOTA BANDUNG,3273260,CIDADAP,32.73.08,CIDADAP,SDN 010 CIDADAP KOTA BANDUNG,20245138,SK SISWA,23,ORANG,2023
3944,32,JAWA BARAT,3273,KOTA BANDUNG,3273260,CIDADAP,32.73.08,CIDADAP,SDN 010 CIDADAP KOTA BANDUNG,20245138,AKTIVASI SISWA,22,ORANG,2023
3945,32,JAWA BARAT,3273,KOTA BANDUNG,3273260,CIDADAP,32.73.08,CIDADAP,SDN 030 CIRATEUN KOTA BANDUNG,20245140,SK SISWA,49,ORANG,2023
3946,32,JAWA BARAT,3273,KOTA BANDUNG,3273260,CIDADAP,32.73.08,CIDADAP,SDN 030 CIRATEUN KOTA BANDUNG,20245140,AKTIVASI SISWA,47,ORANG,2023
3947,32,JAWA BARAT,3273,KOTA BANDUNG,3273260,CIDADAP,32.73.08,CIDADAP,SDN 085 CIUMBULEUIT KOTA BANDUNG,20245142,SK SISWA,83,ORANG,2023
3948,32,JAWA BARAT,3273,KOTA BANDUNG,3273260,CIDADAP,32.73.08,CIDADAP,SDN 085 CIUMBULEUIT KOTA BANDUNG,20245142,AKTIVASI SISWA,82,ORANG,2023
3949,32,JAWA BARAT,3273,KOTA BANDUNG,3273260,CIDADAP,32.73.08,CIDADAP,SDN 108 CIUMBULEUIT KOTA BANDUNG,20245144,SK SISWA,159,ORANG,2023
3950,32,JAWA BARAT,3273,KOTA BANDUNG,3273260,CIDADAP,32.73.08,CIDADAP,SDN 108 CIUMBULEUIT KOTA BANDUNG,20245144,AKTIVASI SISWA,158,ORANG,2023
3951,32,JAWA BARAT,3273,KOTA BANDUNG,3273260,CIDADAP,32.73.08,CIDADAP,SDN 134 PANORAMA KOTA BANDUNG,20245244,SK SISWA,68,ORANG,2023
3952,32,JAWA BARAT,3273,KOTA BANDUNG,3273260,CIDADAP,32.73.08,CIDADAP,SDN 134 PANORAMA KOTA BANDUNG,20245244,AKTIVASI SISWA,64,ORANG,2023
3953,32,JAWA BARAT,3273,KOTA BANDUNG,3273260,CIDADAP,32.73.08,CIDADAP,SDN 188 BANDUNG BARU KOTA BANDUNG,20245106,SK SISWA,100,ORANG,2023
3954,32,JAWA BARAT,3273,KOTA BANDUNG,3273260,CIDADAP,32.73.08,CIDADAP,SDN 188 BANDUNG BARU KOTA BANDUNG,20245106,AKTIVASI SISWA,100,ORANG,2023
3955,32,JAWA BARAT,3273,KOTA BANDUNG,3273260,CIDADAP,32.73.08,CIDADAP,SDN 204 CIDADAP KOTA BANDUNG,20245139,SK SISWA,52,ORANG,2023
3956,32,JAWA BARAT,3273,KOTA BANDUNG,3273260,CIDADAP,32.73.08,CIDADAP,SDN 204 CIDADAP KOTA BANDUNG,20245139,AKTIVASI SISWA,51,ORANG,2023
3957,32,JAWA BARAT,3273,KOTA BANDUNG,3273110,CIBIRU,32.73.25,CIBIRU,PKBM WIJAYAKUSUMAH,P2961065,SK SISWA,1,ORANG,2023
3958,32,JAWA BARAT,3273,KOTA BANDUNG,3273110,CIBIRU,32.73.25,CIBIRU,PKBM WIJAYAKUSUMAH,P2961065,AKTIVASI SISWA,0,ORANG,2023
3959,32,JAWA BARAT,3273,KOTA BANDUNG,3273110,CIBIRU,32.73.25,CIBIRU,SD INTAN AL-SALI,69952860,SK SISWA,149,ORANG,2023
3960,32,JAWA BARAT,3273,KOTA BANDUNG,3273110,CIBIRU,32.73.25,CIBIRU,SD INTAN AL-SALI,69952860,AKTIVASI SISWA,130,ORANG,2023
3961,32,JAWA BARAT,3273,KOTA BANDUNG,3273110,CIBIRU,32.73.25,CIBIRU,SD IT INSAN CERMAT,70008908,SK SISWA,8,ORANG,2023
3962,32,JAWA BARAT,3273,KOTA BANDUNG,3273110,CIBIRU,32.73.25,CIBIRU,SD IT INSAN CERMAT,70008908,AKTIVASI SISWA,6,ORANG,2023
3963,32,JAWA BARAT,3273,KOTA BANDUNG,3273110,CIBIRU,32.73.25,CIBIRU,SDN 029 CILENGKRANG KOTA BANDUNG,20245494,SK SISWA,105,ORANG,2023
3964,32,JAWA BARAT,3273,KOTA BANDUNG,3273110,CIBIRU,32.73.25,CIBIRU,SDN 029 CILENGKRANG KOTA BANDUNG,20245494,AKTIVASI SISWA,100,ORANG,2023
3965,32,JAWA BARAT,3273,KOTA BANDUNG,3273110,CIBIRU,32.73.25,CIBIRU,SDN 050 CIBIRU KOTA BANDUNG,20245488,SK SISWA,198,ORANG,2023
3966,32,JAWA BARAT,3273,KOTA BANDUNG,3273110,CIBIRU,32.73.25,CIBIRU,SDN 050 CIBIRU KOTA BANDUNG,20245488,AKTIVASI SISWA,197,ORANG,2023
3967,32,JAWA BARAT,3273,KOTA BANDUNG,3273110,CIBIRU,32.73.25,CIBIRU,SDN 090 CIBIRU KOTA BANDUNG,20245487,SK SISWA,110,ORANG,2023
3968,32,JAWA BARAT,3273,KOTA BANDUNG,3273110,CIBIRU,32.73.25,CIBIRU,SDN 090 CIBIRU KOTA BANDUNG,20245487,AKTIVASI SISWA,107,ORANG,2023
3969,32,JAWA BARAT,3273,KOTA BANDUNG,3273110,CIBIRU,32.73.25,CIBIRU,SDN 102 CIKUDAYASA KOTA BANDUNG,20245492,SK SISWA,215,ORANG,2023
3970,32,JAWA BARAT,3273,KOTA BANDUNG,3273110,CIBIRU,32.73.25,CIBIRU,SDN 102 CIKUDAYASA KOTA BANDUNG,20245492,AKTIVASI SISWA,213,ORANG,2023
3971,32,JAWA BARAT,3273,KOTA BANDUNG,3273110,CIBIRU,32.73.25,CIBIRU,SDN 124 HANURA KOTA BANDUNG,20245586,SK SISWA,44,ORANG,2023
3972,32,JAWA BARAT,3273,KOTA BANDUNG,3273110,CIBIRU,32.73.25,CIBIRU,SDN 124 HANURA KOTA BANDUNG,20245586,AKTIVASI SISWA,41,ORANG,2023
3973,32,JAWA BARAT,3273,KOTA BANDUNG,3273110,CIBIRU,32.73.25,CIBIRU,SDN 125 TARUNA KARYA KOTA BANDUNG,20245811,SK SISWA,81,ORANG,2023
3974,32,JAWA BARAT,3273,KOTA BANDUNG,3273110,CIBIRU,32.73.25,CIBIRU,SDN 125 TARUNA KARYA KOTA BANDUNG,20245811,AKTIVASI SISWA,81,ORANG,2023
3975,32,JAWA BARAT,3273,KOTA BANDUNG,3273110,CIBIRU,32.73.25,CIBIRU,SDN 152 CIGAGAK KOTA BANDUNG,20245838,SK SISWA,90,ORANG,2023
3976,32,JAWA BARAT,3273,KOTA BANDUNG,3273110,CIBIRU,32.73.25,CIBIRU,SDN 152 CIGAGAK KOTA BANDUNG,20245838,AKTIVASI SISWA,86,ORANG,2023
3977,32,JAWA BARAT,3273,KOTA BANDUNG,3273110,CIBIRU,32.73.25,CIBIRU,SDN 153 TARUNA KARYA KOTA BANDUNG,20245812,SK SISWA,131,ORANG,2023
3978,32,JAWA BARAT,3273,KOTA BANDUNG,3273110,CIBIRU,32.73.25,CIBIRU,SDN 153 TARUNA KARYA KOTA BANDUNG,20245812,AKTIVASI SISWA,131,ORANG,2023
3979,32,JAWA BARAT,3273,KOTA BANDUNG,3273110,CIBIRU,32.73.25,CIBIRU,SDN 168 CIPADUNG KOTA BANDUNG,20245500,SK SISWA,327,ORANG,2023
3980,32,JAWA BARAT,3273,KOTA BANDUNG,3273110,CIBIRU,32.73.25,CIBIRU,SDN 168 CIPADUNG KOTA BANDUNG,20245500,AKTIVASI SISWA,325,ORANG,2023
3981,32,JAWA BARAT,3273,KOTA BANDUNG,3273110,CIBIRU,32.73.25,CIBIRU,SDN 169 PELITA KOTA BANDUNG,20245747,SK SISWA,328,ORANG,2023
3982,32,JAWA BARAT,3273,KOTA BANDUNG,3273110,CIBIRU,32.73.25,CIBIRU,SDN 169 PELITA KOTA BANDUNG,20245747,AKTIVASI SISWA,318,ORANG,2023
3983,32,JAWA BARAT,3273,KOTA BANDUNG,3273110,CIBIRU,32.73.25,CIBIRU,SDN 186 CIPADUNG KOTA BANDUNG,20245498,SK SISWA,179,ORANG,2023
3984,32,JAWA BARAT,3273,KOTA BANDUNG,3273110,CIBIRU,32.73.25,CIBIRU,SDN 186 CIPADUNG KOTA BANDUNG,20245498,AKTIVASI SISWA,176,ORANG,2023
3985,32,JAWA BARAT,3273,KOTA BANDUNG,3273110,CIBIRU,32.73.25,CIBIRU,SDN 247 SUKAPURA KOTA BANDUNG,20258124,SK SISWA,109,ORANG,2023
3986,32,JAWA BARAT,3273,KOTA BANDUNG,3273110,CIBIRU,32.73.25,CIBIRU,SDN 247 SUKAPURA KOTA BANDUNG,20258124,AKTIVASI SISWA,104,ORANG,2023
3987,32,JAWA BARAT,3273,KOTA BANDUNG,3273110,CIBIRU,32.73.25,CIBIRU,SLB ABCDE LOB,20280599,SK SISWA,4,ORANG,2023
3988,32,JAWA BARAT,3273,KOTA BANDUNG,3273110,CIBIRU,32.73.25,CIBIRU,SLB ABCDE LOB,20280599,AKTIVASI SISWA,4,ORANG,2023
3989,32,JAWA BARAT,3273,KOTA BANDUNG,3273110,CIBIRU,32.73.25,CIBIRU,SLB B SILIH ASIH,20219864,SK SISWA,2,ORANG,2023
3990,32,JAWA BARAT,3273,KOTA BANDUNG,3273110,CIBIRU,32.73.25,CIBIRU,SLB B SILIH ASIH,20219864,AKTIVASI SISWA,1,ORANG,2023
3991,32,JAWA BARAT,3273,KOTA BANDUNG,3273110,CIBIRU,32.73.25,CIBIRU,SLB C SILIH ASIH,20219882,SK SISWA,3,ORANG,2023
3992,32,JAWA BARAT,3273,KOTA BANDUNG,3273110,CIBIRU,32.73.25,CIBIRU,SLB C SILIH ASIH,20219882,AKTIVASI SISWA,3,ORANG,2023
3993,32,JAWA BARAT,3273,KOTA BANDUNG,3273220,CIBEUNYING KALER,32.73.18,CIBEUNYING KALER,SD DARUL HIKAM INTEGRATED SCHOOL,70031982,SK SISWA,1,ORANG,2023
3994,32,JAWA BARAT,3273,KOTA BANDUNG,3273220,CIBEUNYING KALER,32.73.18,CIBEUNYING KALER,SD DARUL HIKAM INTEGRATED SCHOOL,70031982,AKTIVASI SISWA,1,ORANG,2023
3995,32,JAWA BARAT,3273,KOTA BANDUNG,3273220,CIBEUNYING KALER,32.73.18,CIBEUNYING KALER,SD SANTA MELANIA,20219883,SK SISWA,8,ORANG,2023
3996,32,JAWA BARAT,3273,KOTA BANDUNG,3273220,CIBEUNYING KALER,32.73.18,CIBEUNYING KALER,SD SANTA MELANIA,20219883,AKTIVASI SISWA,8,ORANG,2023
3997,32,JAWA BARAT,3273,KOTA BANDUNG,3273220,CIBEUNYING KALER,32.73.18,CIBEUNYING KALER,SD SEJATI,20219891,SK SISWA,63,ORANG,2023
3998,32,JAWA BARAT,3273,KOTA BANDUNG,3273220,CIBEUNYING KALER,32.73.18,CIBEUNYING KALER,SD SEJATI,20219891,AKTIVASI SISWA,56,ORANG,2023
3999,32,JAWA BARAT,3273,KOTA BANDUNG,3273220,CIBEUNYING KALER,32.73.18,CIBEUNYING KALER,SDN 025 CIKUTRA KOTA BANDUNG,20245172,SK SISWA,240,ORANG,2023
4000,32,JAWA BARAT,3273,KOTA BANDUNG,3273220,CIBEUNYING KALER,32.73.18,CIBEUNYING KALER,SDN 025 CIKUTRA KOTA BANDUNG,20245172,AKTIVASI SISWA,240,ORANG,2023
4001,32,JAWA BARAT,3273,KOTA BANDUNG,3273220,CIBEUNYING KALER,32.73.18,CIBEUNYING KALER,SDN 082 MUARARAJEUN KOTA BANDUNG,20245242,SK SISWA,31,ORANG,2023
4002,32,JAWA BARAT,3273,KOTA BANDUNG,3273220,CIBEUNYING KALER,32.73.18,CIBEUNYING KALER,SDN 082 MUARARAJEUN KOTA BANDUNG,20245242,AKTIVASI SISWA,31,ORANG,2023
4003,32,JAWA BARAT,3273,KOTA BANDUNG,3273220,CIBEUNYING KALER,32.73.18,CIBEUNYING KALER,SDN 132 CIHAURGEULIS KOTA BANDUNG,20245165,SK SISWA,89,ORANG,2023
4004,32,JAWA BARAT,3273,KOTA BANDUNG,3273220,CIBEUNYING KALER,32.73.18,CIBEUNYING KALER,SDN 132 CIHAURGEULIS KOTA BANDUNG,20245165,AKTIVASI SISWA,88,ORANG,2023
4005,32,JAWA BARAT,3273,KOTA BANDUNG,3273220,CIBEUNYING KALER,32.73.18,CIBEUNYING KALER,SDN 149 CIGADUNG KOTA BANDUNG,20245162,SK SISWA,437,ORANG,2023
4006,32,JAWA BARAT,3273,KOTA BANDUNG,3273220,CIBEUNYING KALER,32.73.18,CIBEUNYING KALER,SDN 149 CIGADUNG KOTA BANDUNG,20245162,AKTIVASI SISWA,436,ORANG,2023
4007,32,JAWA BARAT,3273,KOTA BANDUNG,3273220,CIBEUNYING KALER,32.73.18,CIBEUNYING KALER,SDN 185 CIHAURGEULIS KOTA BANDUNG,20245166,SK SISWA,14,ORANG,2023
4008,32,JAWA BARAT,3273,KOTA BANDUNG,3273220,CIBEUNYING KALER,32.73.18,CIBEUNYING KALER,SDN 185 CIHAURGEULIS KOTA BANDUNG,20245166,AKTIVASI SISWA,13,ORANG,2023
4009,32,JAWA BARAT,3273,KOTA BANDUNG,3273220,CIBEUNYING KALER,32.73.18,CIBEUNYING KALER,SDN 201 SUKALUYU KOTA BANDUNG,20245280,SK SISWA,196,ORANG,2023
4010,32,JAWA BARAT,3273,KOTA BANDUNG,3273220,CIBEUNYING KALER,32.73.18,CIBEUNYING KALER,SDN 201 SUKALUYU KOTA BANDUNG,20245280,AKTIVASI SISWA,194,ORANG,2023
4011,32,JAWA BARAT,3273,KOTA BANDUNG,3273190,CICENDO,32.73.06,CICENDO,SD 1 KRISTEN PAULUS,20219591,SK SISWA,1,ORANG,2023
4012,32,JAWA BARAT,3273,KOTA BANDUNG,3273190,CICENDO,32.73.06,CICENDO,SD 1 KRISTEN PAULUS,20219591,AKTIVASI SISWA,1,ORANG,2023
4013,32,JAWA BARAT,3273,KOTA BANDUNG,3273190,CICENDO,32.73.06,CICENDO,SD AL FATAH AL HASAN,20219524,SK SISWA,33,ORANG,2023
4014,32,JAWA BARAT,3273,KOTA BANDUNG,3273190,CICENDO,32.73.06,CICENDO,SD AL FATAH AL HASAN,20219524,AKTIVASI SISWA,30,ORANG,2023
4015,32,JAWA BARAT,3273,KOTA BANDUNG,3273190,CICENDO,32.73.06,CICENDO,SD ANGKASA 1,20219534,SK SISWA,9,ORANG,2023
4016,32,JAWA BARAT,3273,KOTA BANDUNG,3273190,CICENDO,32.73.06,CICENDO,SD ANGKASA 1,20219534,AKTIVASI SISWA,7,ORANG,2023
4017,32,JAWA BARAT,3273,KOTA BANDUNG,3273190,CICENDO,32.73.06,CICENDO,SD ANGKASA 3,20219542,SK SISWA,5,ORANG,2023
4018,32,JAWA BARAT,3273,KOTA BANDUNG,3273190,CICENDO,32.73.06,CICENDO,SD ANGKASA 3,20219542,AKTIVASI SISWA,3,ORANG,2023
4019,32,JAWA BARAT,3273,KOTA BANDUNG,3273190,CICENDO,32.73.06,CICENDO,SD INDUSTRI,20219595,SK SISWA,35,ORANG,2023
4020,32,JAWA BARAT,3273,KOTA BANDUNG,3273190,CICENDO,32.73.06,CICENDO,SD INDUSTRI,20219595,AKTIVASI SISWA,29,ORANG,2023
4021,32,JAWA BARAT,3273,KOTA BANDUNG,3273190,CICENDO,32.73.06,CICENDO,SD KRISTEN BPPK,20219858,SK SISWA,7,ORANG,2023
4022,32,JAWA BARAT,3273,KOTA BANDUNG,3273190,CICENDO,32.73.06,CICENDO,SD KRISTEN BPPK,20219858,AKTIVASI SISWA,6,ORANG,2023
4023,32,JAWA BARAT,3273,KOTA BANDUNG,3273190,CICENDO,32.73.06,CICENDO,SD PANDU,20219820,SK SISWA,4,ORANG,2023
4024,32,JAWA BARAT,3273,KOTA BANDUNG,3273190,CICENDO,32.73.06,CICENDO,SD PANDU,20219820,AKTIVASI SISWA,4,ORANG,2023
4025,32,JAWA BARAT,3273,KOTA BANDUNG,3273190,CICENDO,32.73.06,CICENDO,SD PELITA JASA,20219813,SK SISWA,66,ORANG,2023
4026,32,JAWA BARAT,3273,KOTA BANDUNG,3273190,CICENDO,32.73.06,CICENDO,SD PELITA JASA,20219813,AKTIVASI SISWA,63,ORANG,2023
4027,32,JAWA BARAT,3273,KOTA BANDUNG,3273190,CICENDO,32.73.06,CICENDO,SDN 013 PASIRKALIKI KOTA BANDUNG,20245742,SK SISWA,110,ORANG,2023
4028,32,JAWA BARAT,3273,KOTA BANDUNG,3273190,CICENDO,32.73.06,CICENDO,SDN 013 PASIRKALIKI KOTA BANDUNG,20245742,AKTIVASI SISWA,107,ORANG,2023
4029,32,JAWA BARAT,3273,KOTA BANDUNG,3273190,CICENDO,32.73.06,CICENDO,SDN 015 KRESNA KOTA BANDUNG,20245706,SK SISWA,188,ORANG,2023
4030,32,JAWA BARAT,3273,KOTA BANDUNG,3273190,CICENDO,32.73.06,CICENDO,SDN 015 KRESNA KOTA BANDUNG,20245706,AKTIVASI SISWA,188,ORANG,2023
4031,32,JAWA BARAT,3273,KOTA BANDUNG,3273190,CICENDO,32.73.06,CICENDO,SDN 016 DR. CIPTO PAJAJARAN KOTA BANDUNG,20245566,SK SISWA,95,ORANG,2023
4032,32,JAWA BARAT,3273,KOTA BANDUNG,3273190,CICENDO,32.73.06,CICENDO,SDN 016 DR. CIPTO PAJAJARAN KOTA BANDUNG,20245566,AKTIVASI SISWA,95,ORANG,2023
4033,32,JAWA BARAT,3273,KOTA BANDUNG,3273190,CICENDO,32.73.06,CICENDO,SDN 045 PASIRKALIKI KOTA BANDUNG,20245735,SK SISWA,100,ORANG,2023
4034,32,JAWA BARAT,3273,KOTA BANDUNG,3273190,CICENDO,32.73.06,CICENDO,SDN 045 PASIRKALIKI KOTA BANDUNG,20245735,AKTIVASI SISWA,100,ORANG,2023
4035,32,JAWA BARAT,3273,KOTA BANDUNG,3273190,CICENDO,32.73.06,CICENDO,SDN 051 PASIRKALIKI KOTA BANDUNG,20245740,SK SISWA,119,ORANG,2023
4036,32,JAWA BARAT,3273,KOTA BANDUNG,3273190,CICENDO,32.73.06,CICENDO,SDN 051 PASIRKALIKI KOTA BANDUNG,20245740,AKTIVASI SISWA,119,ORANG,2023
4037,32,JAWA BARAT,3273,KOTA BANDUNG,3273190,CICENDO,32.73.06,CICENDO,SDN 074 AYUDIA KOTA BANDUNG,20245449,SK SISWA,146,ORANG,2023
4038,32,JAWA BARAT,3273,KOTA BANDUNG,3273190,CICENDO,32.73.06,CICENDO,SDN 074 AYUDIA KOTA BANDUNG,20245449,AKTIVASI SISWA,145,ORANG,2023
4039,32,JAWA BARAT,3273,KOTA BANDUNG,3273190,CICENDO,32.73.06,CICENDO,SDN 075 JATAYU KOTA BANDUNG,20245591,SK SISWA,120,ORANG,2023
4040,32,JAWA BARAT,3273,KOTA BANDUNG,3273190,CICENDO,32.73.06,CICENDO,SDN 075 JATAYU KOTA BANDUNG,20245591,AKTIVASI SISWA,106,ORANG,2023
4041,32,JAWA BARAT,3273,KOTA BANDUNG,3273190,CICENDO,32.73.06,CICENDO,SDN 110 PASIRKALIKI KOMARABUDI KOTA BANDUNG,20245736,SK SISWA,48,ORANG,2023
4042,32,JAWA BARAT,3273,KOTA BANDUNG,3273190,CICENDO,32.73.06,CICENDO,SDN 110 PASIRKALIKI KOMARABUDI KOTA BANDUNG,20245736,AKTIVASI SISWA,48,ORANG,2023
4043,32,JAWA BARAT,3273,KOTA BANDUNG,3273190,CICENDO,32.73.06,CICENDO,SDN 154 CITEPUS KOTA BANDUNG,20245541,SK SISWA,474,ORANG,2023
4044,32,JAWA BARAT,3273,KOTA BANDUNG,3273190,CICENDO,32.73.06,CICENDO,SDN 154 CITEPUS KOTA BANDUNG,20245541,AKTIVASI SISWA,466,ORANG,2023
4045,32,JAWA BARAT,3273,KOTA BANDUNG,3273190,CICENDO,32.73.06,CICENDO,SDN 155 GUNUNG RAHAYU KOTA BANDUNG,20245570,SK SISWA,51,ORANG,2023
4046,32,JAWA BARAT,3273,KOTA BANDUNG,3273190,CICENDO,32.73.06,CICENDO,SDN 155 GUNUNG RAHAYU KOTA BANDUNG,20245570,AKTIVASI SISWA,50,ORANG,2023
4047,32,JAWA BARAT,3273,KOTA BANDUNG,3273190,CICENDO,32.73.06,CICENDO,SDN 156 PASIRKALIKI KOTA BANDUNG,20245737,SK SISWA,189,ORANG,2023
4048,32,JAWA BARAT,3273,KOTA BANDUNG,3273190,CICENDO,32.73.06,CICENDO,SDN 156 PASIRKALIKI KOTA BANDUNG,20245737,AKTIVASI SISWA,179,ORANG,2023
4049,32,JAWA BARAT,3273,KOTA BANDUNG,3273190,CICENDO,32.73.06,CICENDO,SDN 157 SUKARAJA KOTA BANDUNG,20245810,SK SISWA,4,ORANG,2023
4050,32,JAWA BARAT,3273,KOTA BANDUNG,3273190,CICENDO,32.73.06,CICENDO,SDN 157 SUKARAJA KOTA BANDUNG,20245810,AKTIVASI SISWA,2,ORANG,2023
4051,32,JAWA BARAT,3273,KOTA BANDUNG,3273190,CICENDO,32.73.06,CICENDO,SDN 170 DIAN KOTA BANDUNG,20245564,SK SISWA,16,ORANG,2023
4052,32,JAWA BARAT,3273,KOTA BANDUNG,3273190,CICENDO,32.73.06,CICENDO,SDN 170 DIAN KOTA BANDUNG,20245564,AKTIVASI SISWA,16,ORANG,2023
4053,32,JAWA BARAT,3273,KOTA BANDUNG,3273190,CICENDO,32.73.06,CICENDO,SDN 171 LANUMA HUSEIN KOTA BANDUNG,20245709,SK SISWA,63,ORANG,2023
4054,32,JAWA BARAT,3273,KOTA BANDUNG,3273190,CICENDO,32.73.06,CICENDO,SDN 171 LANUMA HUSEIN KOTA BANDUNG,20245709,AKTIVASI SISWA,61,ORANG,2023
4055,32,JAWA BARAT,3273,KOTA BANDUNG,3273190,CICENDO,32.73.06,CICENDO,SDN 187 LANUMA HUSEIN KOTA BANDUNG,20245707,SK SISWA,161,ORANG,2023
4056,32,JAWA BARAT,3273,KOTA BANDUNG,3273190,CICENDO,32.73.06,CICENDO,SDN 187 LANUMA HUSEIN KOTA BANDUNG,20245707,AKTIVASI SISWA,151,ORANG,2023
4057,32,JAWA BARAT,3273,KOTA BANDUNG,3273190,CICENDO,32.73.06,CICENDO,SLB NEGERI A PAJAJARAN,20280593,SK SISWA,9,ORANG,2023
4058,32,JAWA BARAT,3273,KOTA BANDUNG,3273190,CICENDO,32.73.06,CICENDO,SLB NEGERI A PAJAJARAN,20280593,AKTIVASI SISWA,4,ORANG,2023
4059,32,JAWA BARAT,3273,KOTA BANDUNG,3273040,BOJONGLOA KIDUL,32.73.17,BOJONGLOA KIDUL,SD AL BASYARIYAH,20219527,SK SISWA,164,ORANG,2023
4060,32,JAWA BARAT,3273,KOTA BANDUNG,3273040,BOJONGLOA KIDUL,32.73.17,BOJONGLOA KIDUL,SD AL BASYARIYAH,20219527,AKTIVASI SISWA,143,ORANG,2023
4061,32,JAWA BARAT,3273,KOTA BANDUNG,3273040,BOJONGLOA KIDUL,32.73.17,BOJONGLOA KIDUL,SD BUDI SASTRA,20219604,SK SISWA,81,ORANG,2023
4062,32,JAWA BARAT,3273,KOTA BANDUNG,3273040,BOJONGLOA KIDUL,32.73.17,BOJONGLOA KIDUL,SD BUDI SASTRA,20219604,AKTIVASI SISWA,69,ORANG,2023
4063,32,JAWA BARAT,3273,KOTA BANDUNG,3273040,BOJONGLOA KIDUL,32.73.17,BOJONGLOA KIDUL,SD KRISTEN DIAN EMAS,20219845,SK SISWA,1,ORANG,2023
4064,32,JAWA BARAT,3273,KOTA BANDUNG,3273040,BOJONGLOA KIDUL,32.73.17,BOJONGLOA KIDUL,SD KRISTEN DIAN EMAS,20219845,AKTIVASI SISWA,0,ORANG,2023
4065,32,JAWA BARAT,3273,KOTA BANDUNG,3273040,BOJONGLOA KIDUL,32.73.17,BOJONGLOA KIDUL,SD MUHAMMADIYAH 5,20219850,SK SISWA,44,ORANG,2023
4066,32,JAWA BARAT,3273,KOTA BANDUNG,3273040,BOJONGLOA KIDUL,32.73.17,BOJONGLOA KIDUL,SD MUHAMMADIYAH 5,20219850,AKTIVASI SISWA,41,ORANG,2023
4067,32,JAWA BARAT,3273,KOTA BANDUNG,3273040,BOJONGLOA KIDUL,32.73.17,BOJONGLOA KIDUL,SDN 026 BOJONGLOA KOTA BANDUNG,20244953,SK SISWA,260,ORANG,2023
4068,32,JAWA BARAT,3273,KOTA BANDUNG,3273040,BOJONGLOA KIDUL,32.73.17,BOJONGLOA KIDUL,SDN 026 BOJONGLOA KOTA BANDUNG,20244953,AKTIVASI SISWA,255,ORANG,2023
4069,32,JAWA BARAT,3273,KOTA BANDUNG,3273040,BOJONGLOA KIDUL,32.73.17,BOJONGLOA KIDUL,SDN 148 CIBADUYUT KOTA BANDUNG,20244963,SK SISWA,344,ORANG,2023
4070,32,JAWA BARAT,3273,KOTA BANDUNG,3273040,BOJONGLOA KIDUL,32.73.17,BOJONGLOA KIDUL,SDN 148 CIBADUYUT KOTA BANDUNG,20244963,AKTIVASI SISWA,321,ORANG,2023
4071,32,JAWA BARAT,3273,KOTA BANDUNG,3273040,BOJONGLOA KIDUL,32.73.17,BOJONGLOA KIDUL,SDN 200 LEUWIPANJANG KOTA BANDUNG,20244980,SK SISWA,237,ORANG,2023
4072,32,JAWA BARAT,3273,KOTA BANDUNG,3273040,BOJONGLOA KIDUL,32.73.17,BOJONGLOA KIDUL,SDN 200 LEUWIPANJANG KOTA BANDUNG,20244980,AKTIVASI SISWA,235,ORANG,2023
4073,32,JAWA BARAT,3273,KOTA BANDUNG,3273040,BOJONGLOA KIDUL,32.73.17,BOJONGLOA KIDUL,SDN 228 CANGKUANG KOTA BANDUNG,20244959,SK SISWA,97,ORANG,2023
4074,32,JAWA BARAT,3273,KOTA BANDUNG,3273040,BOJONGLOA KIDUL,32.73.17,BOJONGLOA KIDUL,SDN 228 CANGKUANG KOTA BANDUNG,20244959,AKTIVASI SISWA,94,ORANG,2023
4075,32,JAWA BARAT,3273,KOTA BANDUNG,3273040,BOJONGLOA KIDUL,32.73.17,BOJONGLOA KIDUL,SDN 229 CIBADUYUT KOTA BANDUNG,20244966,SK SISWA,205,ORANG,2023
4076,32,JAWA BARAT,3273,KOTA BANDUNG,3273040,BOJONGLOA KIDUL,32.73.17,BOJONGLOA KIDUL,SDN 229 CIBADUYUT KOTA BANDUNG,20244966,AKTIVASI SISWA,199,ORANG,2023
4077,32,JAWA BARAT,3273,KOTA BANDUNG,3273040,BOJONGLOA KIDUL,32.73.17,BOJONGLOA KIDUL,SDN 233 CIBADUYUT KOTA BANDUNG,20244967,SK SISWA,123,ORANG,2023
4078,32,JAWA BARAT,3273,KOTA BANDUNG,3273040,BOJONGLOA KIDUL,32.73.17,BOJONGLOA KIDUL,SDN 233 CIBADUYUT KOTA BANDUNG,20244967,AKTIVASI SISWA,116,ORANG,2023
4079,32,JAWA BARAT,3273,KOTA BANDUNG,3273040,BOJONGLOA KIDUL,32.73.17,BOJONGLOA KIDUL,SDN 241 LEUWIANYAR KOTA BANDUNG,20244978,SK SISWA,102,ORANG,2023
4080,32,JAWA BARAT,3273,KOTA BANDUNG,3273040,BOJONGLOA KIDUL,32.73.17,BOJONGLOA KIDUL,SDN 241 LEUWIANYAR KOTA BANDUNG,20244978,AKTIVASI SISWA,96,ORANG,2023
4081,32,JAWA BARAT,3273,KOTA BANDUNG,3273040,BOJONGLOA KIDUL,32.73.17,BOJONGLOA KIDUL,SLB BC YPLAB CIBADUYUT,20280596,SK SISWA,20,ORANG,2023
4082,32,JAWA BARAT,3273,KOTA BANDUNG,3273040,BOJONGLOA KIDUL,32.73.17,BOJONGLOA KIDUL,SLB BC YPLAB CIBADUYUT,20280596,AKTIVASI SISWA,19,ORANG,2023
4083,32,JAWA BARAT,3273,KOTA BANDUNG,3273210,CIBEUNYING KIDUL,32.73.14,CIBEUNYING KIDUL,SD ITQAN ISLAMIC SCHOOL,69946543,SK SISWA,2,ORANG,2023
4084,32,JAWA BARAT,3273,KOTA BANDUNG,3273210,CIBEUNYING KIDUL,32.73.14,CIBEUNYING KIDUL,SD ITQAN ISLAMIC SCHOOL,69946543,AKTIVASI SISWA,0,ORANG,2023
4085,32,JAWA BARAT,3273,KOTA BANDUNG,3273210,CIBEUNYING KIDUL,32.73.14,CIBEUNYING KIDUL,SD KARAKTER AZ-ZAHRA,20279824,SK SISWA,10,ORANG,2023
4086,32,JAWA BARAT,3273,KOTA BANDUNG,3273210,CIBEUNYING KIDUL,32.73.14,CIBEUNYING KIDUL,SD KARAKTER AZ-ZAHRA,20279824,AKTIVASI SISWA,10,ORANG,2023
4087,32,JAWA BARAT,3273,KOTA BANDUNG,3273210,CIBEUNYING KIDUL,32.73.14,CIBEUNYING KIDUL,SD MUHAMMADIYAH 3,20219852,SK SISWA,45,ORANG,2023
4088,32,JAWA BARAT,3273,KOTA BANDUNG,3273210,CIBEUNYING KIDUL,32.73.14,CIBEUNYING KIDUL,SD MUHAMMADIYAH 3,20219852,AKTIVASI SISWA,45,ORANG,2023
4089,32,JAWA BARAT,3273,KOTA BANDUNG,3273210,CIBEUNYING KIDUL,32.73.14,CIBEUNYING KIDUL,SD PELITA,20219814,SK SISWA,42,ORANG,2023
4090,32,JAWA BARAT,3273,KOTA BANDUNG,3273210,CIBEUNYING KIDUL,32.73.14,CIBEUNYING KIDUL,SD PELITA,20219814,AKTIVASI SISWA,35,ORANG,2023
4091,32,JAWA BARAT,3273,KOTA BANDUNG,3273210,CIBEUNYING KIDUL,32.73.14,CIBEUNYING KIDUL,SD SANTO YUSUP I,20253862,SK SISWA,56,ORANG,2023
4092,32,JAWA BARAT,3273,KOTA BANDUNG,3273210,CIBEUNYING KIDUL,32.73.14,CIBEUNYING KIDUL,SD SANTO YUSUP I,20253862,AKTIVASI SISWA,44,ORANG,2023
4093,32,JAWA BARAT,3273,KOTA BANDUNG,3273210,CIBEUNYING KIDUL,32.73.14,CIBEUNYING KIDUL,SD YAYASAN ATIKAN SUNDA,20219904,SK SISWA,32,ORANG,2023
4094,32,JAWA BARAT,3273,KOTA BANDUNG,3273210,CIBEUNYING KIDUL,32.73.14,CIBEUNYING KIDUL,SD YAYASAN ATIKAN SUNDA,20219904,AKTIVASI SISWA,30,ORANG,2023
4095,32,JAWA BARAT,3273,KOTA BANDUNG,3273210,CIBEUNYING KIDUL,32.73.14,CIBEUNYING KIDUL,SDN 022 CICADAS KOTA BANDUNG,20245153,SK SISWA,34,ORANG,2023
4096,32,JAWA BARAT,3273,KOTA BANDUNG,3273210,CIBEUNYING KIDUL,32.73.14,CIBEUNYING KIDUL,SDN 022 CICADAS KOTA BANDUNG,20245153,AKTIVASI SISWA,21,ORANG,2023
4097,32,JAWA BARAT,3273,KOTA BANDUNG,3273210,CIBEUNYING KIDUL,32.73.14,CIBEUNYING KIDUL,SDN 027 CICADAS KOTA BANDUNG,20245149,SK SISWA,108,ORANG,2023
4098,32,JAWA BARAT,3273,KOTA BANDUNG,3273210,CIBEUNYING KIDUL,32.73.14,CIBEUNYING KIDUL,SDN 027 CICADAS KOTA BANDUNG,20245149,AKTIVASI SISWA,108,ORANG,2023
4099,32,JAWA BARAT,3273,KOTA BANDUNG,3273210,CIBEUNYING KIDUL,32.73.14,CIBEUNYING KIDUL,SDN 043 CIMUNCANG KOTA BANDUNG,20245178,SK SISWA,223,ORANG,2023
4100,32,JAWA BARAT,3273,KOTA BANDUNG,3273210,CIBEUNYING KIDUL,32.73.14,CIBEUNYING KIDUL,SDN 043 CIMUNCANG KOTA BANDUNG,20245178,AKTIVASI SISWA,217,ORANG,2023
4101,32,JAWA BARAT,3273,KOTA BANDUNG,3273210,CIBEUNYING KIDUL,32.73.14,CIBEUNYING KIDUL,SDN 044 CICADAS AWIGOMBONG KOTA BANDUNG,20245157,SK SISWA,237,ORANG,2023
4102,32,JAWA BARAT,3273,KOTA BANDUNG,3273210,CIBEUNYING KIDUL,32.73.14,CIBEUNYING KIDUL,SDN 044 CICADAS AWIGOMBONG KOTA BANDUNG,20245157,AKTIVASI SISWA,234,ORANG,2023
4103,32,JAWA BARAT,3273,KOTA BANDUNG,3273210,CIBEUNYING KIDUL,32.73.14,CIBEUNYING KIDUL,SDN 064 PADASUKA KOTA BANDUNG,20245247,SK SISWA,304,ORANG,2023
4104,32,JAWA BARAT,3273,KOTA BANDUNG,3273210,CIBEUNYING KIDUL,32.73.14,CIBEUNYING KIDUL,SDN 064 PADASUKA KOTA BANDUNG,20245247,AKTIVASI SISWA,301,ORANG,2023
4105,32,JAWA BARAT,3273,KOTA BANDUNG,3273210,CIBEUNYING KIDUL,32.73.14,CIBEUNYING KIDUL,SDN 114 BOJONGKONENG CIBEUNYING KOTA BANDUNG,20245119,SK SISWA,152,ORANG,2023
4106,32,JAWA BARAT,3273,KOTA BANDUNG,3273210,CIBEUNYING KIDUL,32.73.14,CIBEUNYING KIDUL,SDN 114 BOJONGKONENG CIBEUNYING KOTA BANDUNG,20245119,AKTIVASI SISWA,147,ORANG,2023
4107,32,JAWA BARAT,3273,KOTA BANDUNG,3273210,CIBEUNYING KIDUL,32.73.14,CIBEUNYING KIDUL,SDN 133 JALAN ANYAR KOTA BANDUNG,20245211,SK SISWA,54,ORANG,2023
4108,32,JAWA BARAT,3273,KOTA BANDUNG,3273210,CIBEUNYING KIDUL,32.73.14,CIBEUNYING KIDUL,SDN 133 JALAN ANYAR KOTA BANDUNG,20245211,AKTIVASI SISWA,48,ORANG,2023
4109,32,JAWA BARAT,3273,KOTA BANDUNG,3273210,CIBEUNYING KIDUL,32.73.14,CIBEUNYING KIDUL,SDN 150 GATOT SUBROTO KOTA BANDUNG,20245206,SK SISWA,67,ORANG,2023
4110,32,JAWA BARAT,3273,KOTA BANDUNG,3273210,CIBEUNYING KIDUL,32.73.14,CIBEUNYING KIDUL,SDN 150 GATOT SUBROTO KOTA BANDUNG,20245206,AKTIVASI SISWA,67,ORANG,2023
4111,32,JAWA BARAT,3273,KOTA BANDUNG,3273210,CIBEUNYING KIDUL,32.73.14,CIBEUNYING KIDUL,SDN 151 SUKASENANG KOTA BANDUNG,20245284,SK SISWA,62,ORANG,2023
4112,32,JAWA BARAT,3273,KOTA BANDUNG,3273210,CIBEUNYING KIDUL,32.73.14,CIBEUNYING KIDUL,SDN 151 SUKASENANG KOTA BANDUNG,20245284,AKTIVASI SISWA,60,ORANG,2023
4113,32,JAWA BARAT,3273,KOTA BANDUNG,3273210,CIBEUNYING KIDUL,32.73.14,CIBEUNYING KIDUL,SDN 234 SALUYU KOTA BANDUNG,20245262,SK SISWA,157,ORANG,2023
4114,32,JAWA BARAT,3273,KOTA BANDUNG,3273210,CIBEUNYING KIDUL,32.73.14,CIBEUNYING KIDUL,SDN 234 SALUYU KOTA BANDUNG,20245262,AKTIVASI SISWA,153,ORANG,2023
4115,32,JAWA BARAT,3273,KOTA BANDUNG,3273210,CIBEUNYING KIDUL,32.73.14,CIBEUNYING KIDUL,SLB C KARYA BHAKTI,20219872,SK SISWA,8,ORANG,2023
4116,32,JAWA BARAT,3273,KOTA BANDUNG,3273210,CIBEUNYING KIDUL,32.73.14,CIBEUNYING KIDUL,SLB C KARYA BHAKTI,20219872,AKTIVASI SISWA,7,ORANG,2023
4117,32,JAWA BARAT,3273,KOTA BANDUNG,3273210,CIBEUNYING KIDUL,32.73.14,CIBEUNYING KIDUL,SLB PUSPPA SURYAKANTI,20219743,SK SISWA,11,ORANG,2023
4118,32,JAWA BARAT,3273,KOTA BANDUNG,3273210,CIBEUNYING KIDUL,32.73.14,CIBEUNYING KIDUL,SLB PUSPPA SURYAKANTI,20219743,AKTIVASI SISWA,10,ORANG,2023
4119,32,JAWA BARAT,3273,KOTA BANDUNG,3273160,BATUNUNGGAL,32.73.12,BATUNUNGGAL,SD CIPTA KARYA,20246315,SK SISWA,150,ORANG,2023
4120,32,JAWA BARAT,3273,KOTA BANDUNG,3273160,BATUNUNGGAL,32.73.12,BATUNUNGGAL,SD CIPTA KARYA,20246315,AKTIVASI SISWA,145,ORANG,2023
4121,32,JAWA BARAT,3273,KOTA BANDUNG,3273160,BATUNUNGGAL,32.73.12,BATUNUNGGAL,SD IGNATIUS SLAMET RIYADI,20219609,SK SISWA,2,ORANG,2023
4122,32,JAWA BARAT,3273,KOTA BANDUNG,3273160,BATUNUNGGAL,32.73.12,BATUNUNGGAL,SD IGNATIUS SLAMET RIYADI,20219609,AKTIVASI SISWA,0,ORANG,2023
4123,32,JAWA BARAT,3273,KOTA BANDUNG,3273160,BATUNUNGGAL,32.73.12,BATUNUNGGAL,SD JEMBAR,20219576,SK SISWA,29,ORANG,2023
4124,32,JAWA BARAT,3273,KOTA BANDUNG,3273160,BATUNUNGGAL,32.73.12,BATUNUNGGAL,SD JEMBAR,20219576,AKTIVASI SISWA,28,ORANG,2023
4125,32,JAWA BARAT,3273,KOTA BANDUNG,3273160,BATUNUNGGAL,32.73.12,BATUNUNGGAL,SD TRIKARSA,20219884,SK SISWA,41,ORANG,2023
4126,32,JAWA BARAT,3273,KOTA BANDUNG,3273160,BATUNUNGGAL,32.73.12,BATUNUNGGAL,SD TRIKARSA,20219884,AKTIVASI SISWA,3,ORANG,2023
4127,32,JAWA BARAT,3273,KOTA BANDUNG,3273160,BATUNUNGGAL,32.73.12,BATUNUNGGAL,SD YPU,20219902,SK SISWA,64,ORANG,2023
4128,32,JAWA BARAT,3273,KOTA BANDUNG,3273160,BATUNUNGGAL,32.73.12,BATUNUNGGAL,SD YPU,20219902,AKTIVASI SISWA,61,ORANG,2023
4129,32,JAWA BARAT,3273,KOTA BANDUNG,3273160,BATUNUNGGAL,32.73.12,BATUNUNGGAL,SDN 028 GUMURUH KOTA BANDUNG,20244864,SK SISWA,121,ORANG,2023
4130,32,JAWA BARAT,3273,KOTA BANDUNG,3273160,BATUNUNGGAL,32.73.12,BATUNUNGGAL,SDN 028 GUMURUH KOTA BANDUNG,20244864,AKTIVASI SISWA,117,ORANG,2023
4131,32,JAWA BARAT,3273,KOTA BANDUNG,3273160,BATUNUNGGAL,32.73.12,BATUNUNGGAL,SDN 042 GAMBIR KOTA BANDUNG,20244857,SK SISWA,219,ORANG,2023
4132,32,JAWA BARAT,3273,KOTA BANDUNG,3273160,BATUNUNGGAL,32.73.12,BATUNUNGGAL,SDN 042 GAMBIR KOTA BANDUNG,20244857,AKTIVASI SISWA,216,ORANG,2023
4133,32,JAWA BARAT,3273,KOTA BANDUNG,3273160,BATUNUNGGAL,32.73.12,BATUNUNGGAL,SDN 063 KEBON GEDANG KOTA BANDUNG,20245950,SK SISWA,145,ORANG,2023
4134,32,JAWA BARAT,3273,KOTA BANDUNG,3273160,BATUNUNGGAL,32.73.12,BATUNUNGGAL,SDN 063 KEBON GEDANG KOTA BANDUNG,20245950,AKTIVASI SISWA,140,ORANG,2023
4135,32,JAWA BARAT,3273,KOTA BANDUNG,3273160,BATUNUNGGAL,32.73.12,BATUNUNGGAL,SDN 081 KEBON GEDANG KRIDAWINAYA KOTA BANDUNG,20245956,SK SISWA,104,ORANG,2023
4136,32,JAWA BARAT,3273,KOTA BANDUNG,3273160,BATUNUNGGAL,32.73.12,BATUNUNGGAL,SDN 081 KEBON GEDANG KRIDAWINAYA KOTA BANDUNG,20245956,AKTIVASI SISWA,98,ORANG,2023
4137,32,JAWA BARAT,3273,KOTA BANDUNG,3273160,BATUNUNGGAL,32.73.12,BATUNUNGGAL,SDN 109 CENTEH KOTA BANDUNG,20244829,SK SISWA,116,ORANG,2023
4138,32,JAWA BARAT,3273,KOTA BANDUNG,3273160,BATUNUNGGAL,32.73.12,BATUNUNGGAL,SDN 109 CENTEH KOTA BANDUNG,20244829,AKTIVASI SISWA,110,ORANG,2023
4139,32,JAWA BARAT,3273,KOTA BANDUNG,3273160,BATUNUNGGAL,32.73.12,BATUNUNGGAL,SDN 145 BINONG JATI KOTA BANDUNG,20244825,SK SISWA,139,ORANG,2023
4140,32,JAWA BARAT,3273,KOTA BANDUNG,3273160,BATUNUNGGAL,32.73.12,BATUNUNGGAL,SDN 145 BINONG JATI KOTA BANDUNG,20244825,AKTIVASI SISWA,128,ORANG,2023
4141,32,JAWA BARAT,3273,KOTA BANDUNG,3273160,BATUNUNGGAL,32.73.12,BATUNUNGGAL,SDN 146 GUMURUH KOTA BANDUNG,20244870,SK SISWA,70,ORANG,2023
4142,32,JAWA BARAT,3273,KOTA BANDUNG,3273160,BATUNUNGGAL,32.73.12,BATUNUNGGAL,SDN 146 GUMURUH KOTA BANDUNG,20244870,AKTIVASI SISWA,68,ORANG,2023
4143,32,JAWA BARAT,3273,KOTA BANDUNG,3273160,BATUNUNGGAL,32.73.12,BATUNUNGGAL,SDN 203 KACAPIRING KOTA BANDUNG,20244880,SK SISWA,35,ORANG,2023
4144,32,JAWA BARAT,3273,KOTA BANDUNG,3273160,BATUNUNGGAL,32.73.12,BATUNUNGGAL,SDN 203 KACAPIRING KOTA BANDUNG,20244880,AKTIVASI SISWA,35,ORANG,2023
4145,32,JAWA BARAT,3273,KOTA BANDUNG,3273160,BATUNUNGGAL,32.73.12,BATUNUNGGAL,SDN 219 BABAKANJATI KOTA BANDUNG,20244823,SK SISWA,166,ORANG,2023
4146,32,JAWA BARAT,3273,KOTA BANDUNG,3273160,BATUNUNGGAL,32.73.12,BATUNUNGGAL,SDN 219 BABAKANJATI KOTA BANDUNG,20244823,AKTIVASI SISWA,141,ORANG,2023
4147,32,JAWA BARAT,3273,KOTA BANDUNG,3273160,BATUNUNGGAL,32.73.12,BATUNUNGGAL,SDN 220 GUMURUH KOTA BANDUNG,20244871,SK SISWA,98,ORANG,2023
4148,32,JAWA BARAT,3273,KOTA BANDUNG,3273160,BATUNUNGGAL,32.73.12,BATUNUNGGAL,SDN 220 GUMURUH KOTA BANDUNG,20244871,AKTIVASI SISWA,97,ORANG,2023
4149,32,JAWA BARAT,3273,KOTA BANDUNG,3273160,BATUNUNGGAL,32.73.12,BATUNUNGGAL,SLB DARUL HIDAYAH,69830375,SK SISWA,4,ORANG,2023
4150,32,JAWA BARAT,3273,KOTA BANDUNG,3273160,BATUNUNGGAL,32.73.12,BATUNUNGGAL,SLB DARUL HIDAYAH,69830375,AKTIVASI SISWA,4,ORANG,2023
4151,32,JAWA BARAT,3273,KOTA BANDUNG,3273160,BATUNUNGGAL,32.73.12,BATUNUNGGAL,SLB-BC MURNI YPKSM,20219878,SK SISWA,6,ORANG,2023
4152,32,JAWA BARAT,3273,KOTA BANDUNG,3273160,BATUNUNGGAL,32.73.12,BATUNUNGGAL,SLB-BC MURNI YPKSM,20219878,AKTIVASI SISWA,6,ORANG,2023
4153,32,JAWA BARAT,3273,KOTA BANDUNG,3273200,BANDUNG WETAN,32.73.09,BANDUNG WETAN,SD EDU GLOBAL,69980373,SK SISWA,1,ORANG,2023
4154,32,JAWA BARAT,3273,KOTA BANDUNG,3273200,BANDUNG WETAN,32.73.09,BANDUNG WETAN,SD EDU GLOBAL,69980373,AKTIVASI SISWA,0,ORANG,2023
4155,32,JAWA BARAT,3273,KOTA BANDUNG,3273200,BANDUNG WETAN,32.73.09,BANDUNG WETAN,SD ISTIQAMAH,20219578,SK SISWA,3,ORANG,2023
4156,32,JAWA BARAT,3273,KOTA BANDUNG,3273200,BANDUNG WETAN,32.73.09,BANDUNG WETAN,SD ISTIQAMAH,20219578,AKTIVASI SISWA,2,ORANG,2023
4157,32,JAWA BARAT,3273,KOTA BANDUNG,3273200,BANDUNG WETAN,32.73.09,BANDUNG WETAN,SD KRISTEN BAPTIS,20219584,SK SISWA,26,ORANG,2023
4158,32,JAWA BARAT,3273,KOTA BANDUNG,3273200,BANDUNG WETAN,32.73.09,BANDUNG WETAN,SD KRISTEN BAPTIS,20219584,AKTIVASI SISWA,26,ORANG,2023
4159,32,JAWA BARAT,3273,KOTA BANDUNG,3273200,BANDUNG WETAN,32.73.09,BANDUNG WETAN,SD LINGGAWASTU,20219838,SK SISWA,60,ORANG,2023
4160,32,JAWA BARAT,3273,KOTA BANDUNG,3273200,BANDUNG WETAN,32.73.09,BANDUNG WETAN,SD LINGGAWASTU,20219838,AKTIVASI SISWA,56,ORANG,2023
4161,32,JAWA BARAT,3273,KOTA BANDUNG,3273200,BANDUNG WETAN,32.73.09,BANDUNG WETAN,SD MATHLAUL KHOERIYAH,20219856,SK SISWA,186,ORANG,2023
4162,32,JAWA BARAT,3273,KOTA BANDUNG,3273200,BANDUNG WETAN,32.73.09,BANDUNG WETAN,SD MATHLAUL KHOERIYAH,20219856,AKTIVASI SISWA,175,ORANG,2023
4163,32,JAWA BARAT,3273,KOTA BANDUNG,3273200,BANDUNG WETAN,32.73.09,BANDUNG WETAN,SD PERTIWI,20219823,SK SISWA,135,ORANG,2023
4164,32,JAWA BARAT,3273,KOTA BANDUNG,3273200,BANDUNG WETAN,32.73.09,BANDUNG WETAN,SD PERTIWI,20219823,AKTIVASI SISWA,131,ORANG,2023
4165,32,JAWA BARAT,3273,KOTA BANDUNG,3273200,BANDUNG WETAN,32.73.09,BANDUNG WETAN,SD SANTO AGUSTINUS,20219894,SK SISWA,2,ORANG,2023
4166,32,JAWA BARAT,3273,KOTA BANDUNG,3273200,BANDUNG WETAN,32.73.09,BANDUNG WETAN,SD SANTO AGUSTINUS,20219894,AKTIVASI SISWA,0,ORANG,2023
4167,32,JAWA BARAT,3273,KOTA BANDUNG,3273200,BANDUNG WETAN,32.73.09,BANDUNG WETAN,SD YAKESWA,20219906,SK SISWA,27,ORANG,2023
4168,32,JAWA BARAT,3273,KOTA BANDUNG,3273200,BANDUNG WETAN,32.73.09,BANDUNG WETAN,SD YAKESWA,20219906,AKTIVASI SISWA,25,ORANG,2023
4169,32,JAWA BARAT,3273,KOTA BANDUNG,3273200,BANDUNG WETAN,32.73.09,BANDUNG WETAN,SD YKPPK,20253349,SK SISWA,47,ORANG,2023
4170,32,JAWA BARAT,3273,KOTA BANDUNG,3273200,BANDUNG WETAN,32.73.09,BANDUNG WETAN,SD YKPPK,20253349,AKTIVASI SISWA,47,ORANG,2023
4171,32,JAWA BARAT,3273,KOTA BANDUNG,3273200,BANDUNG WETAN,32.73.09,BANDUNG WETAN,SDN 037 SABANG KOTA BANDUNG,20245285,SK SISWA,66,ORANG,2023
4172,32,JAWA BARAT,3273,KOTA BANDUNG,3273200,BANDUNG WETAN,32.73.09,BANDUNG WETAN,SDN 037 SABANG KOTA BANDUNG,20245285,AKTIVASI SISWA,65,ORANG,2023
4173,32,JAWA BARAT,3273,KOTA BANDUNG,3273200,BANDUNG WETAN,32.73.09,BANDUNG WETAN,SDN 062 CIUJUNG KOTA BANDUNG,20245187,SK SISWA,162,ORANG,2023
4174,32,JAWA BARAT,3273,KOTA BANDUNG,3273200,BANDUNG WETAN,32.73.09,BANDUNG WETAN,SDN 062 CIUJUNG KOTA BANDUNG,20245187,AKTIVASI SISWA,159,ORANG,2023
4175,32,JAWA BARAT,3273,KOTA BANDUNG,3273090,BUAHBATU,32.73.22,BUAHBATU,SD AL KENZIE,70005214,SK SISWA,84,ORANG,2023
4176,32,JAWA BARAT,3273,KOTA BANDUNG,3273090,BUAHBATU,32.73.22,BUAHBATU,SD AL KENZIE,70005214,AKTIVASI SISWA,64,ORANG,2023
4177,32,JAWA BARAT,3273,KOTA BANDUNG,3273090,BUAHBATU,32.73.22,BUAHBATU,SD AZ-ZAKIYAH,20219579,SK SISWA,152,ORANG,2023
4178,32,JAWA BARAT,3273,KOTA BANDUNG,3273090,BUAHBATU,32.73.22,BUAHBATU,SD AZ-ZAKIYAH,20219579,AKTIVASI SISWA,144,ORANG,2023
4179,32,JAWA BARAT,3273,KOTA BANDUNG,3273090,BUAHBATU,32.73.22,BUAHBATU,SD BUDI ASIH,20219522,SK SISWA,33,ORANG,2023
4180,32,JAWA BARAT,3273,KOTA BANDUNG,3273090,BUAHBATU,32.73.22,BUAHBATU,SD BUDI ASIH,20219522,AKTIVASI SISWA,33,ORANG,2023
4181,32,JAWA BARAT,3273,KOTA BANDUNG,3273090,BUAHBATU,32.73.22,BUAHBATU,SD IT AL-HIDAYAH LOGAM,69986203,SK SISWA,4,ORANG,2023
4182,32,JAWA BARAT,3273,KOTA BANDUNG,3273090,BUAHBATU,32.73.22,BUAHBATU,SD IT AL-HIDAYAH LOGAM,69986203,AKTIVASI SISWA,1,ORANG,2023
4183,32,JAWA BARAT,3273,KOTA BANDUNG,3273090,BUAHBATU,32.73.22,BUAHBATU,SD TULUS KARTIKA,20219895,SK SISWA,187,ORANG,2023
4184,32,JAWA BARAT,3273,KOTA BANDUNG,3273090,BUAHBATU,32.73.22,BUAHBATU,SD TULUS KARTIKA,20219895,AKTIVASI SISWA,102,ORANG,2023
4185,32,JAWA BARAT,3273,KOTA BANDUNG,3273090,BUAHBATU,32.73.22,BUAHBATU,SDN 006 BUAHBATU KOTA BANDUNG,20245122,SK SISWA,175,ORANG,2023
4186,32,JAWA BARAT,3273,KOTA BANDUNG,3273090,BUAHBATU,32.73.22,BUAHBATU,SDN 006 BUAHBATU KOTA BANDUNG,20245122,AKTIVASI SISWA,170,ORANG,2023
4187,32,JAWA BARAT,3273,KOTA BANDUNG,3273090,BUAHBATU,32.73.22,BUAHBATU,SDN 095 BABAKANJATI KOTA BANDUNG,20246455,SK SISWA,138,ORANG,2023
4188,32,JAWA BARAT,3273,KOTA BANDUNG,3273090,BUAHBATU,32.73.22,BUAHBATU,SDN 095 BABAKANJATI KOTA BANDUNG,20246455,AKTIVASI SISWA,135,ORANG,2023
4189,32,JAWA BARAT,3273,KOTA BANDUNG,3273090,BUAHBATU,32.73.22,BUAHBATU,SDN 129 RANCASAWO MARGASARI KOTA BANDUNG,20246417,SK SISWA,193,ORANG,2023
4190,32,JAWA BARAT,3273,KOTA BANDUNG,3273090,BUAHBATU,32.73.22,BUAHBATU,SDN 129 RANCASAWO MARGASARI KOTA BANDUNG,20246417,AKTIVASI SISWA,187,ORANG,2023
4191,32,JAWA BARAT,3273,KOTA BANDUNG,3273090,BUAHBATU,32.73.22,BUAHBATU,SDN 131 CIJAWURA KOTA BANDUNG,20245171,SK SISWA,169,ORANG,2023
4192,32,JAWA BARAT,3273,KOTA BANDUNG,3273090,BUAHBATU,32.73.22,BUAHBATU,SDN 131 CIJAWURA KOTA BANDUNG,20245171,AKTIVASI SISWA,153,ORANG,2023
4193,32,JAWA BARAT,3273,KOTA BANDUNG,3273090,BUAHBATU,32.73.22,BUAHBATU,SDN 184 BUAHBATU KOTA BANDUNG,20246396,SK SISWA,242,ORANG,2023
4194,32,JAWA BARAT,3273,KOTA BANDUNG,3273090,BUAHBATU,32.73.22,BUAHBATU,SDN 184 BUAHBATU KOTA BANDUNG,20246396,AKTIVASI SISWA,236,ORANG,2023
4195,32,JAWA BARAT,3273,KOTA BANDUNG,3273090,BUAHBATU,32.73.22,BUAHBATU,SDN 230 MARGAHAYU RAYA KOTA BANDUNG,20245226,SK SISWA,99,ORANG,2023
4196,32,JAWA BARAT,3273,KOTA BANDUNG,3273090,BUAHBATU,32.73.22,BUAHBATU,SDN 230 MARGAHAYU RAYA KOTA BANDUNG,20245226,AKTIVASI SISWA,92,ORANG,2023
4197,32,JAWA BARAT,3273,KOTA BANDUNG,3273090,BUAHBATU,32.73.22,BUAHBATU,SDN 242 MARGASARI KOTA BANDUNG,20245228,SK SISWA,139,ORANG,2023
4198,32,JAWA BARAT,3273,KOTA BANDUNG,3273090,BUAHBATU,32.73.22,BUAHBATU,SDN 242 MARGASARI KOTA BANDUNG,20245228,AKTIVASI SISWA,124,ORANG,2023
4199,32,JAWA BARAT,3273,KOTA BANDUNG,3273090,BUAHBATU,32.73.22,BUAHBATU,SDN 246 MARGACINTA KOTA BANDUNG,20246410,SK SISWA,217,ORANG,2023
4200,32,JAWA BARAT,3273,KOTA BANDUNG,3273090,BUAHBATU,32.73.22,BUAHBATU,SDN 246 MARGACINTA KOTA BANDUNG,20246410,AKTIVASI SISWA,213,ORANG,2023
4201,32,JAWA BARAT,3273,KOTA BANDUNG,3273090,BUAHBATU,32.73.22,BUAHBATU,SDN 261 MARGAHAYU RAYA KOTA BANDUNG,20246408,SK SISWA,154,ORANG,2023
4202,32,JAWA BARAT,3273,KOTA BANDUNG,3273090,BUAHBATU,32.73.22,BUAHBATU,SDN 261 MARGAHAYU RAYA KOTA BANDUNG,20246408,AKTIVASI SISWA,152,ORANG,2023
4203,32,JAWA BARAT,3273,KOTA BANDUNG,3273090,BUAHBATU,32.73.22,BUAHBATU,SLB AZ-ZAKIYAH,20280597,SK SISWA,1,ORANG,2023
4204,32,JAWA BARAT,3273,KOTA BANDUNG,3273090,BUAHBATU,32.73.22,BUAHBATU,SLB AZ-ZAKIYAH,20280597,AKTIVASI SISWA,0,ORANG,2023
4205,32,JAWA BARAT,3273,KOTA BANDUNG,3273090,BUAHBATU,32.73.22,BUAHBATU,SLB BC HIKMAT,20219879,SK SISWA,3,ORANG,2023
4206,32,JAWA BARAT,3273,KOTA BANDUNG,3273090,BUAHBATU,32.73.22,BUAHBATU,SLB BC HIKMAT,20219879,AKTIVASI SISWA,3,ORANG,2023
4207,32,JAWA BARAT,3273,KOTA BANDUNG,3273010,BANDUNG KULON,32.73.15,BANDUNG KULON,SD ANDIR MUKTI,20219533,SK SISWA,95,ORANG,2023
4208,32,JAWA BARAT,3273,KOTA BANDUNG,3273010,BANDUNG KULON,32.73.15,BANDUNG KULON,SD ANDIR MUKTI,20219533,AKTIVASI SISWA,95,ORANG,2023
4209,32,JAWA BARAT,3273,KOTA BANDUNG,3273010,BANDUNG KULON,32.73.15,BANDUNG KULON,SD ATTAZHIMIYAH,20219538,SK SISWA,22,ORANG,2023
4210,32,JAWA BARAT,3273,KOTA BANDUNG,3273010,BANDUNG KULON,32.73.15,BANDUNG KULON,SD ATTAZHIMIYAH,20219538,AKTIVASI SISWA,15,ORANG,2023
4211,32,JAWA BARAT,3273,KOTA BANDUNG,3273010,BANDUNG KULON,32.73.15,BANDUNG KULON,SD BAITUL HIKMAH,69947447,SK SISWA,1,ORANG,2023
4212,32,JAWA BARAT,3273,KOTA BANDUNG,3273010,BANDUNG KULON,32.73.15,BANDUNG KULON,SD BAITUL HIKMAH,69947447,AKTIVASI SISWA,0,ORANG,2023
4213,32,JAWA BARAT,3273,KOTA BANDUNG,3273010,BANDUNG KULON,32.73.15,BANDUNG KULON,SD BANDUNG RAYA,20219537,SK SISWA,63,ORANG,2023
4214,32,JAWA BARAT,3273,KOTA BANDUNG,3273010,BANDUNG KULON,32.73.15,BANDUNG KULON,SD BANDUNG RAYA,20219537,AKTIVASI SISWA,58,ORANG,2023
4215,32,JAWA BARAT,3273,KOTA BANDUNG,3273010,BANDUNG KULON,32.73.15,BANDUNG KULON,SD CITRA CEMARA,20269306,SK SISWA,2,ORANG,2023
4216,32,JAWA BARAT,3273,KOTA BANDUNG,3273010,BANDUNG KULON,32.73.15,BANDUNG KULON,SD CITRA CEMARA,20269306,AKTIVASI SISWA,2,ORANG,2023
4217,32,JAWA BARAT,3273,KOTA BANDUNG,3273010,BANDUNG KULON,32.73.15,BANDUNG KULON,SD KASIH BANGSA,69894361,SK SISWA,1,ORANG,2023
4218,32,JAWA BARAT,3273,KOTA BANDUNG,3273010,BANDUNG KULON,32.73.15,BANDUNG KULON,SD KASIH BANGSA,69894361,AKTIVASI SISWA,0,ORANG,2023
4219,32,JAWA BARAT,3273,KOTA BANDUNG,3273010,BANDUNG KULON,32.73.15,BANDUNG KULON,SD KRISTEN PELITA,20219842,SK SISWA,1,ORANG,2023
4220,32,JAWA BARAT,3273,KOTA BANDUNG,3273010,BANDUNG KULON,32.73.15,BANDUNG KULON,SD KRISTEN PELITA,20219842,AKTIVASI SISWA,1,ORANG,2023
4221,32,JAWA BARAT,3273,KOTA BANDUNG,3273010,BANDUNG KULON,32.73.15,BANDUNG KULON,SD SURYANI DWI MARGA,20219889,SK SISWA,30,ORANG,2023
4222,32,JAWA BARAT,3273,KOTA BANDUNG,3273010,BANDUNG KULON,32.73.15,BANDUNG KULON,SD SURYANI DWI MARGA,20219889,AKTIVASI SISWA,28,ORANG,2023
4223,32,JAWA BARAT,3273,KOTA BANDUNG,3273010,BANDUNG KULON,32.73.15,BANDUNG KULON,SDN 011 CIBUNTU KOTA BANDUNG,20244743,SK SISWA,83,ORANG,2023
4224,32,JAWA BARAT,3273,KOTA BANDUNG,3273010,BANDUNG KULON,32.73.15,BANDUNG KULON,SDN 011 CIBUNTU KOTA BANDUNG,20244743,AKTIVASI SISWA,81,ORANG,2023
4225,32,JAWA BARAT,3273,KOTA BANDUNG,3273010,BANDUNG KULON,32.73.15,BANDUNG KULON,SDN 014 CIGONDEWAH KOTA BANDUNG,20244836,SK SISWA,60,ORANG,2023
4226,32,JAWA BARAT,3273,KOTA BANDUNG,3273010,BANDUNG KULON,32.73.15,BANDUNG KULON,SDN 014 CIGONDEWAH KOTA BANDUNG,20244836,AKTIVASI SISWA,59,ORANG,2023
4227,32,JAWA BARAT,3273,KOTA BANDUNG,3273010,BANDUNG KULON,32.73.15,BANDUNG KULON,SDN 041 CIBUNTU WARUNG MUNCANG KOTA BANDUNG,20244744,SK SISWA,157,ORANG,2023
4228,32,JAWA BARAT,3273,KOTA BANDUNG,3273010,BANDUNG KULON,32.73.15,BANDUNG KULON,SDN 041 CIBUNTU WARUNG MUNCANG KOTA BANDUNG,20244744,AKTIVASI SISWA,157,ORANG,2023
4229,32,JAWA BARAT,3273,KOTA BANDUNG,3273010,BANDUNG KULON,32.73.15,BANDUNG KULON,SDN 061 CIJERAH KOTA BANDUNG,20244841,SK SISWA,84,ORANG,2023
4230,32,JAWA BARAT,3273,KOTA BANDUNG,3273010,BANDUNG KULON,32.73.15,BANDUNG KULON,SDN 061 CIJERAH KOTA BANDUNG,20244841,AKTIVASI SISWA,84,ORANG,2023
4231,32,JAWA BARAT,3273,KOTA BANDUNG,3273010,BANDUNG KULON,32.73.15,BANDUNG KULON,SDN 080 BOJONG INDAH CIBUNTU KOTA BANDUNG,20244740,SK SISWA,148,ORANG,2023
4232,32,JAWA BARAT,3273,KOTA BANDUNG,3273010,BANDUNG KULON,32.73.15,BANDUNG KULON,SDN 080 BOJONG INDAH CIBUNTU KOTA BANDUNG,20244740,AKTIVASI SISWA,143,ORANG,2023
4233,32,JAWA BARAT,3273,KOTA BANDUNG,3273010,BANDUNG KULON,32.73.15,BANDUNG KULON,SDN 093 TUNAS HARAPAN CIJERAH KOTA BANDUNG,20244933,SK SISWA,109,ORANG,2023
4234,32,JAWA BARAT,3273,KOTA BANDUNG,3273010,BANDUNG KULON,32.73.15,BANDUNG KULON,SDN 093 TUNAS HARAPAN CIJERAH KOTA BANDUNG,20244933,AKTIVASI SISWA,109,ORANG,2023
4235,32,JAWA BARAT,3273,KOTA BANDUNG,3273010,BANDUNG KULON,32.73.15,BANDUNG KULON,SDN 121 CARINGIN HOLIS KOTA BANDUNG,20244742,SK SISWA,145,ORANG,2023
4236,32,JAWA BARAT,3273,KOTA BANDUNG,3273010,BANDUNG KULON,32.73.15,BANDUNG KULON,SDN 121 CARINGIN HOLIS KOTA BANDUNG,20244742,AKTIVASI SISWA,144,ORANG,2023
4237,32,JAWA BARAT,3273,KOTA BANDUNG,3273010,BANDUNG KULON,32.73.15,BANDUNG KULON,SDN 182 PERUMNAS CIJERAH KOTA BANDUNG,20244899,SK SISWA,126,ORANG,2023
4238,32,JAWA BARAT,3273,KOTA BANDUNG,3273010,BANDUNG KULON,32.73.15,BANDUNG KULON,SDN 182 PERUMNAS CIJERAH KOTA BANDUNG,20244899,AKTIVASI SISWA,126,ORANG,2023
4239,32,JAWA BARAT,3273,KOTA BANDUNG,3273010,BANDUNG KULON,32.73.15,BANDUNG KULON,SDN 183 SAYURAN KOTA BANDUNG,20244910,SK SISWA,45,ORANG,2023
4240,32,JAWA BARAT,3273,KOTA BANDUNG,3273010,BANDUNG KULON,32.73.15,BANDUNG KULON,SDN 183 SAYURAN KOTA BANDUNG,20244910,AKTIVASI SISWA,45,ORANG,2023
4241,32,JAWA BARAT,3273,KOTA BANDUNG,3273010,BANDUNG KULON,32.73.15,BANDUNG KULON,SDN 199 SAYURAN KOTA BANDUNG,20244909,SK SISWA,80,ORANG,2023
4242,32,JAWA BARAT,3273,KOTA BANDUNG,3273010,BANDUNG KULON,32.73.15,BANDUNG KULON,SDN 199 SAYURAN KOTA BANDUNG,20244909,AKTIVASI SISWA,80,ORANG,2023
4243,32,JAWA BARAT,3273,KOTA BANDUNG,3273010,BANDUNG KULON,32.73.15,BANDUNG KULON,SDN 214 PERUMNAS CIJERAH KOTA BANDUNG,20244900,SK SISWA,25,ORANG,2023
4244,32,JAWA BARAT,3273,KOTA BANDUNG,3273010,BANDUNG KULON,32.73.15,BANDUNG KULON,SDN 214 PERUMNAS CIJERAH KOTA BANDUNG,20244900,AKTIVASI SISWA,25,ORANG,2023
4245,32,JAWA BARAT,3273,KOTA BANDUNG,3273010,BANDUNG KULON,32.73.15,BANDUNG KULON,SDN 232 BLOK SAWAH KOTA BANDUNG,20244739,SK SISWA,135,ORANG,2023
4246,32,JAWA BARAT,3273,KOTA BANDUNG,3273010,BANDUNG KULON,32.73.15,BANDUNG KULON,SDN 232 BLOK SAWAH KOTA BANDUNG,20244739,AKTIVASI SISWA,135,ORANG,2023
4247,32,JAWA BARAT,3273,KOTA BANDUNG,3273010,BANDUNG KULON,32.73.15,BANDUNG KULON,SDN 238 CIGONDEWAH KOTA BANDUNG,20244839,SK SISWA,69,ORANG,2023
4248,32,JAWA BARAT,3273,KOTA BANDUNG,3273010,BANDUNG KULON,32.73.15,BANDUNG KULON,SDN 238 CIGONDEWAH KOTA BANDUNG,20244839,AKTIVASI SISWA,69,ORANG,2023
4249,32,JAWA BARAT,3273,KOTA BANDUNG,3273010,BANDUNG KULON,32.73.15,BANDUNG KULON,SDN 239 CIGONDEWAH KOTA BANDUNG,20244838,SK SISWA,2,ORANG,2023
4250,32,JAWA BARAT,3273,KOTA BANDUNG,3273010,BANDUNG KULON,32.73.15,BANDUNG KULON,SDN 239 CIGONDEWAH KOTA BANDUNG,20244838,AKTIVASI SISWA,2,ORANG,2023
4251,32,JAWA BARAT,3273,KOTA BANDUNG,3273010,BANDUNG KULON,32.73.15,BANDUNG KULON,SDN 240 CIJERAH INDAH KOTA BANDUNG,20244846,SK SISWA,66,ORANG,2023
4252,32,JAWA BARAT,3273,KOTA BANDUNG,3273010,BANDUNG KULON,32.73.15,BANDUNG KULON,SDN 240 CIJERAH INDAH KOTA BANDUNG,20244846,AKTIVASI SISWA,66,ORANG,2023
4253,32,JAWA BARAT,3273,KOTA BANDUNG,3273010,BANDUNG KULON,32.73.15,BANDUNG KULON,SDN 256 CIGONDEWAH HILIR KOTA BANDUNG,20244840,SK SISWA,184,ORANG,2023
4254,32,JAWA BARAT,3273,KOTA BANDUNG,3273010,BANDUNG KULON,32.73.15,BANDUNG KULON,SDN 256 CIGONDEWAH HILIR KOTA BANDUNG,20244840,AKTIVASI SISWA,180,ORANG,2023
4255,32,JAWA BARAT,3273,KOTA BANDUNG,3273010,BANDUNG KULON,32.73.15,BANDUNG KULON,SDN 273 GEMPOL SARI KOTA BANDUNG,20244863,SK SISWA,79,ORANG,2023
4256,32,JAWA BARAT,3273,KOTA BANDUNG,3273010,BANDUNG KULON,32.73.15,BANDUNG KULON,SDN 273 GEMPOL SARI KOTA BANDUNG,20244863,AKTIVASI SISWA,79,ORANG,2023
4257,32,JAWA BARAT,3273,KOTA BANDUNG,3273010,BANDUNG KULON,32.73.15,BANDUNG KULON,SLB B TUT WURI HANDAYANI,20280589,SK SISWA,1,ORANG,2023
4258,32,JAWA BARAT,3273,KOTA BANDUNG,3273010,BANDUNG KULON,32.73.15,BANDUNG KULON,SLB B TUT WURI HANDAYANI,20280589,AKTIVASI SISWA,0,ORANG,2023
4259,32,JAWA BARAT,3273,KOTA BANDUNG,3273010,BANDUNG KULON,32.73.15,BANDUNG KULON,SLB PELITA ADINDA B,69948890,SK SISWA,4,ORANG,2023
4260,32,JAWA BARAT,3273,KOTA BANDUNG,3273010,BANDUNG KULON,32.73.15,BANDUNG KULON,SLB PELITA ADINDA B,69948890,AKTIVASI SISWA,4,ORANG,2023
4261,32,JAWA BARAT,3273,KOTA BANDUNG,3273030,BOJONGLOA KALER,32.73.04,BOJONGLOA KALER,SD AL FATAH,20219525,SK SISWA,40,ORANG,2023
4262,32,JAWA BARAT,3273,KOTA BANDUNG,3273030,BOJONGLOA KALER,32.73.04,BOJONGLOA KALER,SD AL FATAH,20219525,AKTIVASI SISWA,38,ORANG,2023
4263,32,JAWA BARAT,3273,KOTA BANDUNG,3273030,BOJONGLOA KALER,32.73.04,BOJONGLOA KALER,SD AL HIDAYAH,20219523,SK SISWA,131,ORANG,2023
4264,32,JAWA BARAT,3273,KOTA BANDUNG,3273030,BOJONGLOA KALER,32.73.04,BOJONGLOA KALER,SD AL HIDAYAH,20219523,AKTIVASI SISWA,111,ORANG,2023
4265,32,JAWA BARAT,3273,KOTA BANDUNG,3273030,BOJONGLOA KALER,32.73.04,BOJONGLOA KALER,SD DWI AMANAT,20219607,SK SISWA,51,ORANG,2023
4266,32,JAWA BARAT,3273,KOTA BANDUNG,3273030,BOJONGLOA KALER,32.73.04,BOJONGLOA KALER,SD DWI AMANAT,20219607,AKTIVASI SISWA,48,ORANG,2023
4267,32,JAWA BARAT,3273,KOTA BANDUNG,3273030,BOJONGLOA KALER,32.73.04,BOJONGLOA KALER,SD GRACIA 2,20219612,SK SISWA,15,ORANG,2023
4268,32,JAWA BARAT,3273,KOTA BANDUNG,3273030,BOJONGLOA KALER,32.73.04,BOJONGLOA KALER,SD GRACIA 2,20219612,AKTIVASI SISWA,15,ORANG,2023
4269,32,JAWA BARAT,3273,KOTA BANDUNG,3273030,BOJONGLOA KALER,32.73.04,BOJONGLOA KALER,SD SWADAYA 1,20219886,SK SISWA,36,ORANG,2023
4270,32,JAWA BARAT,3273,KOTA BANDUNG,3273030,BOJONGLOA KALER,32.73.04,BOJONGLOA KALER,SD SWADAYA 1,20219886,AKTIVASI SISWA,35,ORANG,2023
4271,32,JAWA BARAT,3273,KOTA BANDUNG,3273030,BOJONGLOA KALER,32.73.04,BOJONGLOA KALER,SD TERANG NUSANTARA,69986026,SK SISWA,19,ORANG,2023
4272,32,JAWA BARAT,3273,KOTA BANDUNG,3273030,BOJONGLOA KALER,32.73.04,BOJONGLOA KALER,SD TERANG NUSANTARA,69986026,AKTIVASI SISWA,18,ORANG,2023
4273,32,JAWA BARAT,3273,KOTA BANDUNG,3273030,BOJONGLOA KALER,32.73.04,BOJONGLOA KALER,SDN 099 BABAKAN TAROGONG KOTA BANDUNG,20244943,SK SISWA,207,ORANG,2023
4274,32,JAWA BARAT,3273,KOTA BANDUNG,3273030,BOJONGLOA KALER,32.73.04,BOJONGLOA KALER,SDN 099 BABAKAN TAROGONG KOTA BANDUNG,20244943,AKTIVASI SISWA,207,ORANG,2023
4275,32,JAWA BARAT,3273,KOTA BANDUNG,3273030,BOJONGLOA KALER,32.73.04,BOJONGLOA KALER,SDN 118 TANJUNG KOTA BANDUNG,20244990,SK SISWA,241,ORANG,2023
4276,32,JAWA BARAT,3273,KOTA BANDUNG,3273030,BOJONGLOA KALER,32.73.04,BOJONGLOA KALER,SDN 118 TANJUNG KOTA BANDUNG,20244990,AKTIVASI SISWA,237,ORANG,2023
4277,32,JAWA BARAT,3273,KOTA BANDUNG,3273030,BOJONGLOA KALER,32.73.04,BOJONGLOA KALER,SDN 147 CITARIP BARAT KOTA BANDUNG,20244969,SK SISWA,263,ORANG,2023
4278,32,JAWA BARAT,3273,KOTA BANDUNG,3273030,BOJONGLOA KALER,32.73.04,BOJONGLOA KALER,SDN 147 CITARIP BARAT KOTA BANDUNG,20244969,AKTIVASI SISWA,262,ORANG,2023
4279,32,JAWA BARAT,3273,KOTA BANDUNG,3273030,BOJONGLOA KALER,32.73.04,BOJONGLOA KALER,SDN 251 JAMIKA KOTA BANDUNG,20244975,SK SISWA,155,ORANG,2023
4280,32,JAWA BARAT,3273,KOTA BANDUNG,3273030,BOJONGLOA KALER,32.73.04,BOJONGLOA KALER,SDN 251 JAMIKA KOTA BANDUNG,20244975,AKTIVASI SISWA,155,ORANG,2023
4281,32,JAWA BARAT,3273,KOTA BANDUNG,3273030,BOJONGLOA KALER,32.73.04,BOJONGLOA KALER,SDN 270 GENTRA MASEKDAS KOTA BANDUNG,20244974,SK SISWA,151,ORANG,2023
4282,32,JAWA BARAT,3273,KOTA BANDUNG,3273030,BOJONGLOA KALER,32.73.04,BOJONGLOA KALER,SDN 270 GENTRA MASEKDAS KOTA BANDUNG,20244974,AKTIVASI SISWA,151,ORANG,2023
4283,32,JAWA BARAT,3273,KOTA BANDUNG,3273030,BOJONGLOA KALER,32.73.04,BOJONGLOA KALER,SLB C BUDAYA BANGSA,20219871,SK SISWA,10,ORANG,2023
4284,32,JAWA BARAT,3273,KOTA BANDUNG,3273030,BOJONGLOA KALER,32.73.04,BOJONGLOA KALER,SLB C BUDAYA BANGSA,20219871,AKTIVASI SISWA,7,ORANG,2023
4285,32,JAWA BARAT,3273,KOTA BANDUNG,3273080,BANDUNG KIDUL,32.73.21,BANDUNG KIDUL,SD IT AL-FAJAR,20267927,SK SISWA,7,ORANG,2023
4286,32,JAWA BARAT,3273,KOTA BANDUNG,3273080,BANDUNG KIDUL,32.73.21,BANDUNG KIDUL,SD IT AL-FAJAR,20267927,AKTIVASI SISWA,7,ORANG,2023
4287,32,JAWA BARAT,3273,KOTA BANDUNG,3273080,BANDUNG KIDUL,32.73.21,BANDUNG KIDUL,SDN 040 PASAWAHAN KOTA BANDUNG,20245073,SK SISWA,81,ORANG,2023
4288,32,JAWA BARAT,3273,KOTA BANDUNG,3273080,BANDUNG KIDUL,32.73.21,BANDUNG KIDUL,SDN 040 PASAWAHAN KOTA BANDUNG,20245073,AKTIVASI SISWA,80,ORANG,2023
4289,32,JAWA BARAT,3273,KOTA BANDUNG,3273080,BANDUNG KIDUL,32.73.21,BANDUNG KIDUL,SDN 094 PARAKANWAAS KOTA BANDUNG,20245072,SK SISWA,66,ORANG,2023
4290,32,JAWA BARAT,3273,KOTA BANDUNG,3273080,BANDUNG KIDUL,32.73.21,BANDUNG KIDUL,SDN 094 PARAKANWAAS KOTA BANDUNG,20245072,AKTIVASI SISWA,62,ORANG,2023
4291,32,JAWA BARAT,3273,KOTA BANDUNG,3273080,BANDUNG KIDUL,32.73.21,BANDUNG KIDUL,SDN 117 BATUNUNGGAL KOTA BANDUNG,20245021,SK SISWA,63,ORANG,2023
4292,32,JAWA BARAT,3273,KOTA BANDUNG,3273080,BANDUNG KIDUL,32.73.21,BANDUNG KIDUL,SDN 117 BATUNUNGGAL KOTA BANDUNG,20245021,AKTIVASI SISWA,63,ORANG,2023
4293,32,JAWA BARAT,3273,KOTA BANDUNG,3273080,BANDUNG KIDUL,32.73.21,BANDUNG KIDUL,SDN 130 SEKELIMUS BATUNUNGGAL KOTA BANDUNG,20245084,SK SISWA,75,ORANG,2023
4294,32,JAWA BARAT,3273,KOTA BANDUNG,3273080,BANDUNG KIDUL,32.73.21,BANDUNG KIDUL,SDN 130 SEKELIMUS BATUNUNGGAL KOTA BANDUNG,20245084,AKTIVASI SISWA,72,ORANG,2023
4295,32,JAWA BARAT,3273,KOTA BANDUNG,3273080,BANDUNG KIDUL,32.73.21,BANDUNG KIDUL,SDN 250 JAKAPURWA KOTA BANDUNG,20245034,SK SISWA,179,ORANG,2023
4296,32,JAWA BARAT,3273,KOTA BANDUNG,3273080,BANDUNG KIDUL,32.73.21,BANDUNG KIDUL,SDN 250 JAKAPURWA KOTA BANDUNG,20245034,AKTIVASI SISWA,172,ORANG,2023
4297,32,JAWA BARAT,3273,KOTA BANDUNG,3273080,BANDUNG KIDUL,32.73.21,BANDUNG KIDUL,SDN 266 MENGGER KOTA BANDUNG,20245049,SK SISWA,73,ORANG,2023
4298,32,JAWA BARAT,3273,KOTA BANDUNG,3273080,BANDUNG KIDUL,32.73.21,BANDUNG KIDUL,SDN 266 MENGGER KOTA BANDUNG,20245049,AKTIVASI SISWA,72,ORANG,2023
4299,32,JAWA BARAT,3273,KOTA BANDUNG,3273080,BANDUNG KIDUL,32.73.21,BANDUNG KIDUL,SLB AUTIS PRANANDA,20280598,SK SISWA,2,ORANG,2023
4300,32,JAWA BARAT,3273,KOTA BANDUNG,3273080,BANDUNG KIDUL,32.73.21,BANDUNG KIDUL,SLB AUTIS PRANANDA,20280598,AKTIVASI SISWA,1,ORANG,2023
4301,32,JAWA BARAT,3273,KOTA BANDUNG,3273170,SUMUR BANDUNG,32.73.19,SUMUR BANDUNG,SD 3 KRISTEN PAULUS,20219588,SK SISWA,6,ORANG,2023
4302,32,JAWA BARAT,3273,KOTA BANDUNG,3273170,SUMUR BANDUNG,32.73.19,SUMUR BANDUNG,SD 3 KRISTEN PAULUS,20219588,AKTIVASI SISWA,5,ORANG,2023
4303,32,JAWA BARAT,3273,KOTA BANDUNG,3273170,SUMUR BANDUNG,32.73.19,SUMUR BANDUNG,SD ADVENT NARIPAN,20219530,SK SISWA,2,ORANG,2023
4304,32,JAWA BARAT,3273,KOTA BANDUNG,3273170,SUMUR BANDUNG,32.73.19,SUMUR BANDUNG,SD ADVENT NARIPAN,20219530,AKTIVASI SISWA,0,ORANG,2023
4305,32,JAWA BARAT,3273,KOTA BANDUNG,3273170,SUMUR BANDUNG,32.73.19,SUMUR BANDUNG,SD PARDOMUAN,20219818,SK SISWA,1,ORANG,2023
4306,32,JAWA BARAT,3273,KOTA BANDUNG,3273170,SUMUR BANDUNG,32.73.19,SUMUR BANDUNG,SD PARDOMUAN,20219818,AKTIVASI SISWA,1,ORANG,2023
4307,32,JAWA BARAT,3273,KOTA BANDUNG,3273170,SUMUR BANDUNG,32.73.19,SUMUR BANDUNG,SD SANTA ANGELA,20219825,SK SISWA,1,ORANG,2023
4308,32,JAWA BARAT,3273,KOTA BANDUNG,3273170,SUMUR BANDUNG,32.73.19,SUMUR BANDUNG,SD SANTA ANGELA,20219825,AKTIVASI SISWA,1,ORANG,2023
4309,32,JAWA BARAT,3273,KOTA BANDUNG,3273170,SUMUR BANDUNG,32.73.19,SUMUR BANDUNG,SD SEQUOIA NASIONAL PLUS,69980318,SK SISWA,1,ORANG,2023
4310,32,JAWA BARAT,3273,KOTA BANDUNG,3273170,SUMUR BANDUNG,32.73.19,SUMUR BANDUNG,SD SEQUOIA NASIONAL PLUS,69980318,AKTIVASI SISWA,0,ORANG,2023
4311,32,JAWA BARAT,3273,KOTA BANDUNG,3273170,SUMUR BANDUNG,32.73.19,SUMUR BANDUNG,SDN 001 MERDEKA KOTA BANDUNG,20245231,SK SISWA,112,ORANG,2023
4312,32,JAWA BARAT,3273,KOTA BANDUNG,3273170,SUMUR BANDUNG,32.73.19,SUMUR BANDUNG,SDN 001 MERDEKA KOTA BANDUNG,20245231,AKTIVASI SISWA,108,ORANG,2023
4313,32,JAWA BARAT,3273,KOTA BANDUNG,3273170,SUMUR BANDUNG,32.73.19,SUMUR BANDUNG,SDN 034 PATRAKOMALA KOTA BANDUNG,20245745,SK SISWA,53,ORANG,2023
4314,32,JAWA BARAT,3273,KOTA BANDUNG,3273170,SUMUR BANDUNG,32.73.19,SUMUR BANDUNG,SDN 034 PATRAKOMALA KOTA BANDUNG,20245745,AKTIVASI SISWA,52,ORANG,2023
4315,32,JAWA BARAT,3273,KOTA BANDUNG,3273170,SUMUR BANDUNG,32.73.19,SUMUR BANDUNG,SDN 035 SOKA KOTA BANDUNG,20245781,SK SISWA,77,ORANG,2023
4316,32,JAWA BARAT,3273,KOTA BANDUNG,3273170,SUMUR BANDUNG,32.73.19,SUMUR BANDUNG,SDN 035 SOKA KOTA BANDUNG,20245781,AKTIVASI SISWA,74,ORANG,2023
4317,32,JAWA BARAT,3273,KOTA BANDUNG,3273170,SUMUR BANDUNG,32.73.19,SUMUR BANDUNG,SDN 088 EMBONG KOTA BANDUNG,20245568,SK SISWA,55,ORANG,2023
4318,32,JAWA BARAT,3273,KOTA BANDUNG,3273170,SUMUR BANDUNG,32.73.19,SUMUR BANDUNG,SDN 088 EMBONG KOTA BANDUNG,20245568,AKTIVASI SISWA,52,ORANG,2023
4319,32,JAWA BARAT,3273,KOTA BANDUNG,3273170,SUMUR BANDUNG,32.73.19,SUMUR BANDUNG,SDN 113 BANJARSARI KOTA BANDUNG,20245475,SK SISWA,44,ORANG,2023
4320,32,JAWA BARAT,3273,KOTA BANDUNG,3273170,SUMUR BANDUNG,32.73.19,SUMUR BANDUNG,SDN 113 BANJARSARI KOTA BANDUNG,20245475,AKTIVASI SISWA,39,ORANG,2023
4321,32,JAWA BARAT,3273,KOTA BANDUNG,3273170,SUMUR BANDUNG,32.73.19,SUMUR BANDUNG,SLB NEGERI CICENDO,26017001,SK SISWA,8,ORANG,2023
4322,32,JAWA BARAT,3273,KOTA BANDUNG,3273170,SUMUR BANDUNG,32.73.19,SUMUR BANDUNG,SLB NEGERI CICENDO,26017001,AKTIVASI SISWA,1,ORANG,2023
4323,32,JAWA BARAT,3273,KOTA BANDUNG,3273050,ASTANAANYAR,32.73.10,ASTANA ANYAR,SD GANESHA,20219615,SK SISWA,44,ORANG,2023
4324,32,JAWA BARAT,3273,KOTA BANDUNG,3273050,ASTANAANYAR,32.73.10,ASTANA ANYAR,SD GANESHA,20219615,AKTIVASI SISWA,39,ORANG,2023
4325,32,JAWA BARAT,3273,KOTA BANDUNG,3273050,ASTANAANYAR,32.73.10,ASTANA ANYAR,SD KEMAH INDONESIA,20219572,SK SISWA,27,ORANG,2023
4326,32,JAWA BARAT,3273,KOTA BANDUNG,3273050,ASTANAANYAR,32.73.10,ASTANA ANYAR,SD KEMAH INDONESIA,20219572,AKTIVASI SISWA,27,ORANG,2023
4327,32,JAWA BARAT,3273,KOTA BANDUNG,3273050,ASTANAANYAR,32.73.10,ASTANA ANYAR,SD KRISTEN GAMALIEL,20219844,SK SISWA,2,ORANG,2023
4328,32,JAWA BARAT,3273,KOTA BANDUNG,3273050,ASTANAANYAR,32.73.10,ASTANA ANYAR,SD KRISTEN GAMALIEL,20219844,AKTIVASI SISWA,0,ORANG,2023
4329,32,JAWA BARAT,3273,KOTA BANDUNG,3273050,ASTANAANYAR,32.73.10,ASTANA ANYAR,SD PELITA BANGSA,20253917,SK SISWA,3,ORANG,2023
4330,32,JAWA BARAT,3273,KOTA BANDUNG,3273050,ASTANAANYAR,32.73.10,ASTANA ANYAR,SD PELITA BANGSA,20253917,AKTIVASI SISWA,0,ORANG,2023
4331,32,JAWA BARAT,3273,KOTA BANDUNG,3273050,ASTANAANYAR,32.73.10,ASTANA ANYAR,SD YAMI,20219905,SK SISWA,101,ORANG,2023
4332,32,JAWA BARAT,3273,KOTA BANDUNG,3273050,ASTANAANYAR,32.73.10,ASTANA ANYAR,SD YAMI,20219905,AKTIVASI SISWA,96,ORANG,2023
4333,32,JAWA BARAT,3273,KOTA BANDUNG,3273050,ASTANAANYAR,32.73.10,ASTANA ANYAR,SDN 003 PAGARSIH KOTA BANDUNG,20245064,SK SISWA,102,ORANG,2023
4334,32,JAWA BARAT,3273,KOTA BANDUNG,3273050,ASTANAANYAR,32.73.10,ASTANA ANYAR,SDN 003 PAGARSIH KOTA BANDUNG,20245064,AKTIVASI SISWA,102,ORANG,2023
4335,32,JAWA BARAT,3273,KOTA BANDUNG,3273050,ASTANAANYAR,32.73.10,ASTANA ANYAR,SDN 019 PABAKI KOTA BANDUNG,20245054,SK SISWA,367,ORANG,2023
4336,32,JAWA BARAT,3273,KOTA BANDUNG,3273050,ASTANAANYAR,32.73.10,ASTANA ANYAR,SDN 019 PABAKI KOTA BANDUNG,20245054,AKTIVASI SISWA,359,ORANG,2023
4337,32,JAWA BARAT,3273,KOTA BANDUNG,3273050,ASTANAANYAR,32.73.10,ASTANA ANYAR,SDN 023 PAJAGALAN KOTA BANDUNG,20244745,SK SISWA,67,ORANG,2023
4338,32,JAWA BARAT,3273,KOTA BANDUNG,3273050,ASTANAANYAR,32.73.10,ASTANA ANYAR,SDN 023 PAJAGALAN KOTA BANDUNG,20244745,AKTIVASI SISWA,64,ORANG,2023
4339,32,JAWA BARAT,3273,KOTA BANDUNG,3273050,ASTANAANYAR,32.73.10,ASTANA ANYAR,SDN 039 TEGALEGA KOTA BANDUNG,20245095,SK SISWA,358,ORANG,2023
4340,32,JAWA BARAT,3273,KOTA BANDUNG,3273050,ASTANAANYAR,32.73.10,ASTANA ANYAR,SDN 039 TEGALEGA KOTA BANDUNG,20245095,AKTIVASI SISWA,347,ORANG,2023
4341,32,JAWA BARAT,3273,KOTA BANDUNG,3273050,ASTANAANYAR,32.73.10,ASTANA ANYAR,SDN 073 PAJAGALAN KOTA BANDUNG,20247280,SK SISWA,65,ORANG,2023
4342,32,JAWA BARAT,3273,KOTA BANDUNG,3273050,ASTANAANYAR,32.73.10,ASTANA ANYAR,SDN 073 PAJAGALAN KOTA BANDUNG,20247280,AKTIVASI SISWA,59,ORANG,2023
4343,32,JAWA BARAT,3273,KOTA BANDUNG,3273050,ASTANAANYAR,32.73.10,ASTANA ANYAR,SDN 079 KOPO PAJAGALAN KOTA BANDUNG,20245039,SK SISWA,260,ORANG,2023
4344,32,JAWA BARAT,3273,KOTA BANDUNG,3273050,ASTANAANYAR,32.73.10,ASTANA ANYAR,SDN 079 KOPO PAJAGALAN KOTA BANDUNG,20245039,AKTIVASI SISWA,258,ORANG,2023
4345,32,JAWA BARAT,3273,KOTA BANDUNG,3273050,ASTANAANYAR,32.73.10,ASTANA ANYAR,SDN 092 CIBADAK ANDIR KOTA BANDUNG,20244961,SK SISWA,198,ORANG,2023
4346,32,JAWA BARAT,3273,KOTA BANDUNG,3273050,ASTANAANYAR,32.73.10,ASTANA ANYAR,SDN 092 CIBADAK ANDIR KOTA BANDUNG,20244961,AKTIVASI SISWA,190,ORANG,2023
4347,32,JAWA BARAT,3273,KOTA BANDUNG,3273050,ASTANAANYAR,32.73.10,ASTANA ANYAR,SDN 142 DWIKORA KOTA BANDUNG,20245029,SK SISWA,173,ORANG,2023
4348,32,JAWA BARAT,3273,KOTA BANDUNG,3273050,ASTANAANYAR,32.73.10,ASTANA ANYAR,SDN 142 DWIKORA KOTA BANDUNG,20245029,AKTIVASI SISWA,173,ORANG,2023
4349,32,JAWA BARAT,3273,KOTA BANDUNG,3273050,ASTANAANYAR,32.73.10,ASTANA ANYAR,SDN 143 KOPO KOTA BANDUNG,20245043,SK SISWA,49,ORANG,2023
4350,32,JAWA BARAT,3273,KOTA BANDUNG,3273050,ASTANAANYAR,32.73.10,ASTANA ANYAR,SDN 143 KOPO KOTA BANDUNG,20245043,AKTIVASI SISWA,42,ORANG,2023
4351,32,JAWA BARAT,3273,KOTA BANDUNG,3273050,ASTANAANYAR,32.73.10,ASTANA ANYAR,SDN 249 ASTANAANYAR KOTA BANDUNG,20244993,SK SISWA,104,ORANG,2023
4352,32,JAWA BARAT,3273,KOTA BANDUNG,3273050,ASTANAANYAR,32.73.10,ASTANA ANYAR,SDN 249 ASTANAANYAR KOTA BANDUNG,20244993,AKTIVASI SISWA,101,ORANG,2023
4353,32,JAWA BARAT,3273,KOTA BANDUNG,3273050,ASTANAANYAR,32.73.10,ASTANA ANYAR,SDN 265 BANDUNGKULON KOTA BANDUNG,20244949,SK SISWA,71,ORANG,2023
4354,32,JAWA BARAT,3273,KOTA BANDUNG,3273050,ASTANAANYAR,32.73.10,ASTANA ANYAR,SDN 265 BANDUNGKULON KOTA BANDUNG,20244949,AKTIVASI SISWA,71,ORANG,2023
4355,32,JAWA BARAT,3273,KOTA BANDUNG,3273050,ASTANAANYAR,32.73.10,ASTANA ANYAR,SLB BC BANDUNG RAYA,20219873,SK SISWA,3,ORANG,2023
4356,32,JAWA BARAT,3273,KOTA BANDUNG,3273050,ASTANAANYAR,32.73.10,ASTANA ANYAR,SLB BC BANDUNG RAYA,20219873,AKTIVASI SISWA,2,ORANG,2023
4357,32,JAWA BARAT,3273,KOTA BANDUNG,3273020,BABAKAN CIPARAY,32.73.03,BABAKAN CIPARAY,SD AL BAROKAH,20219528,SK SISWA,53,ORANG,2023
4358,32,JAWA BARAT,3273,KOTA BANDUNG,3273020,BABAKAN CIPARAY,32.73.03,BABAKAN CIPARAY,SD AL BAROKAH,20219528,AKTIVASI SISWA,52,ORANG,2023
4359,32,JAWA BARAT,3273,KOTA BANDUNG,3273020,BABAKAN CIPARAY,32.73.03,BABAKAN CIPARAY,SD CAHAYA PELITA,20219603,SK SISWA,277,ORANG,2023
4360,32,JAWA BARAT,3273,KOTA BANDUNG,3273020,BABAKAN CIPARAY,32.73.03,BABAKAN CIPARAY,SD CAHAYA PELITA,20219603,AKTIVASI SISWA,253,ORANG,2023
4361,32,JAWA BARAT,3273,KOTA BANDUNG,3273020,BABAKAN CIPARAY,32.73.03,BABAKAN CIPARAY,SD PANGKALAN,20219819,SK SISWA,23,ORANG,2023
4362,32,JAWA BARAT,3273,KOTA BANDUNG,3273020,BABAKAN CIPARAY,32.73.03,BABAKAN CIPARAY,SD PANGKALAN,20219819,AKTIVASI SISWA,21,ORANG,2023
4363,32,JAWA BARAT,3273,KOTA BANDUNG,3273020,BABAKAN CIPARAY,32.73.03,BABAKAN CIPARAY,SD PASUNDAN 2,20219816,SK SISWA,105,ORANG,2023
4364,32,JAWA BARAT,3273,KOTA BANDUNG,3273020,BABAKAN CIPARAY,32.73.03,BABAKAN CIPARAY,SD PASUNDAN 2,20219816,AKTIVASI SISWA,69,ORANG,2023
4365,32,JAWA BARAT,3273,KOTA BANDUNG,3273020,BABAKAN CIPARAY,32.73.03,BABAKAN CIPARAY,SD PASUNDAN 3,20219815,SK SISWA,111,ORANG,2023
4366,32,JAWA BARAT,3273,KOTA BANDUNG,3273020,BABAKAN CIPARAY,32.73.03,BABAKAN CIPARAY,SD PASUNDAN 3,20219815,AKTIVASI SISWA,104,ORANG,2023
4367,32,JAWA BARAT,3273,KOTA BANDUNG,3273020,BABAKAN CIPARAY,32.73.03,BABAKAN CIPARAY,SD SALUYU,20219826,SK SISWA,123,ORANG,2023
4368,32,JAWA BARAT,3273,KOTA BANDUNG,3273020,BABAKAN CIPARAY,32.73.03,BABAKAN CIPARAY,SD SALUYU,20219826,AKTIVASI SISWA,111,ORANG,2023
4369,32,JAWA BARAT,3273,KOTA BANDUNG,3273020,BABAKAN CIPARAY,32.73.03,BABAKAN CIPARAY,SDN 005 BABAKAN CIPARAY KOTA BANDUNG,20245011,SK SISWA,106,ORANG,2023
4370,32,JAWA BARAT,3273,KOTA BANDUNG,3273020,BABAKAN CIPARAY,32.73.03,BABAKAN CIPARAY,SDN 005 BABAKAN CIPARAY KOTA BANDUNG,20245011,AKTIVASI SISWA,105,ORANG,2023
4371,32,JAWA BARAT,3273,KOTA BANDUNG,3273020,BABAKAN CIPARAY,32.73.03,BABAKAN CIPARAY,SDN 012 BABAKAN CIPARAY KOTA BANDUNG,20245013,SK SISWA,56,ORANG,2023
4372,32,JAWA BARAT,3273,KOTA BANDUNG,3273020,BABAKAN CIPARAY,32.73.03,BABAKAN CIPARAY,SDN 012 BABAKAN CIPARAY KOTA BANDUNG,20245013,AKTIVASI SISWA,56,ORANG,2023
4373,32,JAWA BARAT,3273,KOTA BANDUNG,3273020,BABAKAN CIPARAY,32.73.03,BABAKAN CIPARAY,SDN 058 BABAKAN CIPARAY KOTA BANDUNG,20245014,SK SISWA,91,ORANG,2023
4374,32,JAWA BARAT,3273,KOTA BANDUNG,3273020,BABAKAN CIPARAY,32.73.03,BABAKAN CIPARAY,SDN 058 BABAKAN CIPARAY KOTA BANDUNG,20245014,AKTIVASI SISWA,88,ORANG,2023
4375,32,JAWA BARAT,3273,KOTA BANDUNG,3273020,BABAKAN CIPARAY,32.73.03,BABAKAN CIPARAY,SDN 059 CIRANGRANG KOTA BANDUNG,20245025,SK SISWA,175,ORANG,2023
4376,32,JAWA BARAT,3273,KOTA BANDUNG,3273020,BABAKAN CIPARAY,32.73.03,BABAKAN CIPARAY,SDN 059 CIRANGRANG KOTA BANDUNG,20245025,AKTIVASI SISWA,171,ORANG,2023
4377,32,JAWA BARAT,3273,KOTA BANDUNG,3273020,BABAKAN CIPARAY,32.73.03,BABAKAN CIPARAY,SDN 060 RAYA BARAT KOTA BANDUNG,20245078,SK SISWA,214,ORANG,2023
4378,32,JAWA BARAT,3273,KOTA BANDUNG,3273020,BABAKAN CIPARAY,32.73.03,BABAKAN CIPARAY,SDN 060 RAYA BARAT KOTA BANDUNG,20245078,AKTIVASI SISWA,195,ORANG,2023
4379,32,JAWA BARAT,3273,KOTA BANDUNG,3273020,BABAKAN CIPARAY,32.73.03,BABAKAN CIPARAY,SDN 089 BABAKAN CIPARAY KOTA BANDUNG,20244998,SK SISWA,142,ORANG,2023
4380,32,JAWA BARAT,3273,KOTA BANDUNG,3273020,BABAKAN CIPARAY,32.73.03,BABAKAN CIPARAY,SDN 089 BABAKAN CIPARAY KOTA BANDUNG,20244998,AKTIVASI SISWA,142,ORANG,2023
4381,32,JAWA BARAT,3273,KOTA BANDUNG,3273020,BABAKAN CIPARAY,32.73.03,BABAKAN CIPARAY,SDN 126 BABAKAN KOTA BANDUNG,20244995,SK SISWA,152,ORANG,2023
4382,32,JAWA BARAT,3273,KOTA BANDUNG,3273020,BABAKAN CIPARAY,32.73.03,BABAKAN CIPARAY,SDN 126 BABAKAN KOTA BANDUNG,20244995,AKTIVASI SISWA,147,ORANG,2023
4383,32,JAWA BARAT,3273,KOTA BANDUNG,3273020,BABAKAN CIPARAY,32.73.03,BABAKAN CIPARAY,SDN 144 SITUGUNTING KOTA BANDUNG,20245089,SK SISWA,205,ORANG,2023
4384,32,JAWA BARAT,3273,KOTA BANDUNG,3273020,BABAKAN CIPARAY,32.73.03,BABAKAN CIPARAY,SDN 144 SITUGUNTING KOTA BANDUNG,20245089,AKTIVASI SISWA,203,ORANG,2023
4385,32,JAWA BARAT,3273,KOTA BANDUNG,3273020,BABAKAN CIPARAY,32.73.03,BABAKAN CIPARAY,SDN 213 BABAKAN CIPARAY KOTA BANDUNG,20245008,SK SISWA,84,ORANG,2023
4386,32,JAWA BARAT,3273,KOTA BANDUNG,3273020,BABAKAN CIPARAY,32.73.03,BABAKAN CIPARAY,SDN 213 BABAKAN CIPARAY KOTA BANDUNG,20245008,AKTIVASI SISWA,80,ORANG,2023
4387,32,JAWA BARAT,3273,KOTA BANDUNG,3273020,BABAKAN CIPARAY,32.73.03,BABAKAN CIPARAY,SDN 227 MARGAHAYU UTARA KOTA BANDUNG,20245046,SK SISWA,88,ORANG,2023
4388,32,JAWA BARAT,3273,KOTA BANDUNG,3273020,BABAKAN CIPARAY,32.73.03,BABAKAN CIPARAY,SDN 227 MARGAHAYU UTARA KOTA BANDUNG,20245046,AKTIVASI SISWA,78,ORANG,2023
4389,32,JAWA BARAT,3273,KOTA BANDUNG,3273020,BABAKAN CIPARAY,32.73.03,BABAKAN CIPARAY,SDN 236 BABAKAN CIPARAY KOTA BANDUNG,20245001,SK SISWA,55,ORANG,2023
4390,32,JAWA BARAT,3273,KOTA BANDUNG,3273020,BABAKAN CIPARAY,32.73.03,BABAKAN CIPARAY,SDN 236 BABAKAN CIPARAY KOTA BANDUNG,20245001,AKTIVASI SISWA,55,ORANG,2023
4391,32,JAWA BARAT,3273,KOTA BANDUNG,3273020,BABAKAN CIPARAY,32.73.03,BABAKAN CIPARAY,SDN 237 KOPO ELOK KOTA BANDUNG,20245044,SK SISWA,108,ORANG,2023
4392,32,JAWA BARAT,3273,KOTA BANDUNG,3273020,BABAKAN CIPARAY,32.73.03,BABAKAN CIPARAY,SDN 237 KOPO ELOK KOTA BANDUNG,20245044,AKTIVASI SISWA,88,ORANG,2023
4393,32,JAWA BARAT,3273,KOTA BANDUNG,3273020,BABAKAN CIPARAY,32.73.03,BABAKAN CIPARAY,SDN 245 SUMBERSARI INDAH KOTA BANDUNG,20245090,SK SISWA,51,ORANG,2023
4394,32,JAWA BARAT,3273,KOTA BANDUNG,3273020,BABAKAN CIPARAY,32.73.03,BABAKAN CIPARAY,SDN 245 SUMBERSARI INDAH KOTA BANDUNG,20245090,AKTIVASI SISWA,50,ORANG,2023
4395,32,JAWA BARAT,3273,KOTA BANDUNG,3273020,BABAKAN CIPARAY,32.73.03,BABAKAN CIPARAY,SLB ABCD CARINGIN,20219867,SK SISWA,13,ORANG,2023
4396,32,JAWA BARAT,3273,KOTA BANDUNG,3273020,BABAKAN CIPARAY,32.73.03,BABAKAN CIPARAY,SLB ABCD CARINGIN,20219867,AKTIVASI SISWA,11,ORANG,2023
4397,32,JAWA BARAT,3273,KOTA BANDUNG,3273020,BABAKAN CIPARAY,32.73.03,BABAKAN CIPARAY,SLB KASIH IBU,20280595,SK SISWA,11,ORANG,2023
4398,32,JAWA BARAT,3273,KOTA BANDUNG,3273020,BABAKAN CIPARAY,32.73.03,BABAKAN CIPARAY,SLB KASIH IBU,20280595,AKTIVASI SISWA,11,ORANG,2023
4399,32,JAWA BARAT,3273,KOTA BANDUNG,3273020,BABAKAN CIPARAY,32.73.03,BABAKAN CIPARAY,SLBS GEMILANG,20219880,SK SISWA,2,ORANG,2023
4400,32,JAWA BARAT,3273,KOTA BANDUNG,3273020,BABAKAN CIPARAY,32.73.03,BABAKAN CIPARAY,SLBS GEMILANG,20219880,AKTIVASI SISWA,0,ORANG,2023
4401,32,JAWA BARAT,3273,KOTA BANDUNG,3273120,UJUNG BERUNG,32.73.26,UJUNGBERUNG,PKBM PATRAKOMALA,P2961059,SK SISWA,2,ORANG,2023
4402,32,JAWA BARAT,3273,KOTA BANDUNG,3273120,UJUNG BERUNG,32.73.26,UJUNGBERUNG,PKBM PATRAKOMALA,P2961059,AKTIVASI SISWA,0,ORANG,2023
4403,32,JAWA BARAT,3273,KOTA BANDUNG,3273120,UJUNG BERUNG,32.73.26,UJUNGBERUNG,SD AL-HUNAFA,70031983,SK SISWA,18,ORANG,2023
4404,32,JAWA BARAT,3273,KOTA BANDUNG,3273120,UJUNG BERUNG,32.73.26,UJUNGBERUNG,SD AL-HUNAFA,70031983,AKTIVASI SISWA,17,ORANG,2023
4405,32,JAWA BARAT,3273,KOTA BANDUNG,3273120,UJUNG BERUNG,32.73.26,UJUNGBERUNG,SD PLUS BAITURRAHMAN,20247254,SK SISWA,24,ORANG,2023
4406,32,JAWA BARAT,3273,KOTA BANDUNG,3273120,UJUNG BERUNG,32.73.26,UJUNGBERUNG,SD PLUS BAITURRAHMAN,20247254,AKTIVASI SISWA,19,ORANG,2023
4407,32,JAWA BARAT,3273,KOTA BANDUNG,3273120,UJUNG BERUNG,32.73.26,UJUNGBERUNG,SD UNGGULAN AL-IZZAH BANDUNG,70038570,SK SISWA,4,ORANG,2023
4408,32,JAWA BARAT,3273,KOTA BANDUNG,3273120,UJUNG BERUNG,32.73.26,UJUNGBERUNG,SD UNGGULAN AL-IZZAH BANDUNG,70038570,AKTIVASI SISWA,3,ORANG,2023
4409,32,JAWA BARAT,3273,KOTA BANDUNG,3273120,UJUNG BERUNG,32.73.26,UJUNGBERUNG,SDN 021 CIPOREAT KOTA BANDUNG,20245527,SK SISWA,175,ORANG,2023
4410,32,JAWA BARAT,3273,KOTA BANDUNG,3273120,UJUNG BERUNG,32.73.26,UJUNGBERUNG,SDN 021 CIPOREAT KOTA BANDUNG,20245527,AKTIVASI SISWA,168,ORANG,2023
4411,32,JAWA BARAT,3273,KOTA BANDUNG,3273120,UJUNG BERUNG,32.73.26,UJUNGBERUNG,SDN 036 UJUNGBERUNG KOTA BANDUNG,20245826,SK SISWA,282,ORANG,2023
4412,32,JAWA BARAT,3273,KOTA BANDUNG,3273120,UJUNG BERUNG,32.73.26,UJUNGBERUNG,SDN 036 UJUNGBERUNG KOTA BANDUNG,20245826,AKTIVASI SISWA,278,ORANG,2023
4413,32,JAWA BARAT,3273,KOTA BANDUNG,3273120,UJUNG BERUNG,32.73.26,UJUNGBERUNG,SDN 106 AJITUNGGAL CIJAMBE KOTA BANDUNG,20246393,SK SISWA,41,ORANG,2023
4414,32,JAWA BARAT,3273,KOTA BANDUNG,3273120,UJUNG BERUNG,32.73.26,UJUNGBERUNG,SDN 106 AJITUNGGAL CIJAMBE KOTA BANDUNG,20246393,AKTIVASI SISWA,38,ORANG,2023
4415,32,JAWA BARAT,3273,KOTA BANDUNG,3273120,UJUNG BERUNG,32.73.26,UJUNGBERUNG,SDN 107 PALEDANG KOTA BANDUNG,20245729,SK SISWA,107,ORANG,2023
4416,32,JAWA BARAT,3273,KOTA BANDUNG,3273120,UJUNG BERUNG,32.73.26,UJUNGBERUNG,SDN 107 PALEDANG KOTA BANDUNG,20245729,AKTIVASI SISWA,105,ORANG,2023
4417,32,JAWA BARAT,3273,KOTA BANDUNG,3273120,UJUNG BERUNG,32.73.26,UJUNGBERUNG,SDN 224 CIJAMBE KOTA BANDUNG,20245517,SK SISWA,55,ORANG,2023
4418,32,JAWA BARAT,3273,KOTA BANDUNG,3273120,UJUNG BERUNG,32.73.26,UJUNGBERUNG,SDN 224 CIJAMBE KOTA BANDUNG,20245517,AKTIVASI SISWA,52,ORANG,2023
4419,32,JAWA BARAT,3273,KOTA BANDUNG,3273120,UJUNG BERUNG,32.73.26,UJUNGBERUNG,SDN 225 MEKARGALIH KOTA BANDUNG,20245714,SK SISWA,63,ORANG,2023
4420,32,JAWA BARAT,3273,KOTA BANDUNG,3273120,UJUNG BERUNG,32.73.26,UJUNGBERUNG,SDN 225 MEKARGALIH KOTA BANDUNG,20245714,AKTIVASI SISWA,60,ORANG,2023
4421,32,JAWA BARAT,3273,KOTA BANDUNG,3273120,UJUNG BERUNG,32.73.26,UJUNGBERUNG,SDN 253 PANGGUNGSARI KOTA BANDUNG,20245731,SK SISWA,69,ORANG,2023
4422,32,JAWA BARAT,3273,KOTA BANDUNG,3273120,UJUNG BERUNG,32.73.26,UJUNGBERUNG,SDN 253 PANGGUNGSARI KOTA BANDUNG,20245731,AKTIVASI SISWA,69,ORANG,2023
4423,32,JAWA BARAT,3273,KOTA BANDUNG,3273120,UJUNG BERUNG,32.73.26,UJUNGBERUNG,SLB YRBB,20280600,SK SISWA,12,ORANG,2023
4424,32,JAWA BARAT,3273,KOTA BANDUNG,3273120,UJUNG BERUNG,32.73.26,UJUNGBERUNG,SLB YRBB,20280600,AKTIVASI SISWA,11,ORANG,2023
4425,32,JAWA BARAT,3273,KOTA BANDUNG,3273060,REGOL,32.73.11,REGOL,SD ASSALAAM,20219541,SK SISWA,4,ORANG,2023
4426,32,JAWA BARAT,3273,KOTA BANDUNG,3273060,REGOL,32.73.11,REGOL,SD ASSALAAM,20219541,AKTIVASI SISWA,3,ORANG,2023
4427,32,JAWA BARAT,3273,KOTA BANDUNG,3273060,REGOL,32.73.11,REGOL,SD DEWI SARTIKA,20219596,SK SISWA,12,ORANG,2023
4428,32,JAWA BARAT,3273,KOTA BANDUNG,3273060,REGOL,32.73.11,REGOL,SD DEWI SARTIKA,20219596,AKTIVASI SISWA,12,ORANG,2023
4429,32,JAWA BARAT,3273,KOTA BANDUNG,3273060,REGOL,32.73.11,REGOL,SD DIAN KENCANA,20219606,SK SISWA,12,ORANG,2023
4430,32,JAWA BARAT,3273,KOTA BANDUNG,3273060,REGOL,32.73.11,REGOL,SD DIAN KENCANA,20219606,AKTIVASI SISWA,11,ORANG,2023
4431,32,JAWA BARAT,3273,KOTA BANDUNG,3273060,REGOL,32.73.11,REGOL,SD NUGRAHA,20219821,SK SISWA,23,ORANG,2023
4432,32,JAWA BARAT,3273,KOTA BANDUNG,3273060,REGOL,32.73.11,REGOL,SD NUGRAHA,20219821,AKTIVASI SISWA,23,ORANG,2023
4433,32,JAWA BARAT,3273,KOTA BANDUNG,3273060,REGOL,32.73.11,REGOL,SD PLUS AL FATWA,20246728,SK SISWA,51,ORANG,2023
4434,32,JAWA BARAT,3273,KOTA BANDUNG,3273060,REGOL,32.73.11,REGOL,SD PLUS AL FATWA,20246728,AKTIVASI SISWA,49,ORANG,2023
4435,32,JAWA BARAT,3273,KOTA BANDUNG,3273060,REGOL,32.73.11,REGOL,SD REHOBOTH,20219841,SK SISWA,19,ORANG,2023
4436,32,JAWA BARAT,3273,KOTA BANDUNG,3273060,REGOL,32.73.11,REGOL,SD REHOBOTH,20219841,AKTIVASI SISWA,19,ORANG,2023
4437,32,JAWA BARAT,3273,KOTA BANDUNG,3273060,REGOL,32.73.11,REGOL,SDN 008 MOHAMAD TOHA KOTA BANDUNG,20245238,SK SISWA,152,ORANG,2023
4438,32,JAWA BARAT,3273,KOTA BANDUNG,3273060,REGOL,32.73.11,REGOL,SDN 008 MOHAMAD TOHA KOTA BANDUNG,20245238,AKTIVASI SISWA,147,ORANG,2023
4439,32,JAWA BARAT,3273,KOTA BANDUNG,3273060,REGOL,32.73.11,REGOL,SDN 020 LENGKONG BESAR KOTA BANDUNG,20245219,SK SISWA,103,ORANG,2023
4440,32,JAWA BARAT,3273,KOTA BANDUNG,3273060,REGOL,32.73.11,REGOL,SDN 020 LENGKONG BESAR KOTA BANDUNG,20245219,AKTIVASI SISWA,102,ORANG,2023
4441,32,JAWA BARAT,3273,KOTA BANDUNG,3273060,REGOL,32.73.11,REGOL,SDN 033 ASMI KOTA BANDUNG,20245201,SK SISWA,125,ORANG,2023
4442,32,JAWA BARAT,3273,KOTA BANDUNG,3273060,REGOL,32.73.11,REGOL,SDN 033 ASMI KOTA BANDUNG,20245201,AKTIVASI SISWA,123,ORANG,2023
4443,32,JAWA BARAT,3273,KOTA BANDUNG,3273060,REGOL,32.73.11,REGOL,SDN 047 BALONGGEDE KOTA BANDUNG,20251861,SK SISWA,67,ORANG,2023
4444,32,JAWA BARAT,3273,KOTA BANDUNG,3273060,REGOL,32.73.11,REGOL,SDN 047 BALONGGEDE KOTA BANDUNG,20251861,AKTIVASI SISWA,67,ORANG,2023
4445,32,JAWA BARAT,3273,KOTA BANDUNG,3273060,REGOL,32.73.11,REGOL,SDN 070 PASIRLUYU KOTA BANDUNG,20246459,SK SISWA,46,ORANG,2023
4446,32,JAWA BARAT,3273,KOTA BANDUNG,3273060,REGOL,32.73.11,REGOL,SDN 070 PASIRLUYU KOTA BANDUNG,20246459,AKTIVASI SISWA,44,ORANG,2023
4447,32,JAWA BARAT,3273,KOTA BANDUNG,3273060,REGOL,32.73.11,REGOL,SDN 112 PAMOYANAN KOTA BANDUNG,20245254,SK SISWA,95,ORANG,2023
4448,32,JAWA BARAT,3273,KOTA BANDUNG,3273060,REGOL,32.73.11,REGOL,SDN 112 PAMOYANAN KOTA BANDUNG,20245254,AKTIVASI SISWA,94,ORANG,2023
4449,32,JAWA BARAT,3273,KOTA BANDUNG,3273060,REGOL,32.73.11,REGOL,SDN 120 KOTABARU KOTA BANDUNG,20245218,SK SISWA,38,ORANG,2023
4450,32,JAWA BARAT,3273,KOTA BANDUNG,3273060,REGOL,32.73.11,REGOL,SDN 120 KOTABARU KOTA BANDUNG,20245218,AKTIVASI SISWA,36,ORANG,2023
4451,32,JAWA BARAT,3273,KOTA BANDUNG,3273060,REGOL,32.73.11,REGOL,SDN 123 BABAKAN PRIANGAN KOTA BANDUNG,20245108,SK SISWA,120,ORANG,2023
4452,32,JAWA BARAT,3273,KOTA BANDUNG,3273060,REGOL,32.73.11,REGOL,SDN 123 BABAKAN PRIANGAN KOTA BANDUNG,20245108,AKTIVASI SISWA,116,ORANG,2023
4453,32,JAWA BARAT,3273,KOTA BANDUNG,3273060,REGOL,32.73.11,REGOL,SDN 166 CIATEUL KOTA BANDUNG,20245146,SK SISWA,32,ORANG,2023
4454,32,JAWA BARAT,3273,KOTA BANDUNG,3273060,REGOL,32.73.11,REGOL,SDN 166 CIATEUL KOTA BANDUNG,20245146,AKTIVASI SISWA,32,ORANG,2023
4455,32,JAWA BARAT,3273,KOTA BANDUNG,3273060,REGOL,32.73.11,REGOL,SDN 167 MENGGER GIRANG KOTA BANDUNG,20245229,SK SISWA,214,ORANG,2023
4456,32,JAWA BARAT,3273,KOTA BANDUNG,3273060,REGOL,32.73.11,REGOL,SDN 167 MENGGER GIRANG KOTA BANDUNG,20245229,AKTIVASI SISWA,210,ORANG,2023
4457,32,JAWA BARAT,3273,KOTA BANDUNG,3273060,REGOL,32.73.11,REGOL,SDN 192 CIBURUY KOTA BANDUNG,20245148,SK SISWA,55,ORANG,2023
4458,32,JAWA BARAT,3273,KOTA BANDUNG,3273060,REGOL,32.73.11,REGOL,SDN 192 CIBURUY KOTA BANDUNG,20245148,AKTIVASI SISWA,52,ORANG,2023
4459,32,JAWA BARAT,3273,KOTA BANDUNG,3273060,REGOL,32.73.11,REGOL,SDN 211 BABAKAN PRIANGAN KOTA BANDUNG,20245110,SK SISWA,50,ORANG,2023
4460,32,JAWA BARAT,3273,KOTA BANDUNG,3273060,REGOL,32.73.11,REGOL,SDN 211 BABAKAN PRIANGAN KOTA BANDUNG,20245110,AKTIVASI SISWA,49,ORANG,2023
4461,32,JAWA BARAT,3273,KOTA BANDUNG,3273060,REGOL,32.73.11,REGOL,SDN 223 BHAKTI WINAYA KOTA BANDUNG,20245114,SK SISWA,106,ORANG,2023
4462,32,JAWA BARAT,3273,KOTA BANDUNG,3273060,REGOL,32.73.11,REGOL,SDN 223 BHAKTI WINAYA KOTA BANDUNG,20245114,AKTIVASI SISWA,105,ORANG,2023
4463,32,JAWA BARAT,3273,KOTA BANDUNG,3273060,REGOL,32.73.11,REGOL,SLB AUTISME PELITA HAFIZH,20219865,SK SISWA,1,ORANG,2023
4464,32,JAWA BARAT,3273,KOTA BANDUNG,3273060,REGOL,32.73.11,REGOL,SLB AUTISME PELITA HAFIZH,20219865,AKTIVASI SISWA,0,ORANG,2023
4465,32,JAWA BARAT,3273,KOTA BANDUNG,3273060,REGOL,32.73.11,REGOL,SLB RISANTYA,20280591,SK SISWA,2,ORANG,2023
4466,32,JAWA BARAT,3273,KOTA BANDUNG,3273060,REGOL,32.73.11,REGOL,SLB RISANTYA,20280591,AKTIVASI SISWA,2,ORANG,2023
4467,32,JAWA BARAT,3273,KOTA BANDUNG,3273250,SUKASARI,32.73.01,SUKASARI,PKBM DAARUT TAUHID,P9984875,SK SISWA,3,ORANG,2023
4468,32,JAWA BARAT,3273,KOTA BANDUNG,3273250,SUKASARI,32.73.01,SUKASARI,PKBM DAARUT TAUHID,P9984875,AKTIVASI SISWA,0,ORANG,2023
4469,32,JAWA BARAT,3273,KOTA BANDUNG,3273250,SUKASARI,32.73.01,SUKASARI,SD ISLAM AL AZHAR 30,20253348,SK SISWA,1,ORANG,2023
4470,32,JAWA BARAT,3273,KOTA BANDUNG,3273250,SUKASARI,32.73.01,SUKASARI,SD ISLAM AL AZHAR 30,20253348,AKTIVASI SISWA,0,ORANG,2023
4471,32,JAWA BARAT,3273,KOTA BANDUNG,3273250,SUKASARI,32.73.01,SUKASARI,SD LABORATORIUM PERCONTOHAN UPI,20252973,SK SISWA,1,ORANG,2023
4472,32,JAWA BARAT,3273,KOTA BANDUNG,3273250,SUKASARI,32.73.01,SUKASARI,SD LABORATORIUM PERCONTOHAN UPI,20252973,AKTIVASI SISWA,0,ORANG,2023
4473,32,JAWA BARAT,3273,KOTA BANDUNG,3273250,SUKASARI,32.73.01,SUKASARI,SD MIFTAHUL IMAN,20219855,SK SISWA,41,ORANG,2023
4474,32,JAWA BARAT,3273,KOTA BANDUNG,3273250,SUKASARI,32.73.01,SUKASARI,SD MIFTAHUL IMAN,20219855,AKTIVASI SISWA,37,ORANG,2023
4475,32,JAWA BARAT,3273,KOTA BANDUNG,3273250,SUKASARI,32.73.01,SUKASARI,SDN 097 CIRATEUN KULON KOTA BANDUNG,20244855,SK SISWA,12,ORANG,2023
4476,32,JAWA BARAT,3273,KOTA BANDUNG,3273250,SUKASARI,32.73.01,SUKASARI,SDN 097 CIRATEUN KULON KOTA BANDUNG,20244855,AKTIVASI SISWA,12,ORANG,2023
4477,32,JAWA BARAT,3273,KOTA BANDUNG,3273250,SUKASARI,32.73.01,SUKASARI,SDN 100 CIPEDES KOTA BANDUNG,20245922,SK SISWA,57,ORANG,2023
4478,32,JAWA BARAT,3273,KOTA BANDUNG,3273250,SUKASARI,32.73.01,SUKASARI,SDN 100 CIPEDES KOTA BANDUNG,20245922,AKTIVASI SISWA,40,ORANG,2023
4479,32,JAWA BARAT,3273,KOTA BANDUNG,3273250,SUKASARI,32.73.01,SUKASARI,SDN 137 CIJEROKASO KOTA BANDUNG,20244848,SK SISWA,100,ORANG,2023
4480,32,JAWA BARAT,3273,KOTA BANDUNG,3273250,SUKASARI,32.73.01,SUKASARI,SDN 137 CIJEROKASO KOTA BANDUNG,20244848,AKTIVASI SISWA,99,ORANG,2023
4481,32,JAWA BARAT,3273,KOTA BANDUNG,3273250,SUKASARI,32.73.01,SUKASARI,SDN 138 GEGERKALONG GIRANG KOTA BANDUNG,20247203,SK SISWA,57,ORANG,2023
4482,32,JAWA BARAT,3273,KOTA BANDUNG,3273250,SUKASARI,32.73.01,SUKASARI,SDN 138 GEGERKALONG GIRANG KOTA BANDUNG,20247203,AKTIVASI SISWA,55,ORANG,2023
4483,32,JAWA BARAT,3273,KOTA BANDUNG,3273250,SUKASARI,32.73.01,SUKASARI,SDN 139 SUKARASA KOTA BANDUNG,20244928,SK SISWA,103,ORANG,2023
4484,32,JAWA BARAT,3273,KOTA BANDUNG,3273250,SUKASARI,32.73.01,SUKASARI,SDN 139 SUKARASA KOTA BANDUNG,20244928,AKTIVASI SISWA,103,ORANG,2023
4485,32,JAWA BARAT,3273,KOTA BANDUNG,3273250,SUKASARI,32.73.01,SUKASARI,SDN 176 CILANDAK KOTA BANDUNG,20245918,SK SISWA,47,ORANG,2023
4486,32,JAWA BARAT,3273,KOTA BANDUNG,3273250,SUKASARI,32.73.01,SUKASARI,SDN 176 CILANDAK KOTA BANDUNG,20245918,AKTIVASI SISWA,45,ORANG,2023
4487,32,JAWA BARAT,3273,KOTA BANDUNG,3273250,SUKASARI,32.73.01,SUKASARI,SDN 177 CIPEDES KOTA BANDUNG,20245919,SK SISWA,84,ORANG,2023
4488,32,JAWA BARAT,3273,KOTA BANDUNG,3273250,SUKASARI,32.73.01,SUKASARI,SDN 177 CIPEDES KOTA BANDUNG,20245919,AKTIVASI SISWA,83,ORANG,2023
4489,32,JAWA BARAT,3273,KOTA BANDUNG,3273250,SUKASARI,32.73.01,SUKASARI,SDN 178 GEGERKALONG KPAD KOTA BANDUNG,20244861,SK SISWA,42,ORANG,2023
4490,32,JAWA BARAT,3273,KOTA BANDUNG,3273250,SUKASARI,32.73.01,SUKASARI,SDN 178 GEGERKALONG KPAD KOTA BANDUNG,20244861,AKTIVASI SISWA,42,ORANG,2023
4491,32,JAWA BARAT,3273,KOTA BANDUNG,3273250,SUKASARI,32.73.01,SUKASARI,SDN 179 SARIJADI KOTA BANDUNG,20244903,SK SISWA,22,ORANG,2023
4492,32,JAWA BARAT,3273,KOTA BANDUNG,3273250,SUKASARI,32.73.01,SUKASARI,SDN 179 SARIJADI KOTA BANDUNG,20244903,AKTIVASI SISWA,22,ORANG,2023
4493,32,JAWA BARAT,3273,KOTA BANDUNG,3273250,SUKASARI,32.73.01,SUKASARI,SDN 195 ISOLA KOTA BANDUNG,20244878,SK SISWA,137,ORANG,2023
4494,32,JAWA BARAT,3273,KOTA BANDUNG,3273250,SUKASARI,32.73.01,SUKASARI,SDN 195 ISOLA KOTA BANDUNG,20244878,AKTIVASI SISWA,137,ORANG,2023
4495,32,JAWA BARAT,3273,KOTA BANDUNG,3273250,SUKASARI,32.73.01,SUKASARI,SDN 196 SUKARASA KOTA BANDUNG,20244929,SK SISWA,19,ORANG,2023
4496,32,JAWA BARAT,3273,KOTA BANDUNG,3273250,SUKASARI,32.73.01,SUKASARI,SDN 196 SUKARASA KOTA BANDUNG,20244929,AKTIVASI SISWA,19,ORANG,2023
4497,32,JAWA BARAT,3273,KOTA BANDUNG,3273250,SUKASARI,32.73.01,SUKASARI,SDN 212 HARAPAN KOTA BANDUNG,20245941,SK SISWA,42,ORANG,2023
4498,32,JAWA BARAT,3273,KOTA BANDUNG,3273250,SUKASARI,32.73.01,SUKASARI,SDN 212 HARAPAN KOTA BANDUNG,20245941,AKTIVASI SISWA,36,ORANG,2023
4499,32,JAWA BARAT,3273,KOTA BANDUNG,3273250,SUKASARI,32.73.01,SUKASARI,SDN 217 SARIJADI KOTA BANDUNG,20245971,SK SISWA,49,ORANG,2023
4500,32,JAWA BARAT,3273,KOTA BANDUNG,3273250,SUKASARI,32.73.01,SUKASARI,SDN 217 SARIJADI KOTA BANDUNG,20245971,AKTIVASI SISWA,48,ORANG,2023
4501,32,JAWA BARAT,3273,KOTA BANDUNG,3273250,SUKASARI,32.73.01,SUKASARI,SDN 218 SARIJADI KOTA BANDUNG,20244907,SK SISWA,86,ORANG,2023
4502,32,JAWA BARAT,3273,KOTA BANDUNG,3273250,SUKASARI,32.73.01,SUKASARI,SDN 218 SARIJADI KOTA BANDUNG,20244907,AKTIVASI SISWA,74,ORANG,2023
4503,32,JAWA BARAT,3273,KOTA BANDUNG,3273250,SUKASARI,32.73.01,SUKASARI,SDN 252 SETIABUDI KOTA BANDUNG,20244937,SK SISWA,28,ORANG,2023
4504,32,JAWA BARAT,3273,KOTA BANDUNG,3273250,SUKASARI,32.73.01,SUKASARI,SDN 252 SETIABUDI KOTA BANDUNG,20244937,AKTIVASI SISWA,27,ORANG,2023
4505,32,JAWA BARAT,3273,KOTA BANDUNG,3273250,SUKASARI,32.73.01,SUKASARI,SLB SOLALIN,20280590,SK SISWA,4,ORANG,2023
4506,32,JAWA BARAT,3273,KOTA BANDUNG,3273250,SUKASARI,32.73.01,SUKASARI,SLB SOLALIN,20280590,AKTIVASI SISWA,3,ORANG,2023
4507,32,JAWA BARAT,3273,KOTA BANDUNG,3273240,SUKAJADI,32.73.07,SUKAJADI,SD AL IKHLAS,20219532,SK SISWA,16,ORANG,2023
4508,32,JAWA BARAT,3273,KOTA BANDUNG,3273240,SUKAJADI,32.73.07,SUKAJADI,SD AL IKHLAS,20219532,AKTIVASI SISWA,16,ORANG,2023
4509,32,JAWA BARAT,3273,KOTA BANDUNG,3273240,SUKAJADI,32.73.07,SUKAJADI,SD CEMARA,20219601,SK SISWA,64,ORANG,2023
4510,32,JAWA BARAT,3273,KOTA BANDUNG,3273240,SUKAJADI,32.73.07,SUKAJADI,SD CEMARA,20219601,AKTIVASI SISWA,57,ORANG,2023
4511,32,JAWA BARAT,3273,KOTA BANDUNG,3273240,SUKAJADI,32.73.07,SUKAJADI,SD CITRA WINAYA,20219598,SK SISWA,98,ORANG,2023
4512,32,JAWA BARAT,3273,KOTA BANDUNG,3273240,SUKAJADI,32.73.07,SUKAJADI,SD CITRA WINAYA,20219598,AKTIVASI SISWA,94,ORANG,2023
4513,32,JAWA BARAT,3273,KOTA BANDUNG,3273240,SUKAJADI,32.73.07,SUKAJADI,SD GIKI,20219614,SK SISWA,4,ORANG,2023
4514,32,JAWA BARAT,3273,KOTA BANDUNG,3273240,SUKAJADI,32.73.07,SUKAJADI,SD GIKI,20219614,AKTIVASI SISWA,1,ORANG,2023
4515,32,JAWA BARAT,3273,KOTA BANDUNG,3273240,SUKAJADI,32.73.07,SUKAJADI,SD IBNU TAIMIYAH,20219610,SK SISWA,2,ORANG,2023
4516,32,JAWA BARAT,3273,KOTA BANDUNG,3273240,SUKAJADI,32.73.07,SUKAJADI,SD IBNU TAIMIYAH,20219610,AKTIVASI SISWA,2,ORANG,2023
4517,32,JAWA BARAT,3273,KOTA BANDUNG,3273240,SUKAJADI,32.73.07,SUKAJADI,SD MUHAMMADIYAH 4,20219851,SK SISWA,147,ORANG,2023
4518,32,JAWA BARAT,3273,KOTA BANDUNG,3273240,SUKAJADI,32.73.07,SUKAJADI,SD MUHAMMADIYAH 4,20219851,AKTIVASI SISWA,142,ORANG,2023
4519,32,JAWA BARAT,3273,KOTA BANDUNG,3273240,SUKAJADI,32.73.07,SUKAJADI,SD UCHUWWATUL ISLAM,20219897,SK SISWA,24,ORANG,2023
4520,32,JAWA BARAT,3273,KOTA BANDUNG,3273240,SUKAJADI,32.73.07,SUKAJADI,SD UCHUWWATUL ISLAM,20219897,AKTIVASI SISWA,24,ORANG,2023
4521,32,JAWA BARAT,3273,KOTA BANDUNG,3273240,SUKAJADI,32.73.07,SUKAJADI,SDN 018 SUKAGALIH KOTA BANDUNG,20245266,SK SISWA,65,ORANG,2023
4522,32,JAWA BARAT,3273,KOTA BANDUNG,3273240,SUKAJADI,32.73.07,SUKAJADI,SDN 018 SUKAGALIH KOTA BANDUNG,20245266,AKTIVASI SISWA,64,ORANG,2023
4523,32,JAWA BARAT,3273,KOTA BANDUNG,3273240,SUKAJADI,32.73.07,SUKAJADI,SDN 048 SIRNAMANAH KOTA BANDUNG,20244920,SK SISWA,237,ORANG,2023
4524,32,JAWA BARAT,3273,KOTA BANDUNG,3273240,SUKAJADI,32.73.07,SUKAJADI,SDN 048 SIRNAMANAH KOTA BANDUNG,20244920,AKTIVASI SISWA,233,ORANG,2023
4525,32,JAWA BARAT,3273,KOTA BANDUNG,3273240,SUKAJADI,32.73.07,SUKAJADI,SDN 071 SUKAGALIH KOTA BANDUNG,20245267,SK SISWA,205,ORANG,2023
4526,32,JAWA BARAT,3273,KOTA BANDUNG,3273240,SUKAJADI,32.73.07,SUKAJADI,SDN 071 SUKAGALIH KOTA BANDUNG,20245267,AKTIVASI SISWA,202,ORANG,2023
4527,32,JAWA BARAT,3273,KOTA BANDUNG,3273240,SUKAJADI,32.73.07,SUKAJADI,SDN 072 SUKASARI KOTA BANDUNG,20245276,SK SISWA,11,ORANG,2023
4528,32,JAWA BARAT,3273,KOTA BANDUNG,3273240,SUKAJADI,32.73.07,SUKAJADI,SDN 072 SUKASARI KOTA BANDUNG,20245276,AKTIVASI SISWA,9,ORANG,2023
4529,32,JAWA BARAT,3273,KOTA BANDUNG,3273240,SUKAJADI,32.73.07,SUKAJADI,SDN 076 SUKAJADI KOTA BANDUNG,20244925,SK SISWA,131,ORANG,2023
4530,32,JAWA BARAT,3273,KOTA BANDUNG,3273240,SUKAJADI,32.73.07,SUKAJADI,SDN 076 SUKAJADI KOTA BANDUNG,20244925,AKTIVASI SISWA,122,ORANG,2023
4531,32,JAWA BARAT,3273,KOTA BANDUNG,3273240,SUKAJADI,32.73.07,SUKAJADI,SDN 077 SEJAHTERA KOTA BANDUNG,20245980,SK SISWA,197,ORANG,2023
4532,32,JAWA BARAT,3273,KOTA BANDUNG,3273240,SUKAJADI,32.73.07,SUKAJADI,SDN 077 SEJAHTERA KOTA BANDUNG,20245980,AKTIVASI SISWA,197,ORANG,2023
4533,32,JAWA BARAT,3273,KOTA BANDUNG,3273240,SUKAJADI,32.73.07,SUKAJADI,SDN 096 SARIJADI SELATAN KOTA BANDUNG,20245260,SK SISWA,71,ORANG,2023
4534,32,JAWA BARAT,3273,KOTA BANDUNG,3273240,SUKAJADI,32.73.07,SUKAJADI,SDN 096 SARIJADI SELATAN KOTA BANDUNG,20245260,AKTIVASI SISWA,68,ORANG,2023
4535,32,JAWA BARAT,3273,KOTA BANDUNG,3273240,SUKAJADI,32.73.07,SUKAJADI,SDN 136 SUKAWARNA KOTA BANDUNG,20245278,SK SISWA,65,ORANG,2023
4536,32,JAWA BARAT,3273,KOTA BANDUNG,3273240,SUKAJADI,32.73.07,SUKAJADI,SDN 136 SUKAWARNA KOTA BANDUNG,20245278,AKTIVASI SISWA,62,ORANG,2023
4537,32,JAWA BARAT,3273,KOTA BANDUNG,3273240,SUKAJADI,32.73.07,SUKAJADI,SDN 193 CARINGIN KOTA BANDUNG,20245126,SK SISWA,65,ORANG,2023
4538,32,JAWA BARAT,3273,KOTA BANDUNG,3273240,SUKAJADI,32.73.07,SUKAJADI,SDN 193 CARINGIN KOTA BANDUNG,20245126,AKTIVASI SISWA,60,ORANG,2023
4539,32,JAWA BARAT,3273,KOTA BANDUNG,3273240,SUKAJADI,32.73.07,SUKAJADI,SDN 194 SUKAJADI KOTA BANDUNG,20244926,SK SISWA,139,ORANG,2023
4540,32,JAWA BARAT,3273,KOTA BANDUNG,3273240,SUKAJADI,32.73.07,SUKAJADI,SDN 194 SUKAJADI KOTA BANDUNG,20244926,AKTIVASI SISWA,139,ORANG,2023
4541,32,JAWA BARAT,3273,KOTA BANDUNG,3273240,SUKAJADI,32.73.07,SUKAJADI,SDN 207 CIBOGO KOTA BANDUNG,20245137,SK SISWA,61,ORANG,2023
4542,32,JAWA BARAT,3273,KOTA BANDUNG,3273240,SUKAJADI,32.73.07,SUKAJADI,SDN 207 CIBOGO KOTA BANDUNG,20245137,AKTIVASI SISWA,59,ORANG,2023
4543,32,JAWA BARAT,3273,KOTA BANDUNG,3273240,SUKAJADI,32.73.07,SUKAJADI,SDN 208 LUGINASARI SUKAGALIH KOTA BANDUNG,20245963,SK SISWA,102,ORANG,2023
4544,32,JAWA BARAT,3273,KOTA BANDUNG,3273240,SUKAJADI,32.73.07,SUKAJADI,SDN 208 LUGINASARI SUKAGALIH KOTA BANDUNG,20245963,AKTIVASI SISWA,97,ORANG,2023
4545,32,JAWA BARAT,3273,KOTA BANDUNG,3273240,SUKAJADI,32.73.07,SUKAJADI,SDN 272 SUKASARI KOTA BANDUNG,20245274,SK SISWA,70,ORANG,2023
4546,32,JAWA BARAT,3273,KOTA BANDUNG,3273240,SUKAJADI,32.73.07,SUKAJADI,SDN 272 SUKASARI KOTA BANDUNG,20245274,AKTIVASI SISWA,65,ORANG,2023
4547,32,JAWA BARAT,3273,KOTA BANDUNG,3273240,SUKAJADI,32.73.07,SUKAJADI,SLB D YPAC,20219745,SK SISWA,5,ORANG,2023
4548,32,JAWA BARAT,3273,KOTA BANDUNG,3273240,SUKAJADI,32.73.07,SUKAJADI,SLB D YPAC,20219745,AKTIVASI SISWA,2,ORANG,2023
4549,32,JAWA BARAT,3273,KOTA BANDUNG,3273240,SUKAJADI,32.73.07,SUKAJADI,SLB MUHAMMADIYAH CIPEDES,20259612,SK SISWA,2,ORANG,2023
4550,32,JAWA BARAT,3273,KOTA BANDUNG,3273240,SUKAJADI,32.73.07,SUKAJADI,SLB MUHAMMADIYAH CIPEDES,20259612,AKTIVASI SISWA,2,ORANG,2023
4551,32,JAWA BARAT,3273,KOTA BANDUNG,3273240,SUKAJADI,32.73.07,SUKAJADI,SLB NOOR RAKHMAH,20280592,SK SISWA,1,ORANG,2023
4552,32,JAWA BARAT,3273,KOTA BANDUNG,3273240,SUKAJADI,32.73.07,SUKAJADI,SLB NOOR RAKHMAH,20280592,AKTIVASI SISWA,1,ORANG,2023
4553,32,JAWA BARAT,3273,KOTA BANDUNG,3273130,ARCAMANIK,32.73.24,ARCAMANIK,PKBM DARUL MUDZAKKIRIN,P9996637,SK SISWA,4,ORANG,2023
4554,32,JAWA BARAT,3273,KOTA BANDUNG,3273130,ARCAMANIK,32.73.24,ARCAMANIK,PKBM DARUL MUDZAKKIRIN,P9996637,AKTIVASI SISWA,4,ORANG,2023
4555,32,JAWA BARAT,3273,KOTA BANDUNG,3273130,ARCAMANIK,32.73.24,ARCAMANIK,SD BINTANG MADANI,20270664,SK SISWA,1,ORANG,2023
4556,32,JAWA BARAT,3273,KOTA BANDUNG,3273130,ARCAMANIK,32.73.24,ARCAMANIK,SD BINTANG MADANI,20270664,AKTIVASI SISWA,0,ORANG,2023
4557,32,JAWA BARAT,3273,KOTA BANDUNG,3273130,ARCAMANIK,32.73.24,ARCAMANIK,SD CERDAS MUTHAHHARI,20267679,SK SISWA,8,ORANG,2023
4558,32,JAWA BARAT,3273,KOTA BANDUNG,3273130,ARCAMANIK,32.73.24,ARCAMANIK,SD CERDAS MUTHAHHARI,20267679,AKTIVASI SISWA,3,ORANG,2023
4559,32,JAWA BARAT,3273,KOTA BANDUNG,3273130,ARCAMANIK,32.73.24,ARCAMANIK,SD ISLAM CENDEKIA MUDA,20255299,SK SISWA,2,ORANG,2023
4560,32,JAWA BARAT,3273,KOTA BANDUNG,3273130,ARCAMANIK,32.73.24,ARCAMANIK,SD ISLAM CENDEKIA MUDA,20255299,AKTIVASI SISWA,1,ORANG,2023
4561,32,JAWA BARAT,3273,KOTA BANDUNG,3273130,ARCAMANIK,32.73.24,ARCAMANIK,SD ISLAM NURUL AMANAH,70031985,SK SISWA,1,ORANG,2023
4562,32,JAWA BARAT,3273,KOTA BANDUNG,3273130,ARCAMANIK,32.73.24,ARCAMANIK,SD ISLAM NURUL AMANAH,70031985,AKTIVASI SISWA,0,ORANG,2023
4563,32,JAWA BARAT,3273,KOTA BANDUNG,3273130,ARCAMANIK,32.73.24,ARCAMANIK,SD ISLAM TERPADU AMANAH UMMAH,70031981,SK SISWA,1,ORANG,2023
4564,32,JAWA BARAT,3273,KOTA BANDUNG,3273130,ARCAMANIK,32.73.24,ARCAMANIK,SD ISLAM TERPADU AMANAH UMMAH,70031981,AKTIVASI SISWA,0,ORANG,2023
4565,32,JAWA BARAT,3273,KOTA BANDUNG,3273130,ARCAMANIK,32.73.24,ARCAMANIK,SD MUTIARA BUNDA,20253757,SK SISWA,2,ORANG,2023
4566,32,JAWA BARAT,3273,KOTA BANDUNG,3273130,ARCAMANIK,32.73.24,ARCAMANIK,SD MUTIARA BUNDA,20253757,AKTIVASI SISWA,0,ORANG,2023
4567,32,JAWA BARAT,3273,KOTA BANDUNG,3273130,ARCAMANIK,32.73.24,ARCAMANIK,SD PLUS AL GHIFARI,20219824,SK SISWA,99,ORANG,2023
4568,32,JAWA BARAT,3273,KOTA BANDUNG,3273130,ARCAMANIK,32.73.24,ARCAMANIK,SD PLUS AL GHIFARI,20219824,AKTIVASI SISWA,2,ORANG,2023
4569,32,JAWA BARAT,3273,KOTA BANDUNG,3273130,ARCAMANIK,32.73.24,ARCAMANIK,SD RABBANI,70003403,SK SISWA,20,ORANG,2023
4570,32,JAWA BARAT,3273,KOTA BANDUNG,3273130,ARCAMANIK,32.73.24,ARCAMANIK,SD RABBANI,70003403,AKTIVASI SISWA,6,ORANG,2023
4571,32,JAWA BARAT,3273,KOTA BANDUNG,3273130,ARCAMANIK,32.73.24,ARCAMANIK,SD RANCAKASUMBA,20219828,SK SISWA,39,ORANG,2023
4572,32,JAWA BARAT,3273,KOTA BANDUNG,3273130,ARCAMANIK,32.73.24,ARCAMANIK,SD RANCAKASUMBA,20219828,AKTIVASI SISWA,22,ORANG,2023
4573,32,JAWA BARAT,3273,KOTA BANDUNG,3273130,ARCAMANIK,32.73.24,ARCAMANIK,SDN 004 CISARANTEN KULON KOTA BANDUNG,20245530,SK SISWA,135,ORANG,2023
4574,32,JAWA BARAT,3273,KOTA BANDUNG,3273130,ARCAMANIK,32.73.24,ARCAMANIK,SDN 004 CISARANTEN KULON KOTA BANDUNG,20245530,AKTIVASI SISWA,124,ORANG,2023
4575,32,JAWA BARAT,3273,KOTA BANDUNG,3273130,ARCAMANIK,32.73.24,ARCAMANIK,SDN 057 BINAHARAPAN KOTA BANDUNG,20245481,SK SISWA,165,ORANG,2023
4576,32,JAWA BARAT,3273,KOTA BANDUNG,3273130,ARCAMANIK,32.73.24,ARCAMANIK,SDN 057 BINAHARAPAN KOTA BANDUNG,20245481,AKTIVASI SISWA,151,ORANG,2023
4577,32,JAWA BARAT,3273,KOTA BANDUNG,3273130,ARCAMANIK,32.73.24,ARCAMANIK,SDN 101 SUKAKARYA KOTA BANDUNG,20245795,SK SISWA,91,ORANG,2023
4578,32,JAWA BARAT,3273,KOTA BANDUNG,3273130,ARCAMANIK,32.73.24,ARCAMANIK,SDN 101 SUKAKARYA KOTA BANDUNG,20245795,AKTIVASI SISWA,89,ORANG,2023
4579,32,JAWA BARAT,3273,KOTA BANDUNG,3273130,ARCAMANIK,32.73.24,ARCAMANIK,SDN 140 ARCAMANIK KOTA BANDUNG,20245447,SK SISWA,266,ORANG,2023
4580,32,JAWA BARAT,3273,KOTA BANDUNG,3273130,ARCAMANIK,32.73.24,ARCAMANIK,SDN 140 ARCAMANIK KOTA BANDUNG,20245447,AKTIVASI SISWA,255,ORANG,2023
4581,32,JAWA BARAT,3273,KOTA BANDUNG,3273130,ARCAMANIK,32.73.24,ARCAMANIK,SDN 141 LOKAJAYA KOTA BANDUNG,20245712,SK SISWA,142,ORANG,2023
4582,32,JAWA BARAT,3273,KOTA BANDUNG,3273130,ARCAMANIK,32.73.24,ARCAMANIK,SDN 141 LOKAJAYA KOTA BANDUNG,20245712,AKTIVASI SISWA,142,ORANG,2023
4583,32,JAWA BARAT,3273,KOTA BANDUNG,3273130,ARCAMANIK,32.73.24,ARCAMANIK,SDN 180 PRAKARSA NUGRAHA KOTA BANDUNG,20245754,SK SISWA,131,ORANG,2023
4584,32,JAWA BARAT,3273,KOTA BANDUNG,3273130,ARCAMANIK,32.73.24,ARCAMANIK,SDN 180 PRAKARSA NUGRAHA KOTA BANDUNG,20245754,AKTIVASI SISWA,129,ORANG,2023
4585,32,JAWA BARAT,3273,KOTA BANDUNG,3273130,ARCAMANIK,32.73.24,ARCAMANIK,SDN 181 SUKAMISKIN KOTA BANDUNG,20245804,SK SISWA,132,ORANG,2023
4586,32,JAWA BARAT,3273,KOTA BANDUNG,3273130,ARCAMANIK,32.73.24,ARCAMANIK,SDN 181 SUKAMISKIN KOTA BANDUNG,20245804,AKTIVASI SISWA,132,ORANG,2023
4587,32,JAWA BARAT,3273,KOTA BANDUNG,3273130,ARCAMANIK,32.73.24,ARCAMANIK,SDN 198 MEKARJAYA KOTA BANDUNG,20245715,SK SISWA,147,ORANG,2023
4588,32,JAWA BARAT,3273,KOTA BANDUNG,3273130,ARCAMANIK,32.73.24,ARCAMANIK,SDN 198 MEKARJAYA KOTA BANDUNG,20245715,AKTIVASI SISWA,139,ORANG,2023
4589,32,JAWA BARAT,3273,KOTA BANDUNG,3273130,ARCAMANIK,32.73.24,ARCAMANIK,SDN 226 ARCAMANIK ENDAH KOTA BANDUNG,20245448,SK SISWA,21,ORANG,2023
4590,32,JAWA BARAT,3273,KOTA BANDUNG,3273130,ARCAMANIK,32.73.24,ARCAMANIK,SDN 226 ARCAMANIK ENDAH KOTA BANDUNG,20245448,AKTIVASI SISWA,21,ORANG,2023
4591,32,JAWA BARAT,3273,KOTA BANDUNG,3273130,ARCAMANIK,32.73.24,ARCAMANIK,SDN 244 GURUMINDA KOTA BANDUNG,20245585,SK SISWA,283,ORANG,2023
4592,32,JAWA BARAT,3273,KOTA BANDUNG,3273130,ARCAMANIK,32.73.24,ARCAMANIK,SDN 244 GURUMINDA KOTA BANDUNG,20245585,AKTIVASI SISWA,273,ORANG,2023
4593,32,JAWA BARAT,3273,KOTA BANDUNG,3273100,RANCASARI,32.73.23,RANCASARI,SD IT AL FITRAH,20269138,SK SISWA,2,ORANG,2023
4594,32,JAWA BARAT,3273,KOTA BANDUNG,3273100,RANCASARI,32.73.23,RANCASARI,SD IT AL FITRAH,20269138,AKTIVASI SISWA,0,ORANG,2023
4595,32,JAWA BARAT,3273,KOTA BANDUNG,3273100,RANCASARI,32.73.23,RANCASARI,SDN 069 CIPAMOKOLAN DERWATI KOTA BANDUNG,20245502,SK SISWA,292,ORANG,2023
4596,32,JAWA BARAT,3273,KOTA BANDUNG,3273100,RANCASARI,32.73.23,RANCASARI,SDN 069 CIPAMOKOLAN DERWATI KOTA BANDUNG,20245502,AKTIVASI SISWA,290,ORANG,2023
4597,32,JAWA BARAT,3273,KOTA BANDUNG,3273100,RANCASARI,32.73.23,RANCASARI,SDN 087 RANCABOLANG KOTA BANDUNG,20246414,SK SISWA,325,ORANG,2023
4598,32,JAWA BARAT,3273,KOTA BANDUNG,3273100,RANCASARI,32.73.23,RANCASARI,SDN 087 RANCABOLANG KOTA BANDUNG,20246414,AKTIVASI SISWA,314,ORANG,2023
4599,32,JAWA BARAT,3273,KOTA BANDUNG,3273100,RANCASARI,32.73.23,RANCASARI,SDN 122 CIJAWURA KOTA BANDUNG,20245169,SK SISWA,189,ORANG,2023
4600,32,JAWA BARAT,3273,KOTA BANDUNG,3273100,RANCASARI,32.73.23,RANCASARI,SDN 122 CIJAWURA KOTA BANDUNG,20245169,AKTIVASI SISWA,185,ORANG,2023
4601,32,JAWA BARAT,3273,KOTA BANDUNG,3273100,RANCASARI,32.73.23,RANCASARI,SDN 222 PASIRPOGOR KOTA BANDUNG,20246413,SK SISWA,130,ORANG,2023
4602,32,JAWA BARAT,3273,KOTA BANDUNG,3273100,RANCASARI,32.73.23,RANCASARI,SDN 222 PASIRPOGOR KOTA BANDUNG,20246413,AKTIVASI SISWA,125,ORANG,2023
4603,32,JAWA BARAT,3273,KOTA BANDUNG,3273100,RANCASARI,32.73.23,RANCASARI,SDN 263 RANCALOA KOTA BANDUNG,20245756,SK SISWA,127,ORANG,2023
4604,32,JAWA BARAT,3273,KOTA BANDUNG,3273100,RANCASARI,32.73.23,RANCASARI,SDN 263 RANCALOA KOTA BANDUNG,20245756,AKTIVASI SISWA,124,ORANG,2023
4605,32,JAWA BARAT,3273,KOTA BANDUNG,3273100,RANCASARI,32.73.23,RANCASARI,SLB ARRAHMAN,20219866,SK SISWA,3,ORANG,2023
4606,32,JAWA BARAT,3273,KOTA BANDUNG,3273100,RANCASARI,32.73.23,RANCASARI,SLB ARRAHMAN,20219866,AKTIVASI SISWA,0,ORANG,2023
4607,32,JAWA BARAT,3273,KOTA BANDUNG,3273100,RANCASARI,32.73.23,RANCASARI,SLB BC BINA KASIH,20219877,SK SISWA,3,ORANG,2023
4608,32,JAWA BARAT,3273,KOTA BANDUNG,3273100,RANCASARI,32.73.23,RANCASARI,SLB BC BINA KASIH,20219877,AKTIVASI SISWA,3,ORANG,2023
4609,32,JAWA BARAT,3273,KOTA BANDUNG,3273100,RANCASARI,32.73.23,RANCASARI,SLB BC NIKE ARDILA YPWN,20219876,SK SISWA,2,ORANG,2023
4610,32,JAWA BARAT,3273,KOTA BANDUNG,3273100,RANCASARI,32.73.23,RANCASARI,SLB BC NIKE ARDILA YPWN,20219876,AKTIVASI SISWA,0,ORANG,2023
4611,32,JAWA BARAT,3273,KOTA BANDUNG,3273100,RANCASARI,32.73.23,RANCASARI,SLB JATIS HURIP,20219744,SK SISWA,2,ORANG,2023
4612,32,JAWA BARAT,3273,KOTA BANDUNG,3273100,RANCASARI,32.73.23,RANCASARI,SLB JATIS HURIP,20219744,AKTIVASI SISWA,2,ORANG,2023
4613,32,JAWA BARAT,3273,KOTA BANDUNG,3273100,RANCASARI,32.73.23,RANCASARI,SLB YPDP,20271533,SK SISWA,4,ORANG,2023
4614,32,JAWA BARAT,3273,KOTA BANDUNG,3273100,RANCASARI,32.73.23,RANCASARI,SLB YPDP,20271533,AKTIVASI SISWA,4,ORANG,2023
4615,32,JAWA BARAT,3273,KOTA BANDUNG,3273111,PANYILEUKAN,32.73.28,PANYILEUKAN,SD INTELIGENSIA,70007902,SK SISWA,2,ORANG,2023
4616,32,JAWA BARAT,3273,KOTA BANDUNG,3273111,PANYILEUKAN,32.73.28,PANYILEUKAN,SD INTELIGENSIA,70007902,AKTIVASI SISWA,2,ORANG,2023
4617,32,JAWA BARAT,3273,KOTA BANDUNG,3273111,PANYILEUKAN,32.73.28,PANYILEUKAN,SD JUARA,69734138,SK SISWA,11,ORANG,2023
4618,32,JAWA BARAT,3273,KOTA BANDUNG,3273111,PANYILEUKAN,32.73.28,PANYILEUKAN,SD JUARA,69734138,AKTIVASI SISWA,9,ORANG,2023
4619,32,JAWA BARAT,3273,KOTA BANDUNG,3273111,PANYILEUKAN,32.73.28,PANYILEUKAN,SD MUHAMMADIYAH 8,20219835,SK SISWA,86,ORANG,2023
4620,32,JAWA BARAT,3273,KOTA BANDUNG,3273111,PANYILEUKAN,32.73.28,PANYILEUKAN,SD MUHAMMADIYAH 8,20219835,AKTIVASI SISWA,74,ORANG,2023
4621,32,JAWA BARAT,3273,KOTA BANDUNG,3273111,PANYILEUKAN,32.73.28,PANYILEUKAN,SDN 105 SUKARELA KOTA BANDUNG,20245790,SK SISWA,125,ORANG,2023
4622,32,JAWA BARAT,3273,KOTA BANDUNG,3273111,PANYILEUKAN,32.73.28,PANYILEUKAN,SDN 105 SUKARELA KOTA BANDUNG,20245790,AKTIVASI SISWA,125,ORANG,2023
4623,32,JAWA BARAT,3273,KOTA BANDUNG,3273111,PANYILEUKAN,32.73.28,PANYILEUKAN,SDN 258 SUKARELA KOTA BANDUNG,20245792,SK SISWA,172,ORANG,2023
4624,32,JAWA BARAT,3273,KOTA BANDUNG,3273111,PANYILEUKAN,32.73.28,PANYILEUKAN,SDN 258 SUKARELA KOTA BANDUNG,20245792,AKTIVASI SISWA,172,ORANG,2023
4625,32,JAWA BARAT,3273,KOTA BANDUNG,3273111,PANYILEUKAN,32.73.28,PANYILEUKAN,SDN 262 PANYILEUKAN KOTA BANDUNG,20245724,SK SISWA,43,ORANG,2023
4626,32,JAWA BARAT,3273,KOTA BANDUNG,3273111,PANYILEUKAN,32.73.28,PANYILEUKAN,SDN 262 PANYILEUKAN KOTA BANDUNG,20245724,AKTIVASI SISWA,41,ORANG,2023
4627,32,JAWA BARAT,3273,KOTA BANDUNG,3273111,PANYILEUKAN,32.73.28,PANYILEUKAN,SDN 268 PANYILEUKAN KOTA BANDUNG,20245726,SK SISWA,19,ORANG,2023
4628,32,JAWA BARAT,3273,KOTA BANDUNG,3273111,PANYILEUKAN,32.73.28,PANYILEUKAN,SDN 268 PANYILEUKAN KOTA BANDUNG,20245726,AKTIVASI SISWA,15,ORANG,2023
4629,32,JAWA BARAT,3273,KOTA BANDUNG,3273111,PANYILEUKAN,32.73.28,PANYILEUKAN,SDN 271 PANGHEGAR KOTA BANDUNG,20245723,SK SISWA,27,ORANG,2023
4630,32,JAWA BARAT,3273,KOTA BANDUNG,3273111,PANYILEUKAN,32.73.28,PANYILEUKAN,SDN 271 PANGHEGAR KOTA BANDUNG,20245723,AKTIVASI SISWA,24,ORANG,2023
4631,32,JAWA BARAT,3273,KOTA BANDUNG,3273111,PANYILEUKAN,32.73.28,PANYILEUKAN,SLB ABC BINA MANDIRI,20219868,SK SISWA,8,ORANG,2023
4632,32,JAWA BARAT,3273,KOTA BANDUNG,3273111,PANYILEUKAN,32.73.28,PANYILEUKAN,SLB ABC BINA MANDIRI,20219868,AKTIVASI SISWA,7,ORANG,2023
4633,32,JAWA BARAT,3273,KOTA BANDUNG,3273142,MANDALAJATI,32.73.30,MANDALAJATI,PKBM AL IKHLASH,P9996131,SK SISWA,6,ORANG,2023
4634,32,JAWA BARAT,3273,KOTA BANDUNG,3273142,MANDALAJATI,32.73.30,MANDALAJATI,PKBM AL IKHLASH,P9996131,AKTIVASI SISWA,0,ORANG,2023
4635,32,JAWA BARAT,3273,KOTA BANDUNG,3273142,MANDALAJATI,32.73.30,MANDALAJATI,SD TUNAS UNGGUL,20219896,SK SISWA,8,ORANG,2023
4636,32,JAWA BARAT,3273,KOTA BANDUNG,3273142,MANDALAJATI,32.73.30,MANDALAJATI,SD TUNAS UNGGUL,20219896,AKTIVASI SISWA,5,ORANG,2023
4637,32,JAWA BARAT,3273,KOTA BANDUNG,3273142,MANDALAJATI,32.73.30,MANDALAJATI,SDN 009 CIKADUT KOTA BANDUNG,20245520,SK SISWA,217,ORANG,2023
4638,32,JAWA BARAT,3273,KOTA BANDUNG,3273142,MANDALAJATI,32.73.30,MANDALAJATI,SDN 009 CIKADUT KOTA BANDUNG,20245520,AKTIVASI SISWA,213,ORANG,2023
4639,32,JAWA BARAT,3273,KOTA BANDUNG,3273142,MANDALAJATI,32.73.30,MANDALAJATI,SDN 046 SINDANGLAYA KOTA BANDUNG,20245768,SK SISWA,144,ORANG,2023
4640,32,JAWA BARAT,3273,KOTA BANDUNG,3273142,MANDALAJATI,32.73.30,MANDALAJATI,SDN 046 SINDANGLAYA KOTA BANDUNG,20245768,AKTIVASI SISWA,141,ORANG,2023
4641,32,JAWA BARAT,3273,KOTA BANDUNG,3273142,MANDALAJATI,32.73.30,MANDALAJATI,SDN 055 JATIHANDAP KOTA BANDUNG,20245598,SK SISWA,136,ORANG,2023
4642,32,JAWA BARAT,3273,KOTA BANDUNG,3273142,MANDALAJATI,32.73.30,MANDALAJATI,SDN 055 JATIHANDAP KOTA BANDUNG,20245598,AKTIVASI SISWA,124,ORANG,2023
4643,32,JAWA BARAT,3273,KOTA BANDUNG,3273142,MANDALAJATI,32.73.30,MANDALAJATI,SDN 068 SINDANGLAYA KOTA BANDUNG,20245769,SK SISWA,159,ORANG,2023
4644,32,JAWA BARAT,3273,KOTA BANDUNG,3273142,MANDALAJATI,32.73.30,MANDALAJATI,SDN 068 SINDANGLAYA KOTA BANDUNG,20245769,AKTIVASI SISWA,159,ORANG,2023
4645,32,JAWA BARAT,3273,KOTA BANDUNG,3273142,MANDALAJATI,32.73.30,MANDALAJATI,SDN 084 CIKADUT KOTA BANDUNG,20245521,SK SISWA,122,ORANG,2023
4646,32,JAWA BARAT,3273,KOTA BANDUNG,3273142,MANDALAJATI,32.73.30,MANDALAJATI,SDN 084 CIKADUT KOTA BANDUNG,20245521,AKTIVASI SISWA,115,ORANG,2023
4647,32,JAWA BARAT,3273,KOTA BANDUNG,3273142,MANDALAJATI,32.73.30,MANDALAJATI,SDN 165 JATIHANDAP KOTA BANDUNG,20245596,SK SISWA,69,ORANG,2023
4648,32,JAWA BARAT,3273,KOTA BANDUNG,3273142,MANDALAJATI,32.73.30,MANDALAJATI,SDN 165 JATIHANDAP KOTA BANDUNG,20245596,AKTIVASI SISWA,69,ORANG,2023
4649,32,JAWA BARAT,3273,KOTA BANDUNG,3273142,MANDALAJATI,32.73.30,MANDALAJATI,SDN 174 PASIR IMPUN KOTA BANDUNG,20245733,SK SISWA,69,ORANG,2023
4650,32,JAWA BARAT,3273,KOTA BANDUNG,3273142,MANDALAJATI,32.73.30,MANDALAJATI,SDN 174 PASIR IMPUN KOTA BANDUNG,20245733,AKTIVASI SISWA,66,ORANG,2023
4651,32,JAWA BARAT,3273,KOTA BANDUNG,3273142,MANDALAJATI,32.73.30,MANDALAJATI,SDN 175 TANJAKAN KOTA BANDUNG,20245816,SK SISWA,115,ORANG,2023
4652,32,JAWA BARAT,3273,KOTA BANDUNG,3273142,MANDALAJATI,32.73.30,MANDALAJATI,SDN 175 TANJAKAN KOTA BANDUNG,20245816,AKTIVASI SISWA,113,ORANG,2023
4653,32,JAWA BARAT,3273,KOTA BANDUNG,3273142,MANDALAJATI,32.73.30,MANDALAJATI,SDN 231 SUKAASIH KOTA BANDUNG,20245794,SK SISWA,27,ORANG,2023
4654,32,JAWA BARAT,3273,KOTA BANDUNG,3273142,MANDALAJATI,32.73.30,MANDALAJATI,SDN 231 SUKAASIH KOTA BANDUNG,20245794,AKTIVASI SISWA,26,ORANG,2023
4655,32,JAWA BARAT,3273,KOTA BANDUNG,3273142,MANDALAJATI,32.73.30,MANDALAJATI,SDN 243 CICABE KOTA BANDUNG,20245510,SK SISWA,182,ORANG,2023
4656,32,JAWA BARAT,3273,KOTA BANDUNG,3273142,MANDALAJATI,32.73.30,MANDALAJATI,SDN 243 CICABE KOTA BANDUNG,20245510,AKTIVASI SISWA,176,ORANG,2023
4657,32,JAWA BARAT,3273,KOTA BANDUNG,3273070,LENGKONG,32.73.13,LENGKONG,PKBM HOME SCHOOLING PEWARIS BANGSA,P2962412,SK SISWA,2,ORANG,2023
4658,32,JAWA BARAT,3273,KOTA BANDUNG,3273070,LENGKONG,32.73.13,LENGKONG,PKBM HOME SCHOOLING PEWARIS BANGSA,P2962412,AKTIVASI SISWA,0,ORANG,2023
4659,32,JAWA BARAT,3273,KOTA BANDUNG,3273070,LENGKONG,32.73.13,LENGKONG,PKBM MINDA UTAMA,P2961035,SK SISWA,1,ORANG,2023
4660,32,JAWA BARAT,3273,KOTA BANDUNG,3273070,LENGKONG,32.73.13,LENGKONG,PKBM MINDA UTAMA,P2961035,AKTIVASI SISWA,0,ORANG,2023
4661,32,JAWA BARAT,3273,KOTA BANDUNG,3273070,LENGKONG,32.73.13,LENGKONG,SD AL AZHAR 36,69752555,SK SISWA,2,ORANG,2023
4662,32,JAWA BARAT,3273,KOTA BANDUNG,3273070,LENGKONG,32.73.13,LENGKONG,SD AL AZHAR 36,69752555,AKTIVASI SISWA,0,ORANG,2023
4663,32,JAWA BARAT,3273,KOTA BANDUNG,3273070,LENGKONG,32.73.13,LENGKONG,SD BUDI ISTRI,20219617,SK SISWA,6,ORANG,2023
4664,32,JAWA BARAT,3273,KOTA BANDUNG,3273070,LENGKONG,32.73.13,LENGKONG,SD BUDI ISTRI,20219617,AKTIVASI SISWA,3,ORANG,2023
4665,32,JAWA BARAT,3273,KOTA BANDUNG,3273070,LENGKONG,32.73.13,LENGKONG,SD CIPAERA,20219599,SK SISWA,97,ORANG,2023
4666,32,JAWA BARAT,3273,KOTA BANDUNG,3273070,LENGKONG,32.73.13,LENGKONG,SD CIPAERA,20219599,AKTIVASI SISWA,95,ORANG,2023
4667,32,JAWA BARAT,3273,KOTA BANDUNG,3273070,LENGKONG,32.73.13,LENGKONG,SD IRK,20219594,SK SISWA,48,ORANG,2023
4668,32,JAWA BARAT,3273,KOTA BANDUNG,3273070,LENGKONG,32.73.13,LENGKONG,SD IRK,20219594,AKTIVASI SISWA,39,ORANG,2023
4669,32,JAWA BARAT,3273,KOTA BANDUNG,3273070,LENGKONG,32.73.13,LENGKONG,SD KARTIKA X-1,20219574,SK SISWA,3,ORANG,2023
4670,32,JAWA BARAT,3273,KOTA BANDUNG,3273070,LENGKONG,32.73.13,LENGKONG,SD KARTIKA X-1,20219574,AKTIVASI SISWA,3,ORANG,2023
4671,32,JAWA BARAT,3273,KOTA BANDUNG,3273070,LENGKONG,32.73.13,LENGKONG,SD KEMALA BHAYANGKARI 1,20219581,SK SISWA,34,ORANG,2023
4672,32,JAWA BARAT,3273,KOTA BANDUNG,3273070,LENGKONG,32.73.13,LENGKONG,SD KEMALA BHAYANGKARI 1,20219581,AKTIVASI SISWA,28,ORANG,2023
4673,32,JAWA BARAT,3273,KOTA BANDUNG,3273070,LENGKONG,32.73.13,LENGKONG,SD MUHAMMADIYAH 1,20219854,SK SISWA,33,ORANG,2023
4674,32,JAWA BARAT,3273,KOTA BANDUNG,3273070,LENGKONG,32.73.13,LENGKONG,SD MUHAMMADIYAH 1,20219854,AKTIVASI SISWA,31,ORANG,2023
4675,32,JAWA BARAT,3273,KOTA BANDUNG,3273070,LENGKONG,32.73.13,LENGKONG,SD YAYASAN BERIBU,20247256,SK SISWA,13,ORANG,2023
4676,32,JAWA BARAT,3273,KOTA BANDUNG,3273070,LENGKONG,32.73.13,LENGKONG,SD YAYASAN BERIBU,20247256,AKTIVASI SISWA,13,ORANG,2023
4677,32,JAWA BARAT,3273,KOTA BANDUNG,3273070,LENGKONG,32.73.13,LENGKONG,SDN 066 HALIMUN KOTA BANDUNG,20245031,SK SISWA,98,ORANG,2023
4678,32,JAWA BARAT,3273,KOTA BANDUNG,3273070,LENGKONG,32.73.13,LENGKONG,SDN 066 HALIMUN KOTA BANDUNG,20245031,AKTIVASI SISWA,98,ORANG,2023
4679,32,JAWA BARAT,3273,KOTA BANDUNG,3273070,LENGKONG,32.73.13,LENGKONG,SDN 067 NILEM KOTA BANDUNG,20245050,SK SISWA,60,ORANG,2023
4680,32,JAWA BARAT,3273,KOTA BANDUNG,3273070,LENGKONG,32.73.13,LENGKONG,SDN 067 NILEM KOTA BANDUNG,20245050,AKTIVASI SISWA,59,ORANG,2023
4681,32,JAWA BARAT,3273,KOTA BANDUNG,3273070,LENGKONG,32.73.13,LENGKONG,SDN 115 TURANGGA KOTA BANDUNG,20245097,SK SISWA,13,ORANG,2023
4682,32,JAWA BARAT,3273,KOTA BANDUNG,3273070,LENGKONG,32.73.13,LENGKONG,SDN 115 TURANGGA KOTA BANDUNG,20245097,AKTIVASI SISWA,13,ORANG,2023
4683,32,JAWA BARAT,3273,KOTA BANDUNG,3273070,LENGKONG,32.73.13,LENGKONG,SDN 119 CIJAGRA KOTA BANDUNG,20245023,SK SISWA,45,ORANG,2023
4684,32,JAWA BARAT,3273,KOTA BANDUNG,3273070,LENGKONG,32.73.13,LENGKONG,SDN 119 CIJAGRA KOTA BANDUNG,20245023,AKTIVASI SISWA,43,ORANG,2023
4685,32,JAWA BARAT,3273,KOTA BANDUNG,3273070,LENGKONG,32.73.13,LENGKONG,SDN 135 TURANGGA KOTA BANDUNG,20245098,SK SISWA,26,ORANG,2023
4686,32,JAWA BARAT,3273,KOTA BANDUNG,3273070,LENGKONG,32.73.13,LENGKONG,SDN 135 TURANGGA KOTA BANDUNG,20245098,AKTIVASI SISWA,26,ORANG,2023
4687,32,JAWA BARAT,3273,KOTA BANDUNG,3273070,LENGKONG,32.73.13,LENGKONG,SDN 163 BUAHBATU BARU KOTA BANDUNG,20245022,SK SISWA,52,ORANG,2023
4688,32,JAWA BARAT,3273,KOTA BANDUNG,3273070,LENGKONG,32.73.13,LENGKONG,SDN 163 BUAHBATU BARU KOTA BANDUNG,20245022,AKTIVASI SISWA,33,ORANG,2023
4689,32,JAWA BARAT,3273,KOTA BANDUNG,3273070,LENGKONG,32.73.13,LENGKONG,SDN 164 KARANGPAWULANG KOTA BANDUNG,20245036,SK SISWA,41,ORANG,2023
4690,32,JAWA BARAT,3273,KOTA BANDUNG,3273070,LENGKONG,32.73.13,LENGKONG,SDN 164 KARANGPAWULANG KOTA BANDUNG,20245036,AKTIVASI SISWA,38,ORANG,2023
4691,32,JAWA BARAT,3273,KOTA BANDUNG,3273070,LENGKONG,32.73.13,LENGKONG,SDN 202 SURYALAYA KOTA BANDUNG,20245094,SK SISWA,76,ORANG,2023
4692,32,JAWA BARAT,3273,KOTA BANDUNG,3273070,LENGKONG,32.73.13,LENGKONG,SDN 202 SURYALAYA KOTA BANDUNG,20245094,AKTIVASI SISWA,75,ORANG,2023
4693,32,JAWA BARAT,3273,KOTA BANDUNG,3273070,LENGKONG,32.73.13,LENGKONG,SDN 206 PUTRACO INDAH KOTA BANDUNG,20245077,SK SISWA,40,ORANG,2023
4694,32,JAWA BARAT,3273,KOTA BANDUNG,3273070,LENGKONG,32.73.13,LENGKONG,SDN 206 PUTRACO INDAH KOTA BANDUNG,20245077,AKTIVASI SISWA,24,ORANG,2023
4695,32,JAWA BARAT,3273,KOTA BANDUNG,3273070,LENGKONG,32.73.13,LENGKONG,SDN 235 LENGKONG KECIL KOTA BANDUNG,20245045,SK SISWA,88,ORANG,2023
4696,32,JAWA BARAT,3273,KOTA BANDUNG,3273070,LENGKONG,32.73.13,LENGKONG,SDN 235 LENGKONG KECIL KOTA BANDUNG,20245045,AKTIVASI SISWA,88,ORANG,2023
4697,32,JAWA BARAT,3273,KOTA BANDUNG,3273070,LENGKONG,32.73.13,LENGKONG,SDN 257 PELITA KOTA BANDUNG,20245257,SK SISWA,106,ORANG,2023
4698,32,JAWA BARAT,3273,KOTA BANDUNG,3273070,LENGKONG,32.73.13,LENGKONG,SDN 257 PELITA KOTA BANDUNG,20245257,AKTIVASI SISWA,104,ORANG,2023
4699,32,JAWA BARAT,3273,KOTA BANDUNG,3273070,LENGKONG,32.73.13,LENGKONG,SLB BC YPLAB WARTAWAN,20219875,SK SISWA,6,ORANG,2023
4700,32,JAWA BARAT,3273,KOTA BANDUNG,3273070,LENGKONG,32.73.13,LENGKONG,SLB BC YPLAB WARTAWAN,20219875,AKTIVASI SISWA,3,ORANG,2023
4701,32,JAWA BARAT,3273,KOTA BANDUNG,3273150,KIARACONDONG,32.73.16,KIARACONDONG,PKBM KARYA REMAJA,P9934597,SK SISWA,1,ORANG,2023
4702,32,JAWA BARAT,3273,KOTA BANDUNG,3273150,KIARACONDONG,32.73.16,KIARACONDONG,PKBM KARYA REMAJA,P9934597,AKTIVASI SISWA,0,ORANG,2023
4703,32,JAWA BARAT,3273,KOTA BANDUNG,3273150,KIARACONDONG,32.73.16,KIARACONDONG,SD HAS DARUL ILMI,69947365,SK SISWA,1,ORANG,2023
4704,32,JAWA BARAT,3273,KOTA BANDUNG,3273150,KIARACONDONG,32.73.16,KIARACONDONG,SD HAS DARUL ILMI,69947365,AKTIVASI SISWA,1,ORANG,2023
4705,32,JAWA BARAT,3273,KOTA BANDUNG,3273150,KIARACONDONG,32.73.16,KIARACONDONG,SD IGNATIUS SLAMET RIYADI 2,20219608,SK SISWA,6,ORANG,2023
4706,32,JAWA BARAT,3273,KOTA BANDUNG,3273150,KIARACONDONG,32.73.16,KIARACONDONG,SD IGNATIUS SLAMET RIYADI 2,20219608,AKTIVASI SISWA,6,ORANG,2023
4707,32,JAWA BARAT,3273,KOTA BANDUNG,3273150,KIARACONDONG,32.73.16,KIARACONDONG,SD MUHAMMADIYAH 2,20219853,SK SISWA,52,ORANG,2023
4708,32,JAWA BARAT,3273,KOTA BANDUNG,3273150,KIARACONDONG,32.73.16,KIARACONDONG,SD MUHAMMADIYAH 2,20219853,AKTIVASI SISWA,45,ORANG,2023
4709,32,JAWA BARAT,3273,KOTA BANDUNG,3273150,KIARACONDONG,32.73.16,KIARACONDONG,SDN 017 SEKEJATI KOTA BANDUNG,20245760,SK SISWA,103,ORANG,2023
4710,32,JAWA BARAT,3273,KOTA BANDUNG,3273150,KIARACONDONG,32.73.16,KIARACONDONG,SDN 017 SEKEJATI KOTA BANDUNG,20245760,AKTIVASI SISWA,101,ORANG,2023
4711,32,JAWA BARAT,3273,KOTA BANDUNG,3273150,KIARACONDONG,32.73.16,KIARACONDONG,SDN 038 KIARACONDONG KOTA BANDUNG,20245701,SK SISWA,97,ORANG,2023
4712,32,JAWA BARAT,3273,KOTA BANDUNG,3273150,KIARACONDONG,32.73.16,KIARACONDONG,SDN 038 KIARACONDONG KOTA BANDUNG,20245701,AKTIVASI SISWA,97,ORANG,2023
4713,32,JAWA BARAT,3273,KOTA BANDUNG,3273150,KIARACONDONG,32.73.16,KIARACONDONG,SDN 083 BABAKAN SURABAYA KOTA BANDUNG,20245470,SK SISWA,54,ORANG,2023
4714,32,JAWA BARAT,3273,KOTA BANDUNG,3273150,KIARACONDONG,32.73.16,KIARACONDONG,SDN 083 BABAKAN SURABAYA KOTA BANDUNG,20245470,AKTIVASI SISWA,53,ORANG,2023
4715,32,JAWA BARAT,3273,KOTA BANDUNG,3273150,KIARACONDONG,32.73.16,KIARACONDONG,SDN 111 PINDAD KOTA BANDUNG,20245751,SK SISWA,90,ORANG,2023
4716,32,JAWA BARAT,3273,KOTA BANDUNG,3273150,KIARACONDONG,32.73.16,KIARACONDONG,SDN 111 PINDAD KOTA BANDUNG,20245751,AKTIVASI SISWA,88,ORANG,2023
4717,32,JAWA BARAT,3273,KOTA BANDUNG,3273150,KIARACONDONG,32.73.16,KIARACONDONG,SDN 116 CICAHEUM KOTA BANDUNG,20245512,SK SISWA,35,ORANG,2023
4718,32,JAWA BARAT,3273,KOTA BANDUNG,3273150,KIARACONDONG,32.73.16,KIARACONDONG,SDN 116 CICAHEUM KOTA BANDUNG,20245512,AKTIVASI SISWA,34,ORANG,2023
4719,32,JAWA BARAT,3273,KOTA BANDUNG,3273150,KIARACONDONG,32.73.16,KIARACONDONG,SDN 158 BABAKAN SARI BABAKAN SURABAYA KOTA BANDUNG,20245452,SK SISWA,57,ORANG,2023
4720,32,JAWA BARAT,3273,KOTA BANDUNG,3273150,KIARACONDONG,32.73.16,KIARACONDONG,SDN 158 BABAKAN SARI BABAKAN SURABAYA KOTA BANDUNG,20245452,AKTIVASI SISWA,55,ORANG,2023
4721,32,JAWA BARAT,3273,KOTA BANDUNG,3273150,KIARACONDONG,32.73.16,KIARACONDONG,SDN 159 SEKEJATI KOTA BANDUNG,20245762,SK SISWA,58,ORANG,2023
4722,32,JAWA BARAT,3273,KOTA BANDUNG,3273150,KIARACONDONG,32.73.16,KIARACONDONG,SDN 159 SEKEJATI KOTA BANDUNG,20245762,AKTIVASI SISWA,58,ORANG,2023
4723,32,JAWA BARAT,3273,KOTA BANDUNG,3273150,KIARACONDONG,32.73.16,KIARACONDONG,SDN 160 SUKALAKSANA KOTA BANDUNG,20245797,SK SISWA,74,ORANG,2023
4724,32,JAWA BARAT,3273,KOTA BANDUNG,3273150,KIARACONDONG,32.73.16,KIARACONDONG,SDN 160 SUKALAKSANA KOTA BANDUNG,20245797,AKTIVASI SISWA,74,ORANG,2023
4725,32,JAWA BARAT,3273,KOTA BANDUNG,3273150,KIARACONDONG,32.73.16,KIARACONDONG,SDN 161 SUKAPURA KOTA BANDUNG,20245805,SK SISWA,33,ORANG,2023
4726,32,JAWA BARAT,3273,KOTA BANDUNG,3273150,KIARACONDONG,32.73.16,KIARACONDONG,SDN 161 SUKAPURA KOTA BANDUNG,20245805,AKTIVASI SISWA,32,ORANG,2023
4727,32,JAWA BARAT,3273,KOTA BANDUNG,3273150,KIARACONDONG,32.73.16,KIARACONDONG,SDN 162 WARUNGJAMBU KIARACONDONG KOTA BANDUNG,20245836,SK SISWA,51,ORANG,2023
4728,32,JAWA BARAT,3273,KOTA BANDUNG,3273150,KIARACONDONG,32.73.16,KIARACONDONG,SDN 162 WARUNGJAMBU KIARACONDONG KOTA BANDUNG,20245836,AKTIVASI SISWA,50,ORANG,2023
4729,32,JAWA BARAT,3273,KOTA BANDUNG,3273150,KIARACONDONG,32.73.16,KIARACONDONG,SDN 191 BABAKAN SURABAYA KOTA BANDUNG,20245464,SK SISWA,71,ORANG,2023
4730,32,JAWA BARAT,3273,KOTA BANDUNG,3273150,KIARACONDONG,32.73.16,KIARACONDONG,SDN 191 BABAKAN SURABAYA KOTA BANDUNG,20245464,AKTIVASI SISWA,70,ORANG,2023
4731,32,JAWA BARAT,3273,KOTA BANDUNG,3273150,KIARACONDONG,32.73.16,KIARACONDONG,SDN 210 BABAKAN SINYAR KOTA BANDUNG,20245460,SK SISWA,35,ORANG,2023
4732,32,JAWA BARAT,3273,KOTA BANDUNG,3273150,KIARACONDONG,32.73.16,KIARACONDONG,SDN 210 BABAKAN SINYAR KOTA BANDUNG,20245460,AKTIVASI SISWA,34,ORANG,2023
4733,32,JAWA BARAT,3273,KOTA BANDUNG,3273150,KIARACONDONG,32.73.16,KIARACONDONG,SDN 221 BABAKAN SENTRAL KOTA BANDUNG,20245455,SK SISWA,72,ORANG,2023
4734,32,JAWA BARAT,3273,KOTA BANDUNG,3273150,KIARACONDONG,32.73.16,KIARACONDONG,SDN 221 BABAKAN SENTRAL KOTA BANDUNG,20245455,AKTIVASI SISWA,72,ORANG,2023
4735,32,JAWA BARAT,3273,KOTA BANDUNG,3273150,KIARACONDONG,32.73.16,KIARACONDONG,SLB B KARYA BHAKTI,20219869,SK SISWA,1,ORANG,2023
4736,32,JAWA BARAT,3273,KOTA BANDUNG,3273150,KIARACONDONG,32.73.16,KIARACONDONG,SLB B KARYA BHAKTI,20219869,AKTIVASI SISWA,1,ORANG,2023
4737,32,JAWA BARAT,3273,KOTA BANDUNG,3273150,KIARACONDONG,32.73.16,KIARACONDONG,SLB C SUKAPURA,20219811,SK SISWA,5,ORANG,2023
4738,32,JAWA BARAT,3273,KOTA BANDUNG,3273150,KIARACONDONG,32.73.16,KIARACONDONG,SLB C SUKAPURA,20219811,AKTIVASI SISWA,5,ORANG,2023
4739,32,JAWA BARAT,3273,KOTA BANDUNG,3273150,KIARACONDONG,32.73.16,KIARACONDONG,SLBN SUKAPURA,20219863,SK SISWA,13,ORANG,2023
4740,32,JAWA BARAT,3273,KOTA BANDUNG,3273150,KIARACONDONG,32.73.16,KIARACONDONG,SLBN SUKAPURA,20219863,AKTIVASI SISWA,11,ORANG,2023
4741,32,JAWA BARAT,3273,KOTA BANDUNG,3273101,GEDEBAGE,32.73.27,GEDEBAGE,SD ASHFIYA,69922041,SK SISWA,2,ORANG,2023
4742,32,JAWA BARAT,3273,KOTA BANDUNG,3273101,GEDEBAGE,32.73.27,GEDEBAGE,SD ASHFIYA,69922041,AKTIVASI SISWA,2,ORANG,2023
4743,32,JAWA BARAT,3273,KOTA BANDUNG,3273101,GEDEBAGE,32.73.27,GEDEBAGE,SD ISLAM AL-MUIZZ,69989950,SK SISWA,36,ORANG,2023
4744,32,JAWA BARAT,3273,KOTA BANDUNG,3273101,GEDEBAGE,32.73.27,GEDEBAGE,SD ISLAM AL-MUIZZ,69989950,AKTIVASI SISWA,31,ORANG,2023
4745,32,JAWA BARAT,3273,KOTA BANDUNG,3273101,GEDEBAGE,32.73.27,GEDEBAGE,SDN 086 CIMINCRANG KOTA BANDUNG,20245497,SK SISWA,114,ORANG,2023
4746,32,JAWA BARAT,3273,KOTA BANDUNG,3273101,GEDEBAGE,32.73.27,GEDEBAGE,SDN 086 CIMINCRANG KOTA BANDUNG,20245497,AKTIVASI SISWA,112,ORANG,2023
4747,32,JAWA BARAT,3273,KOTA BANDUNG,3273101,GEDEBAGE,32.73.27,GEDEBAGE,SDN 190 CISARANTEN KIDUL KOTA BANDUNG,20245505,SK SISWA,216,ORANG,2023
4748,32,JAWA BARAT,3273,KOTA BANDUNG,3273101,GEDEBAGE,32.73.27,GEDEBAGE,SDN 190 CISARANTEN KIDUL KOTA BANDUNG,20245505,AKTIVASI SISWA,206,ORANG,2023
4749,32,JAWA BARAT,3273,KOTA BANDUNG,3273101,GEDEBAGE,32.73.27,GEDEBAGE,SDN 215 RANCASAGATAN KOTA BANDUNG,20245759,SK SISWA,20,ORANG,2023
4750,32,JAWA BARAT,3273,KOTA BANDUNG,3273101,GEDEBAGE,32.73.27,GEDEBAGE,SDN 215 RANCASAGATAN KOTA BANDUNG,20245759,AKTIVASI SISWA,19,ORANG,2023
4751,32,JAWA BARAT,3273,KOTA BANDUNG,3273101,GEDEBAGE,32.73.27,GEDEBAGE,SDN 216 SONDARIAH KOTA BANDUNG,20245780,SK SISWA,74,ORANG,2023
4752,32,JAWA BARAT,3273,KOTA BANDUNG,3273101,GEDEBAGE,32.73.27,GEDEBAGE,SDN 216 SONDARIAH KOTA BANDUNG,20245780,AKTIVASI SISWA,74,ORANG,2023
4753,32,JAWA BARAT,3273,KOTA BANDUNG,3273101,GEDEBAGE,32.73.27,GEDEBAGE,SDN 274 CEMPAKA ARUM KOTA BANDUNG,20245486,SK SISWA,2,ORANG,2023
4754,32,JAWA BARAT,3273,KOTA BANDUNG,3273101,GEDEBAGE,32.73.27,GEDEBAGE,SDN 274 CEMPAKA ARUM KOTA BANDUNG,20245486,AKTIVASI SISWA,2,ORANG,2023
4755,32,JAWA BARAT,3273,KOTA BANDUNG,3273230,COBLONG,32.73.02,COBLONG,PKBM TERAS ILMU,P9997173,SK SISWA,1,ORANG,2023
4756,32,JAWA BARAT,3273,KOTA BANDUNG,3273230,COBLONG,32.73.02,COBLONG,PKBM TERAS ILMU,P9997173,AKTIVASI SISWA,0,ORANG,2023
4757,32,JAWA BARAT,3273,KOTA BANDUNG,3273230,COBLONG,32.73.02,COBLONG,SD ADVENT II BANDUNG,20258082,SK SISWA,2,ORANG,2023
4758,32,JAWA BARAT,3273,KOTA BANDUNG,3273230,COBLONG,32.73.02,COBLONG,SD ADVENT II BANDUNG,20258082,AKTIVASI SISWA,2,ORANG,2023
4759,32,JAWA BARAT,3273,KOTA BANDUNG,3273230,COBLONG,32.73.02,COBLONG,SD AL FALAH,20219526,SK SISWA,25,ORANG,2023
4760,32,JAWA BARAT,3273,KOTA BANDUNG,3273230,COBLONG,32.73.02,COBLONG,SD AL FALAH,20219526,AKTIVASI SISWA,25,ORANG,2023
4761,32,JAWA BARAT,3273,KOTA BANDUNG,3273230,COBLONG,32.73.02,COBLONG,SD AL-AMIN,20219529,SK SISWA,80,ORANG,2023
4762,32,JAWA BARAT,3273,KOTA BANDUNG,3273230,COBLONG,32.73.02,COBLONG,SD AL-AMIN,20219529,AKTIVASI SISWA,80,ORANG,2023
4763,32,JAWA BARAT,3273,KOTA BANDUNG,3273230,COBLONG,32.73.02,COBLONG,SD ALAM BANDUNG,20269424,SK SISWA,13,ORANG,2023
4764,32,JAWA BARAT,3273,KOTA BANDUNG,3273230,COBLONG,32.73.02,COBLONG,SD ALAM BANDUNG,20269424,AKTIVASI SISWA,12,ORANG,2023
4765,32,JAWA BARAT,3273,KOTA BANDUNG,3273230,COBLONG,32.73.02,COBLONG,SD AR-RAHMAN DARUL ILMI,69934958,SK SISWA,13,ORANG,2023
4766,32,JAWA BARAT,3273,KOTA BANDUNG,3273230,COBLONG,32.73.02,COBLONG,SD AR-RAHMAN DARUL ILMI,69934958,AKTIVASI SISWA,11,ORANG,2023
4767,32,JAWA BARAT,3273,KOTA BANDUNG,3273230,COBLONG,32.73.02,COBLONG,SD DARUL HIKAM,20219597,SK SISWA,6,ORANG,2023
4768,32,JAWA BARAT,3273,KOTA BANDUNG,3273230,COBLONG,32.73.02,COBLONG,SD DARUL HIKAM,20219597,AKTIVASI SISWA,6,ORANG,2023
4769,32,JAWA BARAT,3273,KOTA BANDUNG,3273230,COBLONG,32.73.02,COBLONG,SDN 007 CIPAGANTI KOTA BANDUNG,20245525,SK SISWA,54,ORANG,2023
4770,32,JAWA BARAT,3273,KOTA BANDUNG,3273230,COBLONG,32.73.02,COBLONG,SDN 007 CIPAGANTI KOTA BANDUNG,20245525,AKTIVASI SISWA,51,ORANG,2023
4771,32,JAWA BARAT,3273,KOTA BANDUNG,3273230,COBLONG,32.73.02,COBLONG,SDN 024 COBLONG KOTA BANDUNG,20245546,SK SISWA,168,ORANG,2023
4772,32,JAWA BARAT,3273,KOTA BANDUNG,3273230,COBLONG,32.73.02,COBLONG,SDN 024 COBLONG KOTA BANDUNG,20245546,AKTIVASI SISWA,166,ORANG,2023
4773,32,JAWA BARAT,3273,KOTA BANDUNG,3273230,COBLONG,32.73.02,COBLONG,SDN 031 PELESIRAN KOTA BANDUNG,20245749,SK SISWA,102,ORANG,2023
4774,32,JAWA BARAT,3273,KOTA BANDUNG,3273230,COBLONG,32.73.02,COBLONG,SDN 031 PELESIRAN KOTA BANDUNG,20245749,AKTIVASI SISWA,96,ORANG,2023
4775,32,JAWA BARAT,3273,KOTA BANDUNG,3273230,COBLONG,32.73.02,COBLONG,SDN 032 TILIL KOTA BANDUNG,20245822,SK SISWA,141,ORANG,2023
4776,32,JAWA BARAT,3273,KOTA BANDUNG,3273230,COBLONG,32.73.02,COBLONG,SDN 032 TILIL KOTA BANDUNG,20245822,AKTIVASI SISWA,132,ORANG,2023
4777,32,JAWA BARAT,3273,KOTA BANDUNG,3273230,COBLONG,32.73.02,COBLONG,SDN 053 CISITU KOTA BANDUNG,20245537,SK SISWA,152,ORANG,2023
4778,32,JAWA BARAT,3273,KOTA BANDUNG,3273230,COBLONG,32.73.02,COBLONG,SDN 053 CISITU KOTA BANDUNG,20245537,AKTIVASI SISWA,151,ORANG,2023
4779,32,JAWA BARAT,3273,KOTA BANDUNG,3273230,COBLONG,32.73.02,COBLONG,SDN 054 TIKUKUR KOTA BANDUNG,20245817,SK SISWA,142,ORANG,2023
4780,32,JAWA BARAT,3273,KOTA BANDUNG,3273230,COBLONG,32.73.02,COBLONG,SDN 054 TIKUKUR KOTA BANDUNG,20245817,AKTIVASI SISWA,132,ORANG,2023
4781,32,JAWA BARAT,3273,KOTA BANDUNG,3273230,COBLONG,32.73.02,COBLONG,SDN 065 CIHAMPELAS KOTA BANDUNG,20245514,SK SISWA,131,ORANG,2023
4782,32,JAWA BARAT,3273,KOTA BANDUNG,3273230,COBLONG,32.73.02,COBLONG,SDN 065 CIHAMPELAS KOTA BANDUNG,20245514,AKTIVASI SISWA,126,ORANG,2023
4783,32,JAWA BARAT,3273,KOTA BANDUNG,3273230,COBLONG,32.73.02,COBLONG,SDN 103 COBLONG KOTA BANDUNG,20245549,SK SISWA,77,ORANG,2023
4784,32,JAWA BARAT,3273,KOTA BANDUNG,3273230,COBLONG,32.73.02,COBLONG,SDN 103 COBLONG KOTA BANDUNG,20245549,AKTIVASI SISWA,75,ORANG,2023
4785,32,JAWA BARAT,3273,KOTA BANDUNG,3273230,COBLONG,32.73.02,COBLONG,SDN 104 LANGENSARI SENANGGALIH KOTA BANDUNG,20245710,SK SISWA,76,ORANG,2023
4786,32,JAWA BARAT,3273,KOTA BANDUNG,3273230,COBLONG,32.73.02,COBLONG,SDN 104 LANGENSARI SENANGGALIH KOTA BANDUNG,20245710,AKTIVASI SISWA,74,ORANG,2023
4787,32,JAWA BARAT,3273,KOTA BANDUNG,3273230,COBLONG,32.73.02,COBLONG,SDN 127 SEKELOA KOTA BANDUNG,20245765,SK SISWA,78,ORANG,2023
4788,32,JAWA BARAT,3273,KOTA BANDUNG,3273230,COBLONG,32.73.02,COBLONG,SDN 127 SEKELOA KOTA BANDUNG,20245765,AKTIVASI SISWA,77,ORANG,2023
4789,32,JAWA BARAT,3273,KOTA BANDUNG,3273230,COBLONG,32.73.02,COBLONG,SDN 128 HAURPANCUH KOTA BANDUNG,20245587,SK SISWA,91,ORANG,2023
4790,32,JAWA BARAT,3273,KOTA BANDUNG,3273230,COBLONG,32.73.02,COBLONG,SDN 128 HAURPANCUH KOTA BANDUNG,20245587,AKTIVASI SISWA,89,ORANG,2023
4791,32,JAWA BARAT,3273,KOTA BANDUNG,3273230,COBLONG,32.73.02,COBLONG,SDN 173 NEGLASARI KOTA BANDUNG,20245717,SK SISWA,75,ORANG,2023
4792,32,JAWA BARAT,3273,KOTA BANDUNG,3273230,COBLONG,32.73.02,COBLONG,SDN 173 NEGLASARI KOTA BANDUNG,20245717,AKTIVASI SISWA,74,ORANG,2023
4793,32,JAWA BARAT,3273,KOTA BANDUNG,3273230,COBLONG,32.73.02,COBLONG,SDN 189 NEGLASARI KOTA BANDUNG,20245718,SK SISWA,69,ORANG,2023
4794,32,JAWA BARAT,3273,KOTA BANDUNG,3273230,COBLONG,32.73.02,COBLONG,SDN 189 NEGLASARI KOTA BANDUNG,20245718,AKTIVASI SISWA,67,ORANG,2023
4795,32,JAWA BARAT,3273,KOTA BANDUNG,3273230,COBLONG,32.73.02,COBLONG,SDN 205 NEGLASARI KOTA BANDUNG,20245720,SK SISWA,46,ORANG,2023
4796,32,JAWA BARAT,3273,KOTA BANDUNG,3273230,COBLONG,32.73.02,COBLONG,SDN 205 NEGLASARI KOTA BANDUNG,20245720,AKTIVASI SISWA,44,ORANG,2023
4797,32,JAWA BARAT,3273,KOTA BANDUNG,3273230,COBLONG,32.73.02,COBLONG,SLB C ASIH MANUNGGAL,20219859,SK SISWA,2,ORANG,2023
4798,32,JAWA BARAT,3273,KOTA BANDUNG,3273230,COBLONG,32.73.02,COBLONG,SLB C ASIH MANUNGGAL,20219859,AKTIVASI SISWA,2,ORANG,2023
4799,32,JAWA BARAT,3273,KOTA BANDUNG,3273230,COBLONG,32.73.02,COBLONG,SLB C YAYASAN TERATE,20219747,SK SISWA,2,ORANG,2023
4800,32,JAWA BARAT,3273,KOTA BANDUNG,3273230,COBLONG,32.73.02,COBLONG,SLB C YAYASAN TERATE,20219747,AKTIVASI SISWA,2,ORANG,2023
4801,32,JAWA BARAT,3273,KOTA BANDUNG,3273230,COBLONG,32.73.02,COBLONG,SPLB C YPLB,20219746,SK SISWA,10,ORANG,2023
4802,32,JAWA BARAT,3273,KOTA BANDUNG,3273230,COBLONG,32.73.02,COBLONG,SPLB C YPLB,20219746,AKTIVASI SISWA,9,ORANG,2023
4803,32,JAWA BARAT,3273,KOTA BANDUNG,3273141,ANTAPANI,32.73.20,ANTAPANI,PKBM BAITUL MUTTAQIN,P9984495,SK SISWA,1,ORANG,2023
4804,32,JAWA BARAT,3273,KOTA BANDUNG,3273141,ANTAPANI,32.73.20,ANTAPANI,PKBM BAITUL MUTTAQIN,P9984495,AKTIVASI SISWA,1,ORANG,2023
4805,32,JAWA BARAT,3273,KOTA BANDUNG,3273141,ANTAPANI,32.73.20,ANTAPANI,PKBM SAHABAT BAITUL MUTTAQIN,P9997502,SK SISWA,3,ORANG,2023
4806,32,JAWA BARAT,3273,KOTA BANDUNG,3273141,ANTAPANI,32.73.20,ANTAPANI,PKBM SAHABAT BAITUL MUTTAQIN,P9997502,AKTIVASI SISWA,0,ORANG,2023
4807,32,JAWA BARAT,3273,KOTA BANDUNG,3273141,ANTAPANI,32.73.20,ANTAPANI,SD EL FITRA,69948519,SK SISWA,10,ORANG,2023
4808,32,JAWA BARAT,3273,KOTA BANDUNG,3273141,ANTAPANI,32.73.20,ANTAPANI,SD EL FITRA,69948519,AKTIVASI SISWA,8,ORANG,2023
4809,32,JAWA BARAT,3273,KOTA BANDUNG,3273141,ANTAPANI,32.73.20,ANTAPANI,SD ISLAM MUTIARA HATI,20254714,SK SISWA,3,ORANG,2023
4810,32,JAWA BARAT,3273,KOTA BANDUNG,3273141,ANTAPANI,32.73.20,ANTAPANI,SD ISLAM MUTIARA HATI,20254714,AKTIVASI SISWA,3,ORANG,2023
4811,32,JAWA BARAT,3273,KOTA BANDUNG,3273141,ANTAPANI,32.73.20,ANTAPANI,SD MUHAMMADIYAH 7,20219836,SK SISWA,12,ORANG,2023
4812,32,JAWA BARAT,3273,KOTA BANDUNG,3273141,ANTAPANI,32.73.20,ANTAPANI,SD MUHAMMADIYAH 7,20219836,AKTIVASI SISWA,12,ORANG,2023
4813,32,JAWA BARAT,3273,KOTA BANDUNG,3273141,ANTAPANI,32.73.20,ANTAPANI,SDN 078 SINDANGSARI ANTAPANI KOTA BANDUNG,20245441,SK SISWA,89,ORANG,2023
4814,32,JAWA BARAT,3273,KOTA BANDUNG,3273141,ANTAPANI,32.73.20,ANTAPANI,SDN 078 SINDANGSARI ANTAPANI KOTA BANDUNG,20245441,AKTIVASI SISWA,89,ORANG,2023
4815,32,JAWA BARAT,3273,KOTA BANDUNG,3273141,ANTAPANI,32.73.20,ANTAPANI,SDN 209 ANTAPANI KOTA BANDUNG,20245442,SK SISWA,147,ORANG,2023
4816,32,JAWA BARAT,3273,KOTA BANDUNG,3273141,ANTAPANI,32.73.20,ANTAPANI,SDN 209 ANTAPANI KOTA BANDUNG,20245442,AKTIVASI SISWA,145,ORANG,2023
4817,32,JAWA BARAT,3273,KOTA BANDUNG,3273141,ANTAPANI,32.73.20,ANTAPANI,SDN 248 SINDANGSARI KOTA BANDUNG,20245778,SK SISWA,56,ORANG,2023
4818,32,JAWA BARAT,3273,KOTA BANDUNG,3273141,ANTAPANI,32.73.20,ANTAPANI,SDN 248 SINDANGSARI KOTA BANDUNG,20245778,AKTIVASI SISWA,53,ORANG,2023
4819,32,JAWA BARAT,3273,KOTA BANDUNG,3273141,ANTAPANI,32.73.20,ANTAPANI,SDN 254 GRIYA BUMI ANTAPANI KOTA BANDUNG,20245583,SK SISWA,67,ORANG,2023
4820,32,JAWA BARAT,3273,KOTA BANDUNG,3273141,ANTAPANI,32.73.20,ANTAPANI,SDN 254 GRIYA BUMI ANTAPANI KOTA BANDUNG,20245583,AKTIVASI SISWA,65,ORANG,2023
4821,32,JAWA BARAT,3273,KOTA BANDUNG,3273141,ANTAPANI,32.73.20,ANTAPANI,SDN 255 GRIYA BUMI ANTAPANI KOTA BANDUNG,20245575,SK SISWA,159,ORANG,2023
4822,32,JAWA BARAT,3273,KOTA BANDUNG,3273141,ANTAPANI,32.73.20,ANTAPANI,SDN 255 GRIYA BUMI ANTAPANI KOTA BANDUNG,20245575,AKTIVASI SISWA,159,ORANG,2023
4823,32,JAWA BARAT,3273,KOTA BANDUNG,3273141,ANTAPANI,32.73.20,ANTAPANI,SDN 259 GRIYA BUMI ANTAPANI KOTA BANDUNG,20245580,SK SISWA,19,ORANG,2023
4824,32,JAWA BARAT,3273,KOTA BANDUNG,3273141,ANTAPANI,32.73.20,ANTAPANI,SDN 259 GRIYA BUMI ANTAPANI KOTA BANDUNG,20245580,AKTIVASI SISWA,17,ORANG,2023
4825,32,JAWA BARAT,3273,KOTA BANDUNG,3273141,ANTAPANI,32.73.20,ANTAPANI,SDN 260 GRIYA BUMI ANTAPANI KOTA BANDUNG,20245582,SK SISWA,69,ORANG,2023
4826,32,JAWA BARAT,3273,KOTA BANDUNG,3273141,ANTAPANI,32.73.20,ANTAPANI,SDN 260 GRIYA BUMI ANTAPANI KOTA BANDUNG,20245582,AKTIVASI SISWA,68,ORANG,2023
4827,32,JAWA BARAT,3273,KOTA BANDUNG,3273141,ANTAPANI,32.73.20,ANTAPANI,SDN 264 GRIYA BUMI ANTAPANI KOTA BANDUNG,20245577,SK SISWA,14,ORANG,2023
4828,32,JAWA BARAT,3273,KOTA BANDUNG,3273141,ANTAPANI,32.73.20,ANTAPANI,SDN 264 GRIYA BUMI ANTAPANI KOTA BANDUNG,20245577,AKTIVASI SISWA,11,ORANG,2023
4829,32,JAWA BARAT,3273,KOTA BANDUNG,3273141,ANTAPANI,32.73.20,ANTAPANI,SDN 267 GRIYA BUMI ANTAPANI KOTA BANDUNG,20245573,SK SISWA,65,ORANG,2023
4830,32,JAWA BARAT,3273,KOTA BANDUNG,3273141,ANTAPANI,32.73.20,ANTAPANI,SDN 267 GRIYA BUMI ANTAPANI KOTA BANDUNG,20245573,AKTIVASI SISWA,65,ORANG,2023
4831,32,JAWA BARAT,3273,KOTA BANDUNG,3273141,ANTAPANI,32.73.20,ANTAPANI,SDN 269 GRIYA BUMI ANTAPANI KOTA BANDUNG,20245579,SK SISWA,64,ORANG,2023
4832,32,JAWA BARAT,3273,KOTA BANDUNG,3273141,ANTAPANI,32.73.20,ANTAPANI,SDN 269 GRIYA BUMI ANTAPANI KOTA BANDUNG,20245579,AKTIVASI SISWA,63,ORANG,2023
4833,32,JAWA BARAT,3273,KOTA BANDUNG,3273141,ANTAPANI,32.73.20,ANTAPANI,SLB C SUMBER SARI,20219761,SK SISWA,8,ORANG,2023
4834,32,JAWA BARAT,3273,KOTA BANDUNG,3273141,ANTAPANI,32.73.20,ANTAPANI,SLB C SUMBER SARI,20219761,AKTIVASI SISWA,0,ORANG,2023
4835,32,JAWA BARAT,3273,KOTA BANDUNG,3273180,ANDIR,32.73.05,ANDIR,PKBM AL-AMIN,P2960910,SK SISWA,1,ORANG,2023
4836,32,JAWA BARAT,3273,KOTA BANDUNG,3273180,ANDIR,32.73.05,ANDIR,PKBM AL-AMIN,P2960910,AKTIVASI SISWA,0,ORANG,2023
4837,32,JAWA BARAT,3273,KOTA BANDUNG,3273180,ANDIR,32.73.05,ANDIR,SD ADVENT CIMINDI,20219531,SK SISWA,72,ORANG,2023
4838,32,JAWA BARAT,3273,KOTA BANDUNG,3273180,ANDIR,32.73.05,ANDIR,SD ADVENT CIMINDI,20219531,AKTIVASI SISWA,68,ORANG,2023
4839,32,JAWA BARAT,3273,KOTA BANDUNG,3273180,ANDIR,32.73.05,ANDIR,SD BALA KESELAMATAN,20219585,SK SISWA,5,ORANG,2023
4840,32,JAWA BARAT,3273,KOTA BANDUNG,3273180,ANDIR,32.73.05,ANDIR,SD BALA KESELAMATAN,20219585,AKTIVASI SISWA,2,ORANG,2023
4841,32,JAWA BARAT,3273,KOTA BANDUNG,3273180,ANDIR,32.73.05,ANDIR,SD BPMD TARUNA,20219535,SK SISWA,65,ORANG,2023
4842,32,JAWA BARAT,3273,KOTA BANDUNG,3273180,ANDIR,32.73.05,ANDIR,SD BPMD TARUNA,20219535,AKTIVASI SISWA,63,ORANG,2023
4843,32,JAWA BARAT,3273,KOTA BANDUNG,3273180,ANDIR,32.73.05,ANDIR,SD DWISAKTI,20219616,SK SISWA,2,ORANG,2023
4844,32,JAWA BARAT,3273,KOTA BANDUNG,3273180,ANDIR,32.73.05,ANDIR,SD DWISAKTI,20219616,AKTIVASI SISWA,1,ORANG,2023
4845,32,JAWA BARAT,3273,KOTA BANDUNG,3273180,ANDIR,32.73.05,ANDIR,SD LPPN,20219837,SK SISWA,37,ORANG,2023
4846,32,JAWA BARAT,3273,KOTA BANDUNG,3273180,ANDIR,32.73.05,ANDIR,SD LPPN,20219837,AKTIVASI SISWA,28,ORANG,2023
4847,32,JAWA BARAT,3273,KOTA BANDUNG,3273180,ANDIR,32.73.05,ANDIR,SD MALEBER BARAT,20219846,SK SISWA,14,ORANG,2023
4848,32,JAWA BARAT,3273,KOTA BANDUNG,3273180,ANDIR,32.73.05,ANDIR,SD MALEBER BARAT,20219846,AKTIVASI SISWA,14,ORANG,2023
4849,32,JAWA BARAT,3273,KOTA BANDUNG,3273180,ANDIR,32.73.05,ANDIR,SD MALEBER SELATAN,20219847,SK SISWA,55,ORANG,2023
4850,32,JAWA BARAT,3273,KOTA BANDUNG,3273180,ANDIR,32.73.05,ANDIR,SD MALEBER SELATAN,20219847,AKTIVASI SISWA,48,ORANG,2023
4851,32,JAWA BARAT,3273,KOTA BANDUNG,3273180,ANDIR,32.73.05,ANDIR,SD MALEBER UTARA,20219848,SK SISWA,12,ORANG,2023
4852,32,JAWA BARAT,3273,KOTA BANDUNG,3273180,ANDIR,32.73.05,ANDIR,SD MALEBER UTARA,20219848,AKTIVASI SISWA,10,ORANG,2023
4853,32,JAWA BARAT,3273,KOTA BANDUNG,3273180,ANDIR,32.73.05,ANDIR,SD MARIA BINTANG LAUT,20219857,SK SISWA,7,ORANG,2023
4854,32,JAWA BARAT,3273,KOTA BANDUNG,3273180,ANDIR,32.73.05,ANDIR,SD MARIA BINTANG LAUT,20219857,AKTIVASI SISWA,6,ORANG,2023
4855,32,JAWA BARAT,3273,KOTA BANDUNG,3273180,ANDIR,32.73.05,ANDIR,SD MUTIARA,20219834,SK SISWA,64,ORANG,2023
4856,32,JAWA BARAT,3273,KOTA BANDUNG,3273180,ANDIR,32.73.05,ANDIR,SD MUTIARA,20219834,AKTIVASI SISWA,56,ORANG,2023
4857,32,JAWA BARAT,3273,KOTA BANDUNG,3273180,ANDIR,32.73.05,ANDIR,SD PRASISTHA,20219833,SK SISWA,2,ORANG,2023
4858,32,JAWA BARAT,3273,KOTA BANDUNG,3273180,ANDIR,32.73.05,ANDIR,SD PRASISTHA,20219833,AKTIVASI SISWA,2,ORANG,2023
4859,32,JAWA BARAT,3273,KOTA BANDUNG,3273180,ANDIR,32.73.05,ANDIR,SD RAJAWALI,20219829,SK SISWA,30,ORANG,2023
4860,32,JAWA BARAT,3273,KOTA BANDUNG,3273180,ANDIR,32.73.05,ANDIR,SD RAJAWALI,20219829,AKTIVASI SISWA,20,ORANG,2023
4861,32,JAWA BARAT,3273,KOTA BANDUNG,3273180,ANDIR,32.73.05,ANDIR,SD WINDU PUTRA,20219907,SK SISWA,27,ORANG,2023
4862,32,JAWA BARAT,3273,KOTA BANDUNG,3273180,ANDIR,32.73.05,ANDIR,SD WINDU PUTRA,20219907,AKTIVASI SISWA,26,ORANG,2023
4863,32,JAWA BARAT,3273,KOTA BANDUNG,3273180,ANDIR,32.73.05,ANDIR,SD YWKA REL HOMY SCHOOL,20219901,SK SISWA,2,ORANG,2023
4864,32,JAWA BARAT,3273,KOTA BANDUNG,3273180,ANDIR,32.73.05,ANDIR,SD YWKA REL HOMY SCHOOL,20219901,AKTIVASI SISWA,1,ORANG,2023
4865,32,JAWA BARAT,3273,KOTA BANDUNG,3273180,ANDIR,32.73.05,ANDIR,SDN 002 KARANGMULYA KOTA BANDUNG,20245212,SK SISWA,144,ORANG,2023
4866,32,JAWA BARAT,3273,KOTA BANDUNG,3273180,ANDIR,32.73.05,ANDIR,SDN 002 KARANGMULYA KOTA BANDUNG,20245212,AKTIVASI SISWA,143,ORANG,2023
4867,32,JAWA BARAT,3273,KOTA BANDUNG,3273180,ANDIR,32.73.05,ANDIR,SDN 049 DURMAN KOTA BANDUNG,20245193,SK SISWA,172,ORANG,2023
4868,32,JAWA BARAT,3273,KOTA BANDUNG,3273180,ANDIR,32.73.05,ANDIR,SDN 049 DURMAN KOTA BANDUNG,20245193,AKTIVASI SISWA,168,ORANG,2023
4869,32,JAWA BARAT,3273,KOTA BANDUNG,3273180,ANDIR,32.73.05,ANDIR,SDN 056 GARUDA DADALI KOTA BANDUNG,20245196,SK SISWA,201,ORANG,2023
4870,32,JAWA BARAT,3273,KOTA BANDUNG,3273180,ANDIR,32.73.05,ANDIR,SDN 056 GARUDA DADALI KOTA BANDUNG,20245196,AKTIVASI SISWA,200,ORANG,2023
4871,32,JAWA BARAT,3273,KOTA BANDUNG,3273180,ANDIR,32.73.05,ANDIR,SDN 091 CIBEUREUM KOTA BANDUNG,20245129,SK SISWA,296,ORANG,2023
4872,32,JAWA BARAT,3273,KOTA BANDUNG,3273180,ANDIR,32.73.05,ANDIR,SDN 091 CIBEUREUM KOTA BANDUNG,20245129,AKTIVASI SISWA,293,ORANG,2023
4873,32,JAWA BARAT,3273,KOTA BANDUNG,3273180,ANDIR,32.73.05,ANDIR,SDN 098 CIROYOM KOTA BANDUNG,20245141,SK SISWA,174,ORANG,2023
4874,32,JAWA BARAT,3273,KOTA BANDUNG,3273180,ANDIR,32.73.05,ANDIR,SDN 098 CIROYOM KOTA BANDUNG,20245141,AKTIVASI SISWA,174,ORANG,2023
4875,32,JAWA BARAT,3273,KOTA BANDUNG,3273180,ANDIR,32.73.05,ANDIR,SDN 197 KARANG TARUNA KARANGSARI KOTA BANDUNG,20245215,SK SISWA,148,ORANG,2023
4876,32,JAWA BARAT,3273,KOTA BANDUNG,3273180,ANDIR,32.73.05,ANDIR,SDN 197 KARANG TARUNA KARANGSARI KOTA BANDUNG,20245215,AKTIVASI SISWA,144,ORANG,2023
4877,32,JAWA BARAT,3273,KOTA BANDUNG,3273180,ANDIR,32.73.05,ANDIR,SLB WIDI ASIH,20217941,SK SISWA,2,ORANG,2023
4878,32,JAWA BARAT,3273,KOTA BANDUNG,3273180,ANDIR,32.73.05,ANDIR,SLB WIDI ASIH,20217941,AKTIVASI SISWA,2,ORANG,2023
4879,32,JAWA BARAT,3273,KOTA BANDUNG,3273100,RANCASARI,32.73.23,RANCASARI,SD BINAR INDONESIA,70003404,SK SISWA,1,ORANG,2024
4880,32,JAWA BARAT,3273,KOTA BANDUNG,3273100,RANCASARI,32.73.23,RANCASARI,SD BINAR INDONESIA,70003404,AKTIVASI SISWA,1,ORANG,2024
4881,32,JAWA BARAT,3273,KOTA BANDUNG,3273100,RANCASARI,32.73.23,RANCASARI,SD IT AL FITRAH,20269138,SK SISWA,3,ORANG,2024
4882,32,JAWA BARAT,3273,KOTA BANDUNG,3273100,RANCASARI,32.73.23,RANCASARI,SD IT AL FITRAH,20269138,AKTIVASI SISWA,2,ORANG,2024
4883,32,JAWA BARAT,3273,KOTA BANDUNG,3273100,RANCASARI,32.73.23,RANCASARI,SDN 069 CIPAMOKOLAN DERWATI KOTA BANDUNG,20245502,SK SISWA,59,ORANG,2024
4884,32,JAWA BARAT,3273,KOTA BANDUNG,3273100,RANCASARI,32.73.23,RANCASARI,SDN 069 CIPAMOKOLAN DERWATI KOTA BANDUNG,20245502,AKTIVASI SISWA,57,ORANG,2024
4885,32,JAWA BARAT,3273,KOTA BANDUNG,3273100,RANCASARI,32.73.23,RANCASARI,SDN 087 RANCABOLANG KOTA BANDUNG,20246414,SK SISWA,17,ORANG,2024
4886,32,JAWA BARAT,3273,KOTA BANDUNG,3273100,RANCASARI,32.73.23,RANCASARI,SDN 087 RANCABOLANG KOTA BANDUNG,20246414,AKTIVASI SISWA,7,ORANG,2024
4887,32,JAWA BARAT,3273,KOTA BANDUNG,3273100,RANCASARI,32.73.23,RANCASARI,SDN 122 CIJAWURA KOTA BANDUNG,20245169,SK SISWA,33,ORANG,2024
4888,32,JAWA BARAT,3273,KOTA BANDUNG,3273100,RANCASARI,32.73.23,RANCASARI,SDN 122 CIJAWURA KOTA BANDUNG,20245169,AKTIVASI SISWA,31,ORANG,2024
4889,32,JAWA BARAT,3273,KOTA BANDUNG,3273100,RANCASARI,32.73.23,RANCASARI,SDN 222 PASIRPOGOR KOTA BANDUNG,20246413,SK SISWA,20,ORANG,2024
4890,32,JAWA BARAT,3273,KOTA BANDUNG,3273100,RANCASARI,32.73.23,RANCASARI,SDN 222 PASIRPOGOR KOTA BANDUNG,20246413,AKTIVASI SISWA,20,ORANG,2024
4891,32,JAWA BARAT,3273,KOTA BANDUNG,3273100,RANCASARI,32.73.23,RANCASARI,SDN 263 RANCALOA KOTA BANDUNG,20245756,SK SISWA,127,ORANG,2024
4892,32,JAWA BARAT,3273,KOTA BANDUNG,3273100,RANCASARI,32.73.23,RANCASARI,SDN 263 RANCALOA KOTA BANDUNG,20245756,AKTIVASI SISWA,121,ORANG,2024
4893,32,JAWA BARAT,3273,KOTA BANDUNG,3273100,RANCASARI,32.73.23,RANCASARI,SLB ARRAHMAN,20219866,SK SISWA,8,ORANG,2024
4894,32,JAWA BARAT,3273,KOTA BANDUNG,3273100,RANCASARI,32.73.23,RANCASARI,SLB ARRAHMAN,20219866,AKTIVASI SISWA,7,ORANG,2024
4895,32,JAWA BARAT,3273,KOTA BANDUNG,3273100,RANCASARI,32.73.23,RANCASARI,SLB BC BINA KASIH,20219877,SK SISWA,12,ORANG,2024
4896,32,JAWA BARAT,3273,KOTA BANDUNG,3273100,RANCASARI,32.73.23,RANCASARI,SLB BC BINA KASIH,20219877,AKTIVASI SISWA,11,ORANG,2024
4897,32,JAWA BARAT,3273,KOTA BANDUNG,3273100,RANCASARI,32.73.23,RANCASARI,SLB BC NIKE ARDILA YPWN,20219876,SK SISWA,11,ORANG,2024
4898,32,JAWA BARAT,3273,KOTA BANDUNG,3273100,RANCASARI,32.73.23,RANCASARI,SLB BC NIKE ARDILA YPWN,20219876,AKTIVASI SISWA,7,ORANG,2024
4899,32,JAWA BARAT,3273,KOTA BANDUNG,3273100,RANCASARI,32.73.23,RANCASARI,SLB JATIS HURIP,20219744,SK SISWA,1,ORANG,2024
4900,32,JAWA BARAT,3273,KOTA BANDUNG,3273100,RANCASARI,32.73.23,RANCASARI,SLB JATIS HURIP,20219744,AKTIVASI SISWA,1,ORANG,2024
4901,32,JAWA BARAT,3273,KOTA BANDUNG,3273100,RANCASARI,32.73.23,RANCASARI,SLB YPDP,20271533,SK SISWA,9,ORANG,2024
4902,32,JAWA BARAT,3273,KOTA BANDUNG,3273100,RANCASARI,32.73.23,RANCASARI,SLB YPDP,20271533,AKTIVASI SISWA,8,ORANG,2024
4903,32,JAWA BARAT,3273,KOTA BANDUNG,3273111,PANYILEUKAN,32.73.28,PANYILEUKAN,PKBM GLOBAL TAHFIDZ,P9985086,SK SISWA,1,ORANG,2024
4904,32,JAWA BARAT,3273,KOTA BANDUNG,3273111,PANYILEUKAN,32.73.28,PANYILEUKAN,PKBM GLOBAL TAHFIDZ,P9985086,AKTIVASI SISWA,0,ORANG,2024
4905,32,JAWA BARAT,3273,KOTA BANDUNG,3273111,PANYILEUKAN,32.73.28,PANYILEUKAN,PKBM HASAN AL BASARI BANDUNG,P9997637,SK SISWA,1,ORANG,2024
4906,32,JAWA BARAT,3273,KOTA BANDUNG,3273111,PANYILEUKAN,32.73.28,PANYILEUKAN,PKBM HASAN AL BASARI BANDUNG,P9997637,AKTIVASI SISWA,0,ORANG,2024
4907,32,JAWA BARAT,3273,KOTA BANDUNG,3273111,PANYILEUKAN,32.73.28,PANYILEUKAN,SD INTELIGENSIA,70007902,SK SISWA,4,ORANG,2024
4908,32,JAWA BARAT,3273,KOTA BANDUNG,3273111,PANYILEUKAN,32.73.28,PANYILEUKAN,SD INTELIGENSIA,70007902,AKTIVASI SISWA,1,ORANG,2024
4909,32,JAWA BARAT,3273,KOTA BANDUNG,3273111,PANYILEUKAN,32.73.28,PANYILEUKAN,SD JUARA,69734138,SK SISWA,28,ORANG,2024
4910,32,JAWA BARAT,3273,KOTA BANDUNG,3273111,PANYILEUKAN,32.73.28,PANYILEUKAN,SD JUARA,69734138,AKTIVASI SISWA,20,ORANG,2024
4911,32,JAWA BARAT,3273,KOTA BANDUNG,3273111,PANYILEUKAN,32.73.28,PANYILEUKAN,SD MUHAMMADIYAH 8,20219835,SK SISWA,18,ORANG,2024
4912,32,JAWA BARAT,3273,KOTA BANDUNG,3273111,PANYILEUKAN,32.73.28,PANYILEUKAN,SD MUHAMMADIYAH 8,20219835,AKTIVASI SISWA,15,ORANG,2024
4913,32,JAWA BARAT,3273,KOTA BANDUNG,3273111,PANYILEUKAN,32.73.28,PANYILEUKAN,SDN 105 SUKARELA KOTA BANDUNG,20245790,SK SISWA,65,ORANG,2024
4914,32,JAWA BARAT,3273,KOTA BANDUNG,3273111,PANYILEUKAN,32.73.28,PANYILEUKAN,SDN 105 SUKARELA KOTA BANDUNG,20245790,AKTIVASI SISWA,65,ORANG,2024
4915,32,JAWA BARAT,3273,KOTA BANDUNG,3273111,PANYILEUKAN,32.73.28,PANYILEUKAN,SDN 258 SUKARELA KOTA BANDUNG,20245792,SK SISWA,73,ORANG,2024
4916,32,JAWA BARAT,3273,KOTA BANDUNG,3273111,PANYILEUKAN,32.73.28,PANYILEUKAN,SDN 258 SUKARELA KOTA BANDUNG,20245792,AKTIVASI SISWA,66,ORANG,2024
4917,32,JAWA BARAT,3273,KOTA BANDUNG,3273111,PANYILEUKAN,32.73.28,PANYILEUKAN,SDN 262 PANYILEUKAN KOTA BANDUNG,20245724,SK SISWA,55,ORANG,2024
4918,32,JAWA BARAT,3273,KOTA BANDUNG,3273111,PANYILEUKAN,32.73.28,PANYILEUKAN,SDN 262 PANYILEUKAN KOTA BANDUNG,20245724,AKTIVASI SISWA,54,ORANG,2024
4919,32,JAWA BARAT,3273,KOTA BANDUNG,3273111,PANYILEUKAN,32.73.28,PANYILEUKAN,SDN 268 PANYILEUKAN KOTA BANDUNG,20245726,SK SISWA,34,ORANG,2024
4920,32,JAWA BARAT,3273,KOTA BANDUNG,3273111,PANYILEUKAN,32.73.28,PANYILEUKAN,SDN 268 PANYILEUKAN KOTA BANDUNG,20245726,AKTIVASI SISWA,27,ORANG,2024
4921,32,JAWA BARAT,3273,KOTA BANDUNG,3273111,PANYILEUKAN,32.73.28,PANYILEUKAN,SDN 271 PANGHEGAR KOTA BANDUNG,20245723,SK SISWA,49,ORANG,2024
4922,32,JAWA BARAT,3273,KOTA BANDUNG,3273111,PANYILEUKAN,32.73.28,PANYILEUKAN,SDN 271 PANGHEGAR KOTA BANDUNG,20245723,AKTIVASI SISWA,29,ORANG,2024
4923,32,JAWA BARAT,3273,KOTA BANDUNG,3273111,PANYILEUKAN,32.73.28,PANYILEUKAN,SLB ABC BINA MANDIRI,20219868,SK SISWA,2,ORANG,2024
4924,32,JAWA BARAT,3273,KOTA BANDUNG,3273111,PANYILEUKAN,32.73.28,PANYILEUKAN,SLB ABC BINA MANDIRI,20219868,AKTIVASI SISWA,0,ORANG,2024
4925,32,JAWA BARAT,3273,KOTA BANDUNG,3273142,MANDALAJATI,32.73.30,MANDALAJATI,PKBM AL IKHLASH,P9996131,SK SISWA,7,ORANG,2024
4926,32,JAWA BARAT,3273,KOTA BANDUNG,3273142,MANDALAJATI,32.73.30,MANDALAJATI,PKBM AL IKHLASH,P9996131,AKTIVASI SISWA,2,ORANG,2024
4927,32,JAWA BARAT,3273,KOTA BANDUNG,3273142,MANDALAJATI,32.73.30,MANDALAJATI,SD AL-QURAN,69986341,SK SISWA,2,ORANG,2024
4928,32,JAWA BARAT,3273,KOTA BANDUNG,3273142,MANDALAJATI,32.73.30,MANDALAJATI,SD AL-QURAN,69986341,AKTIVASI SISWA,0,ORANG,2024
4929,32,JAWA BARAT,3273,KOTA BANDUNG,3273142,MANDALAJATI,32.73.30,MANDALAJATI,SDN 009 CIKADUT KOTA BANDUNG,20245520,SK SISWA,64,ORANG,2024
4930,32,JAWA BARAT,3273,KOTA BANDUNG,3273142,MANDALAJATI,32.73.30,MANDALAJATI,SDN 009 CIKADUT KOTA BANDUNG,20245520,AKTIVASI SISWA,63,ORANG,2024
4931,32,JAWA BARAT,3273,KOTA BANDUNG,3273142,MANDALAJATI,32.73.30,MANDALAJATI,SDN 046 SINDANGLAYA KOTA BANDUNG,20245768,SK SISWA,42,ORANG,2024
4932,32,JAWA BARAT,3273,KOTA BANDUNG,3273142,MANDALAJATI,32.73.30,MANDALAJATI,SDN 046 SINDANGLAYA KOTA BANDUNG,20245768,AKTIVASI SISWA,37,ORANG,2024
4933,32,JAWA BARAT,3273,KOTA BANDUNG,3273142,MANDALAJATI,32.73.30,MANDALAJATI,SDN 055 JATIHANDAP KOTA BANDUNG,20245598,SK SISWA,73,ORANG,2024
4934,32,JAWA BARAT,3273,KOTA BANDUNG,3273142,MANDALAJATI,32.73.30,MANDALAJATI,SDN 055 JATIHANDAP KOTA BANDUNG,20245598,AKTIVASI SISWA,64,ORANG,2024
4935,32,JAWA BARAT,3273,KOTA BANDUNG,3273142,MANDALAJATI,32.73.30,MANDALAJATI,SDN 068 SINDANGLAYA KOTA BANDUNG,20245769,SK SISWA,75,ORANG,2024
4936,32,JAWA BARAT,3273,KOTA BANDUNG,3273142,MANDALAJATI,32.73.30,MANDALAJATI,SDN 068 SINDANGLAYA KOTA BANDUNG,20245769,AKTIVASI SISWA,75,ORANG,2024
4937,32,JAWA BARAT,3273,KOTA BANDUNG,3273142,MANDALAJATI,32.73.30,MANDALAJATI,SDN 084 CIKADUT KOTA BANDUNG,20245521,SK SISWA,57,ORANG,2024
4938,32,JAWA BARAT,3273,KOTA BANDUNG,3273142,MANDALAJATI,32.73.30,MANDALAJATI,SDN 084 CIKADUT KOTA BANDUNG,20245521,AKTIVASI SISWA,53,ORANG,2024
4939,32,JAWA BARAT,3273,KOTA BANDUNG,3273142,MANDALAJATI,32.73.30,MANDALAJATI,SDN 165 JATIHANDAP KOTA BANDUNG,20245596,SK SISWA,47,ORANG,2024
4940,32,JAWA BARAT,3273,KOTA BANDUNG,3273142,MANDALAJATI,32.73.30,MANDALAJATI,SDN 165 JATIHANDAP KOTA BANDUNG,20245596,AKTIVASI SISWA,46,ORANG,2024
4941,32,JAWA BARAT,3273,KOTA BANDUNG,3273142,MANDALAJATI,32.73.30,MANDALAJATI,SDN 174 PASIR IMPUN KOTA BANDUNG,20245733,SK SISWA,21,ORANG,2024
4942,32,JAWA BARAT,3273,KOTA BANDUNG,3273142,MANDALAJATI,32.73.30,MANDALAJATI,SDN 174 PASIR IMPUN KOTA BANDUNG,20245733,AKTIVASI SISWA,20,ORANG,2024
4943,32,JAWA BARAT,3273,KOTA BANDUNG,3273142,MANDALAJATI,32.73.30,MANDALAJATI,SDN 175 TANJAKAN KOTA BANDUNG,20245816,SK SISWA,45,ORANG,2024
4944,32,JAWA BARAT,3273,KOTA BANDUNG,3273142,MANDALAJATI,32.73.30,MANDALAJATI,SDN 175 TANJAKAN KOTA BANDUNG,20245816,AKTIVASI SISWA,43,ORANG,2024
4945,32,JAWA BARAT,3273,KOTA BANDUNG,3273142,MANDALAJATI,32.73.30,MANDALAJATI,SDN 231 SUKAASIH KOTA BANDUNG,20245794,SK SISWA,38,ORANG,2024
4946,32,JAWA BARAT,3273,KOTA BANDUNG,3273142,MANDALAJATI,32.73.30,MANDALAJATI,SDN 231 SUKAASIH KOTA BANDUNG,20245794,AKTIVASI SISWA,38,ORANG,2024
4947,32,JAWA BARAT,3273,KOTA BANDUNG,3273142,MANDALAJATI,32.73.30,MANDALAJATI,SDN 243 CICABE KOTA BANDUNG,20245510,SK SISWA,91,ORANG,2024
4948,32,JAWA BARAT,3273,KOTA BANDUNG,3273142,MANDALAJATI,32.73.30,MANDALAJATI,SDN 243 CICABE KOTA BANDUNG,20245510,AKTIVASI SISWA,83,ORANG,2024
4949,32,JAWA BARAT,3273,KOTA BANDUNG,3273150,KIARACONDONG,32.73.16,KIARACONDONG,PKBM KARYA REMAJA,P9934597,SK SISWA,5,ORANG,2024
4950,32,JAWA BARAT,3273,KOTA BANDUNG,3273150,KIARACONDONG,32.73.16,KIARACONDONG,PKBM KARYA REMAJA,P9934597,AKTIVASI SISWA,0,ORANG,2024
4951,32,JAWA BARAT,3273,KOTA BANDUNG,3273150,KIARACONDONG,32.73.16,KIARACONDONG,SD ARRAFI,20247205,SK SISWA,1,ORANG,2024
4952,32,JAWA BARAT,3273,KOTA BANDUNG,3273150,KIARACONDONG,32.73.16,KIARACONDONG,SD ARRAFI,20247205,AKTIVASI SISWA,1,ORANG,2024
4953,32,JAWA BARAT,3273,KOTA BANDUNG,3273150,KIARACONDONG,32.73.16,KIARACONDONG,SD HAS DARUL ILMI,69947365,SK SISWA,1,ORANG,2024
4954,32,JAWA BARAT,3273,KOTA BANDUNG,3273150,KIARACONDONG,32.73.16,KIARACONDONG,SD HAS DARUL ILMI,69947365,AKTIVASI SISWA,0,ORANG,2024
4955,32,JAWA BARAT,3273,KOTA BANDUNG,3273150,KIARACONDONG,32.73.16,KIARACONDONG,SD IGNATIUS SLAMET RIYADI 2,20219608,SK SISWA,1,ORANG,2024
4956,32,JAWA BARAT,3273,KOTA BANDUNG,3273150,KIARACONDONG,32.73.16,KIARACONDONG,SD IGNATIUS SLAMET RIYADI 2,20219608,AKTIVASI SISWA,1,ORANG,2024
4957,32,JAWA BARAT,3273,KOTA BANDUNG,3273150,KIARACONDONG,32.73.16,KIARACONDONG,SD ISLAM ABU SENO,70042649,SK SISWA,2,ORANG,2024
4958,32,JAWA BARAT,3273,KOTA BANDUNG,3273150,KIARACONDONG,32.73.16,KIARACONDONG,SD ISLAM ABU SENO,70042649,AKTIVASI SISWA,2,ORANG,2024
4959,32,JAWA BARAT,3273,KOTA BANDUNG,3273150,KIARACONDONG,32.73.16,KIARACONDONG,SD MUHAMMADIYAH 2,20219853,SK SISWA,88,ORANG,2024
4960,32,JAWA BARAT,3273,KOTA BANDUNG,3273150,KIARACONDONG,32.73.16,KIARACONDONG,SD MUHAMMADIYAH 2,20219853,AKTIVASI SISWA,80,ORANG,2024
4961,32,JAWA BARAT,3273,KOTA BANDUNG,3273150,KIARACONDONG,32.73.16,KIARACONDONG,SDN 017 SEKEJATI KOTA BANDUNG,20245760,SK SISWA,146,ORANG,2024
4962,32,JAWA BARAT,3273,KOTA BANDUNG,3273150,KIARACONDONG,32.73.16,KIARACONDONG,SDN 017 SEKEJATI KOTA BANDUNG,20245760,AKTIVASI SISWA,142,ORANG,2024
4963,32,JAWA BARAT,3273,KOTA BANDUNG,3273150,KIARACONDONG,32.73.16,KIARACONDONG,SDN 038 KIARACONDONG KOTA BANDUNG,20245701,SK SISWA,216,ORANG,2024
4964,32,JAWA BARAT,3273,KOTA BANDUNG,3273150,KIARACONDONG,32.73.16,KIARACONDONG,SDN 038 KIARACONDONG KOTA BANDUNG,20245701,AKTIVASI SISWA,214,ORANG,2024
4965,32,JAWA BARAT,3273,KOTA BANDUNG,3273150,KIARACONDONG,32.73.16,KIARACONDONG,SDN 083 BABAKAN SURABAYA KOTA BANDUNG,20245470,SK SISWA,50,ORANG,2024
4966,32,JAWA BARAT,3273,KOTA BANDUNG,3273150,KIARACONDONG,32.73.16,KIARACONDONG,SDN 083 BABAKAN SURABAYA KOTA BANDUNG,20245470,AKTIVASI SISWA,49,ORANG,2024
4967,32,JAWA BARAT,3273,KOTA BANDUNG,3273150,KIARACONDONG,32.73.16,KIARACONDONG,SDN 111 PINDAD KOTA BANDUNG,20245751,SK SISWA,39,ORANG,2024
4968,32,JAWA BARAT,3273,KOTA BANDUNG,3273150,KIARACONDONG,32.73.16,KIARACONDONG,SDN 111 PINDAD KOTA BANDUNG,20245751,AKTIVASI SISWA,39,ORANG,2024
4969,32,JAWA BARAT,3273,KOTA BANDUNG,3273150,KIARACONDONG,32.73.16,KIARACONDONG,SDN 116 CICAHEUM KOTA BANDUNG,20245512,SK SISWA,45,ORANG,2024
4970,32,JAWA BARAT,3273,KOTA BANDUNG,3273150,KIARACONDONG,32.73.16,KIARACONDONG,SDN 116 CICAHEUM KOTA BANDUNG,20245512,AKTIVASI SISWA,36,ORANG,2024
4971,32,JAWA BARAT,3273,KOTA BANDUNG,3273150,KIARACONDONG,32.73.16,KIARACONDONG,SDN 158 BABAKAN SARI BABAKAN SURABAYA KOTA BANDUNG,20245452,SK SISWA,139,ORANG,2024
4972,32,JAWA BARAT,3273,KOTA BANDUNG,3273150,KIARACONDONG,32.73.16,KIARACONDONG,SDN 158 BABAKAN SARI BABAKAN SURABAYA KOTA BANDUNG,20245452,AKTIVASI SISWA,137,ORANG,2024
4973,32,JAWA BARAT,3273,KOTA BANDUNG,3273150,KIARACONDONG,32.73.16,KIARACONDONG,SDN 159 SEKEJATI KOTA BANDUNG,20245762,SK SISWA,191,ORANG,2024
4974,32,JAWA BARAT,3273,KOTA BANDUNG,3273150,KIARACONDONG,32.73.16,KIARACONDONG,SDN 159 SEKEJATI KOTA BANDUNG,20245762,AKTIVASI SISWA,182,ORANG,2024
4975,32,JAWA BARAT,3273,KOTA BANDUNG,3273150,KIARACONDONG,32.73.16,KIARACONDONG,SDN 160 SUKALAKSANA KOTA BANDUNG,20245797,SK SISWA,171,ORANG,2024
4976,32,JAWA BARAT,3273,KOTA BANDUNG,3273150,KIARACONDONG,32.73.16,KIARACONDONG,SDN 160 SUKALAKSANA KOTA BANDUNG,20245797,AKTIVASI SISWA,167,ORANG,2024
4977,32,JAWA BARAT,3273,KOTA BANDUNG,3273150,KIARACONDONG,32.73.16,KIARACONDONG,SDN 161 SUKAPURA KOTA BANDUNG,20245805,SK SISWA,72,ORANG,2024
4978,32,JAWA BARAT,3273,KOTA BANDUNG,3273150,KIARACONDONG,32.73.16,KIARACONDONG,SDN 161 SUKAPURA KOTA BANDUNG,20245805,AKTIVASI SISWA,63,ORANG,2024
4979,32,JAWA BARAT,3273,KOTA BANDUNG,3273150,KIARACONDONG,32.73.16,KIARACONDONG,SDN 162 WARUNGJAMBU KIARACONDONG KOTA BANDUNG,20245836,SK SISWA,77,ORANG,2024
4980,32,JAWA BARAT,3273,KOTA BANDUNG,3273150,KIARACONDONG,32.73.16,KIARACONDONG,SDN 162 WARUNGJAMBU KIARACONDONG KOTA BANDUNG,20245836,AKTIVASI SISWA,62,ORANG,2024
4981,32,JAWA BARAT,3273,KOTA BANDUNG,3273150,KIARACONDONG,32.73.16,KIARACONDONG,SDN 191 BABAKAN SURABAYA KOTA BANDUNG,20245464,SK SISWA,79,ORANG,2024
4982,32,JAWA BARAT,3273,KOTA BANDUNG,3273150,KIARACONDONG,32.73.16,KIARACONDONG,SDN 191 BABAKAN SURABAYA KOTA BANDUNG,20245464,AKTIVASI SISWA,78,ORANG,2024
4983,32,JAWA BARAT,3273,KOTA BANDUNG,3273150,KIARACONDONG,32.73.16,KIARACONDONG,SDN 210 BABAKAN SINYAR KOTA BANDUNG,20245460,SK SISWA,56,ORANG,2024
4984,32,JAWA BARAT,3273,KOTA BANDUNG,3273150,KIARACONDONG,32.73.16,KIARACONDONG,SDN 210 BABAKAN SINYAR KOTA BANDUNG,20245460,AKTIVASI SISWA,56,ORANG,2024
4985,32,JAWA BARAT,3273,KOTA BANDUNG,3273150,KIARACONDONG,32.73.16,KIARACONDONG,SDN 221 BABAKAN SENTRAL KOTA BANDUNG,20245455,SK SISWA,86,ORANG,2024
4986,32,JAWA BARAT,3273,KOTA BANDUNG,3273150,KIARACONDONG,32.73.16,KIARACONDONG,SDN 221 BABAKAN SENTRAL KOTA BANDUNG,20245455,AKTIVASI SISWA,86,ORANG,2024
4987,32,JAWA BARAT,3273,KOTA BANDUNG,3273150,KIARACONDONG,32.73.16,KIARACONDONG,SLB B KARYA BHAKTI,20219869,SK SISWA,3,ORANG,2024
4988,32,JAWA BARAT,3273,KOTA BANDUNG,3273150,KIARACONDONG,32.73.16,KIARACONDONG,SLB B KARYA BHAKTI,20219869,AKTIVASI SISWA,0,ORANG,2024
4989,32,JAWA BARAT,3273,KOTA BANDUNG,3273150,KIARACONDONG,32.73.16,KIARACONDONG,SLB C SUKAPURA,20219811,SK SISWA,5,ORANG,2024
4990,32,JAWA BARAT,3273,KOTA BANDUNG,3273150,KIARACONDONG,32.73.16,KIARACONDONG,SLB C SUKAPURA,20219811,AKTIVASI SISWA,4,ORANG,2024
4991,32,JAWA BARAT,3273,KOTA BANDUNG,3273150,KIARACONDONG,32.73.16,KIARACONDONG,SLBN SUKAPURA,20219863,SK SISWA,20,ORANG,2024
4992,32,JAWA BARAT,3273,KOTA BANDUNG,3273150,KIARACONDONG,32.73.16,KIARACONDONG,SLBN SUKAPURA,20219863,AKTIVASI SISWA,19,ORANG,2024
4993,32,JAWA BARAT,3273,KOTA BANDUNG,3273070,LENGKONG,32.73.13,LENGKONG,PKBM HOME SCHOOLING PEWARIS BANGSA,P2962412,SK SISWA,5,ORANG,2024
4994,32,JAWA BARAT,3273,KOTA BANDUNG,3273070,LENGKONG,32.73.13,LENGKONG,PKBM HOME SCHOOLING PEWARIS BANGSA,P2962412,AKTIVASI SISWA,5,ORANG,2024
4995,32,JAWA BARAT,3273,KOTA BANDUNG,3273070,LENGKONG,32.73.13,LENGKONG,PKBM SABUMI,P9984292,SK SISWA,4,ORANG,2024
4996,32,JAWA BARAT,3273,KOTA BANDUNG,3273070,LENGKONG,32.73.13,LENGKONG,PKBM SABUMI,P9984292,AKTIVASI SISWA,1,ORANG,2024
4997,32,JAWA BARAT,3273,KOTA BANDUNG,3273070,LENGKONG,32.73.13,LENGKONG,SD CIPAERA,20219599,SK SISWA,36,ORANG,2024
4998,32,JAWA BARAT,3273,KOTA BANDUNG,3273070,LENGKONG,32.73.13,LENGKONG,SD CIPAERA,20219599,AKTIVASI SISWA,28,ORANG,2024
4999,32,JAWA BARAT,3273,KOTA BANDUNG,3273070,LENGKONG,32.73.13,LENGKONG,SD IRK,20219594,SK SISWA,19,ORANG,2024
5000,32,JAWA BARAT,3273,KOTA BANDUNG,3273070,LENGKONG,32.73.13,LENGKONG,SD IRK,20219594,AKTIVASI SISWA,15,ORANG,2024
5001,32,JAWA BARAT,3273,KOTA BANDUNG,3273070,LENGKONG,32.73.13,LENGKONG,SD KARTIKA X-1,20219574,SK SISWA,1,ORANG,2024
5002,32,JAWA BARAT,3273,KOTA BANDUNG,3273070,LENGKONG,32.73.13,LENGKONG,SD KARTIKA X-1,20219574,AKTIVASI SISWA,1,ORANG,2024
5003,32,JAWA BARAT,3273,KOTA BANDUNG,3273070,LENGKONG,32.73.13,LENGKONG,SD KEMALA BHAYANGKARI 1,20219581,SK SISWA,23,ORANG,2024
5004,32,JAWA BARAT,3273,KOTA BANDUNG,3273070,LENGKONG,32.73.13,LENGKONG,SD KEMALA BHAYANGKARI 1,20219581,AKTIVASI SISWA,9,ORANG,2024
5005,32,JAWA BARAT,3273,KOTA BANDUNG,3273070,LENGKONG,32.73.13,LENGKONG,SD MUHAMMADIYAH 1,20219854,SK SISWA,25,ORANG,2024
5006,32,JAWA BARAT,3273,KOTA BANDUNG,3273070,LENGKONG,32.73.13,LENGKONG,SD MUHAMMADIYAH 1,20219854,AKTIVASI SISWA,18,ORANG,2024
5007,32,JAWA BARAT,3273,KOTA BANDUNG,3273070,LENGKONG,32.73.13,LENGKONG,SD YAYASAN BERIBU,20247256,SK SISWA,24,ORANG,2024
5008,32,JAWA BARAT,3273,KOTA BANDUNG,3273070,LENGKONG,32.73.13,LENGKONG,SD YAYASAN BERIBU,20247256,AKTIVASI SISWA,9,ORANG,2024
5009,32,JAWA BARAT,3273,KOTA BANDUNG,3273070,LENGKONG,32.73.13,LENGKONG,SDN 066 HALIMUN KOTA BANDUNG,20245031,SK SISWA,39,ORANG,2024
5010,32,JAWA BARAT,3273,KOTA BANDUNG,3273070,LENGKONG,32.73.13,LENGKONG,SDN 066 HALIMUN KOTA BANDUNG,20245031,AKTIVASI SISWA,39,ORANG,2024
5011,32,JAWA BARAT,3273,KOTA BANDUNG,3273070,LENGKONG,32.73.13,LENGKONG,SDN 067 NILEM KOTA BANDUNG,20245050,SK SISWA,39,ORANG,2024
5012,32,JAWA BARAT,3273,KOTA BANDUNG,3273070,LENGKONG,32.73.13,LENGKONG,SDN 067 NILEM KOTA BANDUNG,20245050,AKTIVASI SISWA,37,ORANG,2024
5013,32,JAWA BARAT,3273,KOTA BANDUNG,3273070,LENGKONG,32.73.13,LENGKONG,SDN 115 TURANGGA KOTA BANDUNG,20245097,SK SISWA,27,ORANG,2024
5014,32,JAWA BARAT,3273,KOTA BANDUNG,3273070,LENGKONG,32.73.13,LENGKONG,SDN 115 TURANGGA KOTA BANDUNG,20245097,AKTIVASI SISWA,27,ORANG,2024
5015,32,JAWA BARAT,3273,KOTA BANDUNG,3273070,LENGKONG,32.73.13,LENGKONG,SDN 119 CIJAGRA KOTA BANDUNG,20245023,SK SISWA,45,ORANG,2024
5016,32,JAWA BARAT,3273,KOTA BANDUNG,3273070,LENGKONG,32.73.13,LENGKONG,SDN 119 CIJAGRA KOTA BANDUNG,20245023,AKTIVASI SISWA,45,ORANG,2024
5017,32,JAWA BARAT,3273,KOTA BANDUNG,3273070,LENGKONG,32.73.13,LENGKONG,SDN 135 TURANGGA KOTA BANDUNG,20245098,SK SISWA,13,ORANG,2024
5018,32,JAWA BARAT,3273,KOTA BANDUNG,3273070,LENGKONG,32.73.13,LENGKONG,SDN 135 TURANGGA KOTA BANDUNG,20245098,AKTIVASI SISWA,13,ORANG,2024
5019,32,JAWA BARAT,3273,KOTA BANDUNG,3273070,LENGKONG,32.73.13,LENGKONG,SDN 163 BUAHBATU BARU KOTA BANDUNG,20245022,SK SISWA,57,ORANG,2024
5020,32,JAWA BARAT,3273,KOTA BANDUNG,3273070,LENGKONG,32.73.13,LENGKONG,SDN 163 BUAHBATU BARU KOTA BANDUNG,20245022,AKTIVASI SISWA,40,ORANG,2024
5021,32,JAWA BARAT,3273,KOTA BANDUNG,3273070,LENGKONG,32.73.13,LENGKONG,SDN 164 KARANGPAWULANG KOTA BANDUNG,20245036,SK SISWA,33,ORANG,2024
5022,32,JAWA BARAT,3273,KOTA BANDUNG,3273070,LENGKONG,32.73.13,LENGKONG,SDN 164 KARANGPAWULANG KOTA BANDUNG,20245036,AKTIVASI SISWA,33,ORANG,2024
5023,32,JAWA BARAT,3273,KOTA BANDUNG,3273070,LENGKONG,32.73.13,LENGKONG,SDN 202 SURYALAYA KOTA BANDUNG,20245094,SK SISWA,53,ORANG,2024
5024,32,JAWA BARAT,3273,KOTA BANDUNG,3273070,LENGKONG,32.73.13,LENGKONG,SDN 202 SURYALAYA KOTA BANDUNG,20245094,AKTIVASI SISWA,52,ORANG,2024
5025,32,JAWA BARAT,3273,KOTA BANDUNG,3273070,LENGKONG,32.73.13,LENGKONG,SDN 206 PUTRACO INDAH KOTA BANDUNG,20245077,SK SISWA,80,ORANG,2024
5026,32,JAWA BARAT,3273,KOTA BANDUNG,3273070,LENGKONG,32.73.13,LENGKONG,SDN 206 PUTRACO INDAH KOTA BANDUNG,20245077,AKTIVASI SISWA,73,ORANG,2024
5027,32,JAWA BARAT,3273,KOTA BANDUNG,3273070,LENGKONG,32.73.13,LENGKONG,SDN 235 LENGKONG KECIL KOTA BANDUNG,20245045,SK SISWA,42,ORANG,2024
5028,32,JAWA BARAT,3273,KOTA BANDUNG,3273070,LENGKONG,32.73.13,LENGKONG,SDN 235 LENGKONG KECIL KOTA BANDUNG,20245045,AKTIVASI SISWA,42,ORANG,2024
5029,32,JAWA BARAT,3273,KOTA BANDUNG,3273070,LENGKONG,32.73.13,LENGKONG,SDN 257 PELITA KOTA BANDUNG,20245257,SK SISWA,33,ORANG,2024
5030,32,JAWA BARAT,3273,KOTA BANDUNG,3273070,LENGKONG,32.73.13,LENGKONG,SDN 257 PELITA KOTA BANDUNG,20245257,AKTIVASI SISWA,31,ORANG,2024
5031,32,JAWA BARAT,3273,KOTA BANDUNG,3273070,LENGKONG,32.73.13,LENGKONG,SLB BC YPLAB WARTAWAN,20219875,SK SISWA,4,ORANG,2024
5032,32,JAWA BARAT,3273,KOTA BANDUNG,3273070,LENGKONG,32.73.13,LENGKONG,SLB BC YPLAB WARTAWAN,20219875,AKTIVASI SISWA,4,ORANG,2024
5033,32,JAWA BARAT,3273,KOTA BANDUNG,3273121,CINAMBO,32.73.29,CINAMBO,SDN 052 CISARANTEN WETAN GEDEBAGE KOTA BANDUNG,20245534,SK SISWA,40,ORANG,2024
5034,32,JAWA BARAT,3273,KOTA BANDUNG,3273121,CINAMBO,32.73.29,CINAMBO,SDN 052 CISARANTEN WETAN GEDEBAGE KOTA BANDUNG,20245534,AKTIVASI SISWA,34,ORANG,2024
5035,32,JAWA BARAT,3273,KOTA BANDUNG,3273121,CINAMBO,32.73.29,CINAMBO,SDN 172 ANDIR KIDUL KOTA BANDUNG,20245439,SK SISWA,42,ORANG,2024
5036,32,JAWA BARAT,3273,KOTA BANDUNG,3273121,CINAMBO,32.73.29,CINAMBO,SDN 172 ANDIR KIDUL KOTA BANDUNG,20245439,AKTIVASI SISWA,30,ORANG,2024
5037,32,JAWA BARAT,3273,KOTA BANDUNG,3273121,CINAMBO,32.73.29,CINAMBO,SLB PANCARAN IMAN,20255797,SK SISWA,6,ORANG,2024
5038,32,JAWA BARAT,3273,KOTA BANDUNG,3273121,CINAMBO,32.73.29,CINAMBO,SLB PANCARAN IMAN,20255797,AKTIVASI SISWA,5,ORANG,2024
5039,32,JAWA BARAT,3273,KOTA BANDUNG,3273101,GEDEBAGE,32.73.27,GEDEBAGE,SD ASHFIYA,69922041,SK SISWA,2,ORANG,2024
5040,32,JAWA BARAT,3273,KOTA BANDUNG,3273101,GEDEBAGE,32.73.27,GEDEBAGE,SD ASHFIYA,69922041,AKTIVASI SISWA,1,ORANG,2024
5041,32,JAWA BARAT,3273,KOTA BANDUNG,3273101,GEDEBAGE,32.73.27,GEDEBAGE,SD ISLAM AL-MUIZZ,69989950,SK SISWA,7,ORANG,2024
5042,32,JAWA BARAT,3273,KOTA BANDUNG,3273101,GEDEBAGE,32.73.27,GEDEBAGE,SD ISLAM AL-MUIZZ,69989950,AKTIVASI SISWA,0,ORANG,2024
5043,32,JAWA BARAT,3273,KOTA BANDUNG,3273101,GEDEBAGE,32.73.27,GEDEBAGE,SDN 086 CIMINCRANG KOTA BANDUNG,20245497,SK SISWA,45,ORANG,2024
5044,32,JAWA BARAT,3273,KOTA BANDUNG,3273101,GEDEBAGE,32.73.27,GEDEBAGE,SDN 086 CIMINCRANG KOTA BANDUNG,20245497,AKTIVASI SISWA,45,ORANG,2024
5045,32,JAWA BARAT,3273,KOTA BANDUNG,3273101,GEDEBAGE,32.73.27,GEDEBAGE,SDN 190 CISARANTEN KIDUL KOTA BANDUNG,20245505,SK SISWA,34,ORANG,2024
5046,32,JAWA BARAT,3273,KOTA BANDUNG,3273101,GEDEBAGE,32.73.27,GEDEBAGE,SDN 190 CISARANTEN KIDUL KOTA BANDUNG,20245505,AKTIVASI SISWA,31,ORANG,2024
5047,32,JAWA BARAT,3273,KOTA BANDUNG,3273101,GEDEBAGE,32.73.27,GEDEBAGE,SDN 215 RANCASAGATAN KOTA BANDUNG,20245759,SK SISWA,35,ORANG,2024
5048,32,JAWA BARAT,3273,KOTA BANDUNG,3273101,GEDEBAGE,32.73.27,GEDEBAGE,SDN 215 RANCASAGATAN KOTA BANDUNG,20245759,AKTIVASI SISWA,34,ORANG,2024
5049,32,JAWA BARAT,3273,KOTA BANDUNG,3273101,GEDEBAGE,32.73.27,GEDEBAGE,SDN 216 SONDARIAH KOTA BANDUNG,20245780,SK SISWA,37,ORANG,2024
5050,32,JAWA BARAT,3273,KOTA BANDUNG,3273101,GEDEBAGE,32.73.27,GEDEBAGE,SDN 216 SONDARIAH KOTA BANDUNG,20245780,AKTIVASI SISWA,35,ORANG,2024
5051,32,JAWA BARAT,3273,KOTA BANDUNG,3273101,GEDEBAGE,32.73.27,GEDEBAGE,SDN 274 CEMPAKA ARUM KOTA BANDUNG,20245486,SK SISWA,47,ORANG,2024
5052,32,JAWA BARAT,3273,KOTA BANDUNG,3273101,GEDEBAGE,32.73.27,GEDEBAGE,SDN 274 CEMPAKA ARUM KOTA BANDUNG,20245486,AKTIVASI SISWA,40,ORANG,2024
5053,32,JAWA BARAT,3273,KOTA BANDUNG,3273230,COBLONG,32.73.02,COBLONG,PKBM BINA MANDIRI CENTER,P9926276,SK SISWA,1,ORANG,2024
5054,32,JAWA BARAT,3273,KOTA BANDUNG,3273230,COBLONG,32.73.02,COBLONG,PKBM BINA MANDIRI CENTER,P9926276,AKTIVASI SISWA,1,ORANG,2024
5055,32,JAWA BARAT,3273,KOTA BANDUNG,3273230,COBLONG,32.73.02,COBLONG,SD ADVENT II BANDUNG,20258082,SK SISWA,1,ORANG,2024
5056,32,JAWA BARAT,3273,KOTA BANDUNG,3273230,COBLONG,32.73.02,COBLONG,SD ADVENT II BANDUNG,20258082,AKTIVASI SISWA,1,ORANG,2024
5057,32,JAWA BARAT,3273,KOTA BANDUNG,3273230,COBLONG,32.73.02,COBLONG,SD AL FALAH,20219526,SK SISWA,16,ORANG,2024
5058,32,JAWA BARAT,3273,KOTA BANDUNG,3273230,COBLONG,32.73.02,COBLONG,SD AL FALAH,20219526,AKTIVASI SISWA,13,ORANG,2024
5059,32,JAWA BARAT,3273,KOTA BANDUNG,3273230,COBLONG,32.73.02,COBLONG,SD AL-AMIN,20219529,SK SISWA,23,ORANG,2024
5060,32,JAWA BARAT,3273,KOTA BANDUNG,3273230,COBLONG,32.73.02,COBLONG,SD AL-AMIN,20219529,AKTIVASI SISWA,22,ORANG,2024
5061,32,JAWA BARAT,3273,KOTA BANDUNG,3273230,COBLONG,32.73.02,COBLONG,SD AR-RAHMAN DARUL ILMI,69934958,SK SISWA,2,ORANG,2024
5062,32,JAWA BARAT,3273,KOTA BANDUNG,3273230,COBLONG,32.73.02,COBLONG,SD AR-RAHMAN DARUL ILMI,69934958,AKTIVASI SISWA,1,ORANG,2024
5063,32,JAWA BARAT,3273,KOTA BANDUNG,3273230,COBLONG,32.73.02,COBLONG,SD DARUL HIKAM,20219597,SK SISWA,1,ORANG,2024
5064,32,JAWA BARAT,3273,KOTA BANDUNG,3273230,COBLONG,32.73.02,COBLONG,SD DARUL HIKAM,20219597,AKTIVASI SISWA,0,ORANG,2024
5065,32,JAWA BARAT,3273,KOTA BANDUNG,3273230,COBLONG,32.73.02,COBLONG,SDN 007 CIPAGANTI KOTA BANDUNG,20245525,SK SISWA,40,ORANG,2024
5066,32,JAWA BARAT,3273,KOTA BANDUNG,3273230,COBLONG,32.73.02,COBLONG,SDN 007 CIPAGANTI KOTA BANDUNG,20245525,AKTIVASI SISWA,37,ORANG,2024
5067,32,JAWA BARAT,3273,KOTA BANDUNG,3273230,COBLONG,32.73.02,COBLONG,SDN 024 COBLONG KOTA BANDUNG,20245546,SK SISWA,264,ORANG,2024
5068,32,JAWA BARAT,3273,KOTA BANDUNG,3273230,COBLONG,32.73.02,COBLONG,SDN 024 COBLONG KOTA BANDUNG,20245546,AKTIVASI SISWA,253,ORANG,2024
5069,32,JAWA BARAT,3273,KOTA BANDUNG,3273230,COBLONG,32.73.02,COBLONG,SDN 031 PELESIRAN KOTA BANDUNG,20245749,SK SISWA,74,ORANG,2024
5070,32,JAWA BARAT,3273,KOTA BANDUNG,3273230,COBLONG,32.73.02,COBLONG,SDN 031 PELESIRAN KOTA BANDUNG,20245749,AKTIVASI SISWA,62,ORANG,2024
5071,32,JAWA BARAT,3273,KOTA BANDUNG,3273230,COBLONG,32.73.02,COBLONG,SDN 032 TILIL KOTA BANDUNG,20245822,SK SISWA,167,ORANG,2024
5072,32,JAWA BARAT,3273,KOTA BANDUNG,3273230,COBLONG,32.73.02,COBLONG,SDN 032 TILIL KOTA BANDUNG,20245822,AKTIVASI SISWA,127,ORANG,2024
5073,32,JAWA BARAT,3273,KOTA BANDUNG,3273230,COBLONG,32.73.02,COBLONG,SDN 053 CISITU KOTA BANDUNG,20245537,SK SISWA,113,ORANG,2024
5074,32,JAWA BARAT,3273,KOTA BANDUNG,3273230,COBLONG,32.73.02,COBLONG,SDN 053 CISITU KOTA BANDUNG,20245537,AKTIVASI SISWA,112,ORANG,2024
5075,32,JAWA BARAT,3273,KOTA BANDUNG,3273230,COBLONG,32.73.02,COBLONG,SDN 054 TIKUKUR KOTA BANDUNG,20245817,SK SISWA,164,ORANG,2024
5076,32,JAWA BARAT,3273,KOTA BANDUNG,3273230,COBLONG,32.73.02,COBLONG,SDN 054 TIKUKUR KOTA BANDUNG,20245817,AKTIVASI SISWA,156,ORANG,2024
5077,32,JAWA BARAT,3273,KOTA BANDUNG,3273230,COBLONG,32.73.02,COBLONG,SDN 065 CIHAMPELAS KOTA BANDUNG,20245514,SK SISWA,29,ORANG,2024
5078,32,JAWA BARAT,3273,KOTA BANDUNG,3273230,COBLONG,32.73.02,COBLONG,SDN 065 CIHAMPELAS KOTA BANDUNG,20245514,AKTIVASI SISWA,28,ORANG,2024
5079,32,JAWA BARAT,3273,KOTA BANDUNG,3273230,COBLONG,32.73.02,COBLONG,SDN 103 COBLONG KOTA BANDUNG,20245549,SK SISWA,33,ORANG,2024
5080,32,JAWA BARAT,3273,KOTA BANDUNG,3273230,COBLONG,32.73.02,COBLONG,SDN 103 COBLONG KOTA BANDUNG,20245549,AKTIVASI SISWA,33,ORANG,2024
5081,32,JAWA BARAT,3273,KOTA BANDUNG,3273230,COBLONG,32.73.02,COBLONG,SDN 104 LANGENSARI SENANGGALIH KOTA BANDUNG,20245710,SK SISWA,171,ORANG,2024
5082,32,JAWA BARAT,3273,KOTA BANDUNG,3273230,COBLONG,32.73.02,COBLONG,SDN 104 LANGENSARI SENANGGALIH KOTA BANDUNG,20245710,AKTIVASI SISWA,152,ORANG,2024
5083,32,JAWA BARAT,3273,KOTA BANDUNG,3273230,COBLONG,32.73.02,COBLONG,SDN 127 SEKELOA KOTA BANDUNG,20245765,SK SISWA,58,ORANG,2024
5084,32,JAWA BARAT,3273,KOTA BANDUNG,3273230,COBLONG,32.73.02,COBLONG,SDN 127 SEKELOA KOTA BANDUNG,20245765,AKTIVASI SISWA,58,ORANG,2024
5085,32,JAWA BARAT,3273,KOTA BANDUNG,3273230,COBLONG,32.73.02,COBLONG,SDN 128 HAURPANCUH KOTA BANDUNG,20245587,SK SISWA,175,ORANG,2024
5086,32,JAWA BARAT,3273,KOTA BANDUNG,3273230,COBLONG,32.73.02,COBLONG,SDN 128 HAURPANCUH KOTA BANDUNG,20245587,AKTIVASI SISWA,169,ORANG,2024
5087,32,JAWA BARAT,3273,KOTA BANDUNG,3273230,COBLONG,32.73.02,COBLONG,SDN 173 NEGLASARI KOTA BANDUNG,20245717,SK SISWA,105,ORANG,2024
5088,32,JAWA BARAT,3273,KOTA BANDUNG,3273230,COBLONG,32.73.02,COBLONG,SDN 173 NEGLASARI KOTA BANDUNG,20245717,AKTIVASI SISWA,81,ORANG,2024
5089,32,JAWA BARAT,3273,KOTA BANDUNG,3273230,COBLONG,32.73.02,COBLONG,SDN 189 NEGLASARI KOTA BANDUNG,20245718,SK SISWA,119,ORANG,2024
5090,32,JAWA BARAT,3273,KOTA BANDUNG,3273230,COBLONG,32.73.02,COBLONG,SDN 189 NEGLASARI KOTA BANDUNG,20245718,AKTIVASI SISWA,101,ORANG,2024
5091,32,JAWA BARAT,3273,KOTA BANDUNG,3273230,COBLONG,32.73.02,COBLONG,SDN 205 NEGLASARI KOTA BANDUNG,20245720,SK SISWA,65,ORANG,2024
5092,32,JAWA BARAT,3273,KOTA BANDUNG,3273230,COBLONG,32.73.02,COBLONG,SDN 205 NEGLASARI KOTA BANDUNG,20245720,AKTIVASI SISWA,57,ORANG,2024
5093,32,JAWA BARAT,3273,KOTA BANDUNG,3273230,COBLONG,32.73.02,COBLONG,SLB C YAYASAN TERATE,20219747,SK SISWA,8,ORANG,2024
5094,32,JAWA BARAT,3273,KOTA BANDUNG,3273230,COBLONG,32.73.02,COBLONG,SLB C YAYASAN TERATE,20219747,AKTIVASI SISWA,8,ORANG,2024
5095,32,JAWA BARAT,3273,KOTA BANDUNG,3273230,COBLONG,32.73.02,COBLONG,SPLB C YPLB,20219746,SK SISWA,2,ORANG,2024
5096,32,JAWA BARAT,3273,KOTA BANDUNG,3273230,COBLONG,32.73.02,COBLONG,SPLB C YPLB,20219746,AKTIVASI SISWA,2,ORANG,2024
5097,32,JAWA BARAT,3273,KOTA BANDUNG,3273260,CIDADAP,32.73.08,CIDADAP,SD ADZKIA,69932122,SK SISWA,18,ORANG,2024
5098,32,JAWA BARAT,3273,KOTA BANDUNG,3273260,CIDADAP,32.73.08,CIDADAP,SD ADZKIA,69932122,AKTIVASI SISWA,5,ORANG,2024
5099,32,JAWA BARAT,3273,KOTA BANDUNG,3273260,CIDADAP,32.73.08,CIDADAP,SD AL HUSAINIYYAH,20219544,SK SISWA,6,ORANG,2024
5100,32,JAWA BARAT,3273,KOTA BANDUNG,3273260,CIDADAP,32.73.08,CIDADAP,SD AL HUSAINIYYAH,20219544,AKTIVASI SISWA,6,ORANG,2024
5101,32,JAWA BARAT,3273,KOTA BANDUNG,3273260,CIDADAP,32.73.08,CIDADAP,SD AL- HIDAYAH,20252052,SK SISWA,13,ORANG,2024
5102,32,JAWA BARAT,3273,KOTA BANDUNG,3273260,CIDADAP,32.73.08,CIDADAP,SD AL- HIDAYAH,20252052,AKTIVASI SISWA,8,ORANG,2024
5103,32,JAWA BARAT,3273,KOTA BANDUNG,3273260,CIDADAP,32.73.08,CIDADAP,SD KRISTEN HIDUP BARU,20258399,SK SISWA,3,ORANG,2024
5104,32,JAWA BARAT,3273,KOTA BANDUNG,3273260,CIDADAP,32.73.08,CIDADAP,SD KRISTEN HIDUP BARU,20258399,AKTIVASI SISWA,3,ORANG,2024
5105,32,JAWA BARAT,3273,KOTA BANDUNG,3273260,CIDADAP,32.73.08,CIDADAP,SD MUHAMMADIYAH 6,20219849,SK SISWA,46,ORANG,2024
5106,32,JAWA BARAT,3273,KOTA BANDUNG,3273260,CIDADAP,32.73.08,CIDADAP,SD MUHAMMADIYAH 6,20219849,AKTIVASI SISWA,46,ORANG,2024
5107,32,JAWA BARAT,3273,KOTA BANDUNG,3273260,CIDADAP,32.73.08,CIDADAP,SD SURUUR,20219887,SK SISWA,67,ORANG,2024
5108,32,JAWA BARAT,3273,KOTA BANDUNG,3273260,CIDADAP,32.73.08,CIDADAP,SD SURUUR,20219887,AKTIVASI SISWA,65,ORANG,2024
5109,32,JAWA BARAT,3273,KOTA BANDUNG,3273260,CIDADAP,32.73.08,CIDADAP,SDN 010 CIDADAP KOTA BANDUNG,20245138,SK SISWA,24,ORANG,2024
5110,32,JAWA BARAT,3273,KOTA BANDUNG,3273260,CIDADAP,32.73.08,CIDADAP,SDN 010 CIDADAP KOTA BANDUNG,20245138,AKTIVASI SISWA,23,ORANG,2024
5111,32,JAWA BARAT,3273,KOTA BANDUNG,3273260,CIDADAP,32.73.08,CIDADAP,SDN 030 CIRATEUN KOTA BANDUNG,20245140,SK SISWA,67,ORANG,2024
5112,32,JAWA BARAT,3273,KOTA BANDUNG,3273260,CIDADAP,32.73.08,CIDADAP,SDN 030 CIRATEUN KOTA BANDUNG,20245140,AKTIVASI SISWA,66,ORANG,2024
5113,32,JAWA BARAT,3273,KOTA BANDUNG,3273260,CIDADAP,32.73.08,CIDADAP,SDN 085 CIUMBULEUIT KOTA BANDUNG,20245142,SK SISWA,149,ORANG,2024
5114,32,JAWA BARAT,3273,KOTA BANDUNG,3273260,CIDADAP,32.73.08,CIDADAP,SDN 085 CIUMBULEUIT KOTA BANDUNG,20245142,AKTIVASI SISWA,147,ORANG,2024
5115,32,JAWA BARAT,3273,KOTA BANDUNG,3273260,CIDADAP,32.73.08,CIDADAP,SDN 108 CIUMBULEUIT KOTA BANDUNG,20245144,SK SISWA,136,ORANG,2024
5116,32,JAWA BARAT,3273,KOTA BANDUNG,3273260,CIDADAP,32.73.08,CIDADAP,SDN 108 CIUMBULEUIT KOTA BANDUNG,20245144,AKTIVASI SISWA,128,ORANG,2024
5117,32,JAWA BARAT,3273,KOTA BANDUNG,3273260,CIDADAP,32.73.08,CIDADAP,SDN 134 PANORAMA KOTA BANDUNG,20245244,SK SISWA,66,ORANG,2024
5118,32,JAWA BARAT,3273,KOTA BANDUNG,3273260,CIDADAP,32.73.08,CIDADAP,SDN 134 PANORAMA KOTA BANDUNG,20245244,AKTIVASI SISWA,62,ORANG,2024
5119,32,JAWA BARAT,3273,KOTA BANDUNG,3273260,CIDADAP,32.73.08,CIDADAP,SDN 188 BANDUNG BARU KOTA BANDUNG,20245106,SK SISWA,290,ORANG,2024
5120,32,JAWA BARAT,3273,KOTA BANDUNG,3273260,CIDADAP,32.73.08,CIDADAP,SDN 188 BANDUNG BARU KOTA BANDUNG,20245106,AKTIVASI SISWA,273,ORANG,2024
5121,32,JAWA BARAT,3273,KOTA BANDUNG,3273260,CIDADAP,32.73.08,CIDADAP,SDN 204 CIDADAP KOTA BANDUNG,20245139,SK SISWA,41,ORANG,2024
5122,32,JAWA BARAT,3273,KOTA BANDUNG,3273260,CIDADAP,32.73.08,CIDADAP,SDN 204 CIDADAP KOTA BANDUNG,20245139,AKTIVASI SISWA,37,ORANG,2024
5123,32,JAWA BARAT,3273,KOTA BANDUNG,3273190,CICENDO,32.73.06,CICENDO,SD AL FATAH AL HASAN,20219524,SK SISWA,38,ORANG,2024
5124,32,JAWA BARAT,3273,KOTA BANDUNG,3273190,CICENDO,32.73.06,CICENDO,SD AL FATAH AL HASAN,20219524,AKTIVASI SISWA,33,ORANG,2024
5125,32,JAWA BARAT,3273,KOTA BANDUNG,3273190,CICENDO,32.73.06,CICENDO,SD ANGKASA 1,20219534,SK SISWA,14,ORANG,2024
5126,32,JAWA BARAT,3273,KOTA BANDUNG,3273190,CICENDO,32.73.06,CICENDO,SD ANGKASA 1,20219534,AKTIVASI SISWA,12,ORANG,2024
5127,32,JAWA BARAT,3273,KOTA BANDUNG,3273190,CICENDO,32.73.06,CICENDO,SD ANGKASA 3,20219542,SK SISWA,4,ORANG,2024
5128,32,JAWA BARAT,3273,KOTA BANDUNG,3273190,CICENDO,32.73.06,CICENDO,SD ANGKASA 3,20219542,AKTIVASI SISWA,4,ORANG,2024
5129,32,JAWA BARAT,3273,KOTA BANDUNG,3273190,CICENDO,32.73.06,CICENDO,SD INDUSTRI,20219595,SK SISWA,19,ORANG,2024
5130,32,JAWA BARAT,3273,KOTA BANDUNG,3273190,CICENDO,32.73.06,CICENDO,SD INDUSTRI,20219595,AKTIVASI SISWA,12,ORANG,2024
5131,32,JAWA BARAT,3273,KOTA BANDUNG,3273190,CICENDO,32.73.06,CICENDO,SD KRISTEN BPPK,20219858,SK SISWA,20,ORANG,2024
5132,32,JAWA BARAT,3273,KOTA BANDUNG,3273190,CICENDO,32.73.06,CICENDO,SD KRISTEN BPPK,20219858,AKTIVASI SISWA,19,ORANG,2024
5133,32,JAWA BARAT,3273,KOTA BANDUNG,3273190,CICENDO,32.73.06,CICENDO,SD PANDU,20219820,SK SISWA,4,ORANG,2024
5134,32,JAWA BARAT,3273,KOTA BANDUNG,3273190,CICENDO,32.73.06,CICENDO,SD PANDU,20219820,AKTIVASI SISWA,3,ORANG,2024
5135,32,JAWA BARAT,3273,KOTA BANDUNG,3273190,CICENDO,32.73.06,CICENDO,SD PELITA JASA,20219813,SK SISWA,29,ORANG,2024
5136,32,JAWA BARAT,3273,KOTA BANDUNG,3273190,CICENDO,32.73.06,CICENDO,SD PELITA JASA,20219813,AKTIVASI SISWA,28,ORANG,2024
5137,32,JAWA BARAT,3273,KOTA BANDUNG,3273190,CICENDO,32.73.06,CICENDO,SD YPI,20253257,SK SISWA,9,ORANG,2024
5138,32,JAWA BARAT,3273,KOTA BANDUNG,3273190,CICENDO,32.73.06,CICENDO,SD YPI,20253257,AKTIVASI SISWA,7,ORANG,2024
5139,32,JAWA BARAT,3273,KOTA BANDUNG,3273190,CICENDO,32.73.06,CICENDO,SDN 013 PASIRKALIKI KOTA BANDUNG,20245742,SK SISWA,124,ORANG,2024
5140,32,JAWA BARAT,3273,KOTA BANDUNG,3273190,CICENDO,32.73.06,CICENDO,SDN 013 PASIRKALIKI KOTA BANDUNG,20245742,AKTIVASI SISWA,121,ORANG,2024
5141,32,JAWA BARAT,3273,KOTA BANDUNG,3273190,CICENDO,32.73.06,CICENDO,SDN 015 KRESNA KOTA BANDUNG,20245706,SK SISWA,99,ORANG,2024
5142,32,JAWA BARAT,3273,KOTA BANDUNG,3273190,CICENDO,32.73.06,CICENDO,SDN 015 KRESNA KOTA BANDUNG,20245706,AKTIVASI SISWA,96,ORANG,2024
5143,32,JAWA BARAT,3273,KOTA BANDUNG,3273190,CICENDO,32.73.06,CICENDO,SDN 016 DR. CIPTO PAJAJARAN KOTA BANDUNG,20245566,SK SISWA,344,ORANG,2024
5144,32,JAWA BARAT,3273,KOTA BANDUNG,3273190,CICENDO,32.73.06,CICENDO,SDN 016 DR. CIPTO PAJAJARAN KOTA BANDUNG,20245566,AKTIVASI SISWA,328,ORANG,2024
5145,32,JAWA BARAT,3273,KOTA BANDUNG,3273190,CICENDO,32.73.06,CICENDO,SDN 045 PASIRKALIKI KOTA BANDUNG,20245735,SK SISWA,40,ORANG,2024
5146,32,JAWA BARAT,3273,KOTA BANDUNG,3273190,CICENDO,32.73.06,CICENDO,SDN 045 PASIRKALIKI KOTA BANDUNG,20245735,AKTIVASI SISWA,39,ORANG,2024
5147,32,JAWA BARAT,3273,KOTA BANDUNG,3273190,CICENDO,32.73.06,CICENDO,SDN 051 PASIRKALIKI KOTA BANDUNG,20245740,SK SISWA,110,ORANG,2024
5148,32,JAWA BARAT,3273,KOTA BANDUNG,3273190,CICENDO,32.73.06,CICENDO,SDN 051 PASIRKALIKI KOTA BANDUNG,20245740,AKTIVASI SISWA,105,ORANG,2024
5149,32,JAWA BARAT,3273,KOTA BANDUNG,3273190,CICENDO,32.73.06,CICENDO,SDN 074 AYUDIA KOTA BANDUNG,20245449,SK SISWA,231,ORANG,2024
5150,32,JAWA BARAT,3273,KOTA BANDUNG,3273190,CICENDO,32.73.06,CICENDO,SDN 074 AYUDIA KOTA BANDUNG,20245449,AKTIVASI SISWA,222,ORANG,2024
5151,32,JAWA BARAT,3273,KOTA BANDUNG,3273190,CICENDO,32.73.06,CICENDO,SDN 075 JATAYU KOTA BANDUNG,20245591,SK SISWA,173,ORANG,2024
5152,32,JAWA BARAT,3273,KOTA BANDUNG,3273190,CICENDO,32.73.06,CICENDO,SDN 075 JATAYU KOTA BANDUNG,20245591,AKTIVASI SISWA,162,ORANG,2024
5153,32,JAWA BARAT,3273,KOTA BANDUNG,3273190,CICENDO,32.73.06,CICENDO,SDN 110 PASIRKALIKI KOMARABUDI KOTA BANDUNG,20245736,SK SISWA,311,ORANG,2024
5154,32,JAWA BARAT,3273,KOTA BANDUNG,3273190,CICENDO,32.73.06,CICENDO,SDN 110 PASIRKALIKI KOMARABUDI KOTA BANDUNG,20245736,AKTIVASI SISWA,304,ORANG,2024
5155,32,JAWA BARAT,3273,KOTA BANDUNG,3273190,CICENDO,32.73.06,CICENDO,SDN 154 CITEPUS KOTA BANDUNG,20245541,SK SISWA,39,ORANG,2024
5156,32,JAWA BARAT,3273,KOTA BANDUNG,3273190,CICENDO,32.73.06,CICENDO,SDN 154 CITEPUS KOTA BANDUNG,20245541,AKTIVASI SISWA,39,ORANG,2024
5157,32,JAWA BARAT,3273,KOTA BANDUNG,3273190,CICENDO,32.73.06,CICENDO,SDN 155 GUNUNG RAHAYU KOTA BANDUNG,20245570,SK SISWA,187,ORANG,2024
5158,32,JAWA BARAT,3273,KOTA BANDUNG,3273190,CICENDO,32.73.06,CICENDO,SDN 155 GUNUNG RAHAYU KOTA BANDUNG,20245570,AKTIVASI SISWA,181,ORANG,2024
5159,32,JAWA BARAT,3273,KOTA BANDUNG,3273190,CICENDO,32.73.06,CICENDO,SDN 156 PASIRKALIKI KOTA BANDUNG,20245737,SK SISWA,33,ORANG,2024
5160,32,JAWA BARAT,3273,KOTA BANDUNG,3273190,CICENDO,32.73.06,CICENDO,SDN 156 PASIRKALIKI KOTA BANDUNG,20245737,AKTIVASI SISWA,29,ORANG,2024
5161,32,JAWA BARAT,3273,KOTA BANDUNG,3273190,CICENDO,32.73.06,CICENDO,SDN 170 DIAN KOTA BANDUNG,20245564,SK SISWA,66,ORANG,2024
5162,32,JAWA BARAT,3273,KOTA BANDUNG,3273190,CICENDO,32.73.06,CICENDO,SDN 170 DIAN KOTA BANDUNG,20245564,AKTIVASI SISWA,66,ORANG,2024
5163,32,JAWA BARAT,3273,KOTA BANDUNG,3273190,CICENDO,32.73.06,CICENDO,SDN 171 LANUMA HUSEIN KOTA BANDUNG,20245709,SK SISWA,22,ORANG,2024
5164,32,JAWA BARAT,3273,KOTA BANDUNG,3273190,CICENDO,32.73.06,CICENDO,SDN 171 LANUMA HUSEIN KOTA BANDUNG,20245709,AKTIVASI SISWA,22,ORANG,2024
5165,32,JAWA BARAT,3273,KOTA BANDUNG,3273190,CICENDO,32.73.06,CICENDO,SDN 187 LANUMA HUSEIN KOTA BANDUNG,20245707,SK SISWA,14,ORANG,2024
5166,32,JAWA BARAT,3273,KOTA BANDUNG,3273190,CICENDO,32.73.06,CICENDO,SDN 187 LANUMA HUSEIN KOTA BANDUNG,20245707,AKTIVASI SISWA,8,ORANG,2024
5167,32,JAWA BARAT,3273,KOTA BANDUNG,3273190,CICENDO,32.73.06,CICENDO,SLB NEGERI A PAJAJARAN,20280593,SK SISWA,22,ORANG,2024
5168,32,JAWA BARAT,3273,KOTA BANDUNG,3273190,CICENDO,32.73.06,CICENDO,SLB NEGERI A PAJAJARAN,20280593,AKTIVASI SISWA,15,ORANG,2024
5169,32,JAWA BARAT,3273,KOTA BANDUNG,3273210,CIBEUNYING KIDUL,32.73.14,CIBEUNYING KIDUL,PKBM AS SYAADAH,P9908904,SK SISWA,1,ORANG,2024
5170,32,JAWA BARAT,3273,KOTA BANDUNG,3273210,CIBEUNYING KIDUL,32.73.14,CIBEUNYING KIDUL,PKBM AS SYAADAH,P9908904,AKTIVASI SISWA,1,ORANG,2024
5171,32,JAWA BARAT,3273,KOTA BANDUNG,3273210,CIBEUNYING KIDUL,32.73.14,CIBEUNYING KIDUL,SD ITQAN ISLAMIC SCHOOL,69946543,SK SISWA,3,ORANG,2024
5172,32,JAWA BARAT,3273,KOTA BANDUNG,3273210,CIBEUNYING KIDUL,32.73.14,CIBEUNYING KIDUL,SD ITQAN ISLAMIC SCHOOL,69946543,AKTIVASI SISWA,1,ORANG,2024
5173,32,JAWA BARAT,3273,KOTA BANDUNG,3273210,CIBEUNYING KIDUL,32.73.14,CIBEUNYING KIDUL,SD KARAKTER AZ-ZAHRA,20279824,SK SISWA,4,ORANG,2024
5174,32,JAWA BARAT,3273,KOTA BANDUNG,3273210,CIBEUNYING KIDUL,32.73.14,CIBEUNYING KIDUL,SD KARAKTER AZ-ZAHRA,20279824,AKTIVASI SISWA,4,ORANG,2024
5175,32,JAWA BARAT,3273,KOTA BANDUNG,3273210,CIBEUNYING KIDUL,32.73.14,CIBEUNYING KIDUL,SD MUHAMMADIYAH 3,20219852,SK SISWA,60,ORANG,2024
5176,32,JAWA BARAT,3273,KOTA BANDUNG,3273210,CIBEUNYING KIDUL,32.73.14,CIBEUNYING KIDUL,SD MUHAMMADIYAH 3,20219852,AKTIVASI SISWA,57,ORANG,2024
5177,32,JAWA BARAT,3273,KOTA BANDUNG,3273210,CIBEUNYING KIDUL,32.73.14,CIBEUNYING KIDUL,SD PELITA,20219814,SK SISWA,55,ORANG,2024
5178,32,JAWA BARAT,3273,KOTA BANDUNG,3273210,CIBEUNYING KIDUL,32.73.14,CIBEUNYING KIDUL,SD PELITA,20219814,AKTIVASI SISWA,3,ORANG,2024
5179,32,JAWA BARAT,3273,KOTA BANDUNG,3273210,CIBEUNYING KIDUL,32.73.14,CIBEUNYING KIDUL,SD SANTO YUSUP I,20253862,SK SISWA,1,ORANG,2024
5180,32,JAWA BARAT,3273,KOTA BANDUNG,3273210,CIBEUNYING KIDUL,32.73.14,CIBEUNYING KIDUL,SD SANTO YUSUP I,20253862,AKTIVASI SISWA,1,ORANG,2024
5181,32,JAWA BARAT,3273,KOTA BANDUNG,3273210,CIBEUNYING KIDUL,32.73.14,CIBEUNYING KIDUL,SD YAYASAN ATIKAN SUNDA,20219904,SK SISWA,83,ORANG,2024
5182,32,JAWA BARAT,3273,KOTA BANDUNG,3273210,CIBEUNYING KIDUL,32.73.14,CIBEUNYING KIDUL,SD YAYASAN ATIKAN SUNDA,20219904,AKTIVASI SISWA,5,ORANG,2024
5183,32,JAWA BARAT,3273,KOTA BANDUNG,3273210,CIBEUNYING KIDUL,32.73.14,CIBEUNYING KIDUL,SDN 022 CICADAS KOTA BANDUNG,20245153,SK SISWA,76,ORANG,2024
5184,32,JAWA BARAT,3273,KOTA BANDUNG,3273210,CIBEUNYING KIDUL,32.73.14,CIBEUNYING KIDUL,SDN 022 CICADAS KOTA BANDUNG,20245153,AKTIVASI SISWA,63,ORANG,2024
5185,32,JAWA BARAT,3273,KOTA BANDUNG,3273210,CIBEUNYING KIDUL,32.73.14,CIBEUNYING KIDUL,SDN 027 CICADAS KOTA BANDUNG,20245149,SK SISWA,173,ORANG,2024
5186,32,JAWA BARAT,3273,KOTA BANDUNG,3273210,CIBEUNYING KIDUL,32.73.14,CIBEUNYING KIDUL,SDN 027 CICADAS KOTA BANDUNG,20245149,AKTIVASI SISWA,168,ORANG,2024
5187,32,JAWA BARAT,3273,KOTA BANDUNG,3273210,CIBEUNYING KIDUL,32.73.14,CIBEUNYING KIDUL,SDN 043 CIMUNCANG KOTA BANDUNG,20245178,SK SISWA,139,ORANG,2024
5188,32,JAWA BARAT,3273,KOTA BANDUNG,3273210,CIBEUNYING KIDUL,32.73.14,CIBEUNYING KIDUL,SDN 043 CIMUNCANG KOTA BANDUNG,20245178,AKTIVASI SISWA,131,ORANG,2024
5189,32,JAWA BARAT,3273,KOTA BANDUNG,3273210,CIBEUNYING KIDUL,32.73.14,CIBEUNYING KIDUL,SDN 044 CICADAS AWIGOMBONG KOTA BANDUNG,20245157,SK SISWA,489,ORANG,2024
5190,32,JAWA BARAT,3273,KOTA BANDUNG,3273210,CIBEUNYING KIDUL,32.73.14,CIBEUNYING KIDUL,SDN 044 CICADAS AWIGOMBONG KOTA BANDUNG,20245157,AKTIVASI SISWA,470,ORANG,2024
5191,32,JAWA BARAT,3273,KOTA BANDUNG,3273210,CIBEUNYING KIDUL,32.73.14,CIBEUNYING KIDUL,SDN 064 PADASUKA KOTA BANDUNG,20245247,SK SISWA,396,ORANG,2024
5192,32,JAWA BARAT,3273,KOTA BANDUNG,3273210,CIBEUNYING KIDUL,32.73.14,CIBEUNYING KIDUL,SDN 064 PADASUKA KOTA BANDUNG,20245247,AKTIVASI SISWA,384,ORANG,2024
5193,32,JAWA BARAT,3273,KOTA BANDUNG,3273210,CIBEUNYING KIDUL,32.73.14,CIBEUNYING KIDUL,SDN 114 BOJONGKONENG CIBEUNYING KOTA BANDUNG,20245119,SK SISWA,27,ORANG,2024
5194,32,JAWA BARAT,3273,KOTA BANDUNG,3273210,CIBEUNYING KIDUL,32.73.14,CIBEUNYING KIDUL,SDN 114 BOJONGKONENG CIBEUNYING KOTA BANDUNG,20245119,AKTIVASI SISWA,21,ORANG,2024
5195,32,JAWA BARAT,3273,KOTA BANDUNG,3273210,CIBEUNYING KIDUL,32.73.14,CIBEUNYING KIDUL,SDN 133 JALAN ANYAR KOTA BANDUNG,20245211,SK SISWA,63,ORANG,2024
5196,32,JAWA BARAT,3273,KOTA BANDUNG,3273210,CIBEUNYING KIDUL,32.73.14,CIBEUNYING KIDUL,SDN 133 JALAN ANYAR KOTA BANDUNG,20245211,AKTIVASI SISWA,61,ORANG,2024
5197,32,JAWA BARAT,3273,KOTA BANDUNG,3273210,CIBEUNYING KIDUL,32.73.14,CIBEUNYING KIDUL,SDN 150 GATOT SUBROTO KOTA BANDUNG,20245206,SK SISWA,124,ORANG,2024
5198,32,JAWA BARAT,3273,KOTA BANDUNG,3273210,CIBEUNYING KIDUL,32.73.14,CIBEUNYING KIDUL,SDN 150 GATOT SUBROTO KOTA BANDUNG,20245206,AKTIVASI SISWA,102,ORANG,2024
5199,32,JAWA BARAT,3273,KOTA BANDUNG,3273210,CIBEUNYING KIDUL,32.73.14,CIBEUNYING KIDUL,SDN 151 SUKASENANG KOTA BANDUNG,20245284,SK SISWA,82,ORANG,2024
5200,32,JAWA BARAT,3273,KOTA BANDUNG,3273210,CIBEUNYING KIDUL,32.73.14,CIBEUNYING KIDUL,SDN 151 SUKASENANG KOTA BANDUNG,20245284,AKTIVASI SISWA,81,ORANG,2024
5201,32,JAWA BARAT,3273,KOTA BANDUNG,3273210,CIBEUNYING KIDUL,32.73.14,CIBEUNYING KIDUL,SDN 234 SALUYU KOTA BANDUNG,20245262,SK SISWA,138,ORANG,2024
5202,32,JAWA BARAT,3273,KOTA BANDUNG,3273210,CIBEUNYING KIDUL,32.73.14,CIBEUNYING KIDUL,SDN 234 SALUYU KOTA BANDUNG,20245262,AKTIVASI SISWA,134,ORANG,2024
5203,32,JAWA BARAT,3273,KOTA BANDUNG,3273210,CIBEUNYING KIDUL,32.73.14,CIBEUNYING KIDUL,SLB C KARYA BHAKTI,20219872,SK SISWA,5,ORANG,2024
5204,32,JAWA BARAT,3273,KOTA BANDUNG,3273210,CIBEUNYING KIDUL,32.73.14,CIBEUNYING KIDUL,SLB C KARYA BHAKTI,20219872,AKTIVASI SISWA,4,ORANG,2024
5205,32,JAWA BARAT,3273,KOTA BANDUNG,3273210,CIBEUNYING KIDUL,32.73.14,CIBEUNYING KIDUL,SLB PUSPPA SURYAKANTI,20219743,SK SISWA,9,ORANG,2024
5206,32,JAWA BARAT,3273,KOTA BANDUNG,3273210,CIBEUNYING KIDUL,32.73.14,CIBEUNYING KIDUL,SLB PUSPPA SURYAKANTI,20219743,AKTIVASI SISWA,0,ORANG,2024
5207,32,JAWA BARAT,3273,KOTA BANDUNG,3273030,BOJONGLOA KALER,32.73.04,BOJONGLOA KALER,SD AL FATAH,20219525,SK SISWA,55,ORANG,2024
5208,32,JAWA BARAT,3273,KOTA BANDUNG,3273030,BOJONGLOA KALER,32.73.04,BOJONGLOA KALER,SD AL FATAH,20219525,AKTIVASI SISWA,40,ORANG,2024
5209,32,JAWA BARAT,3273,KOTA BANDUNG,3273030,BOJONGLOA KALER,32.73.04,BOJONGLOA KALER,SD AL HIDAYAH,20219523,SK SISWA,61,ORANG,2024
5210,32,JAWA BARAT,3273,KOTA BANDUNG,3273030,BOJONGLOA KALER,32.73.04,BOJONGLOA KALER,SD AL HIDAYAH,20219523,AKTIVASI SISWA,46,ORANG,2024
5211,32,JAWA BARAT,3273,KOTA BANDUNG,3273030,BOJONGLOA KALER,32.73.04,BOJONGLOA KALER,SD DWI AMANAT,20219607,SK SISWA,22,ORANG,2024
5212,32,JAWA BARAT,3273,KOTA BANDUNG,3273030,BOJONGLOA KALER,32.73.04,BOJONGLOA KALER,SD DWI AMANAT,20219607,AKTIVASI SISWA,20,ORANG,2024
5213,32,JAWA BARAT,3273,KOTA BANDUNG,3273030,BOJONGLOA KALER,32.73.04,BOJONGLOA KALER,SD GRACIA 2,20219612,SK SISWA,5,ORANG,2024
5214,32,JAWA BARAT,3273,KOTA BANDUNG,3273030,BOJONGLOA KALER,32.73.04,BOJONGLOA KALER,SD GRACIA 2,20219612,AKTIVASI SISWA,5,ORANG,2024
5215,32,JAWA BARAT,3273,KOTA BANDUNG,3273030,BOJONGLOA KALER,32.73.04,BOJONGLOA KALER,SD SWADAYA 1,20219886,SK SISWA,32,ORANG,2024
5216,32,JAWA BARAT,3273,KOTA BANDUNG,3273030,BOJONGLOA KALER,32.73.04,BOJONGLOA KALER,SD SWADAYA 1,20219886,AKTIVASI SISWA,32,ORANG,2024
5217,32,JAWA BARAT,3273,KOTA BANDUNG,3273030,BOJONGLOA KALER,32.73.04,BOJONGLOA KALER,SD TERANG NUSANTARA,69986026,SK SISWA,5,ORANG,2024
5218,32,JAWA BARAT,3273,KOTA BANDUNG,3273030,BOJONGLOA KALER,32.73.04,BOJONGLOA KALER,SD TERANG NUSANTARA,69986026,AKTIVASI SISWA,5,ORANG,2024
5219,32,JAWA BARAT,3273,KOTA BANDUNG,3273030,BOJONGLOA KALER,32.73.04,BOJONGLOA KALER,SDN 099 BABAKAN TAROGONG KOTA BANDUNG,20244943,SK SISWA,76,ORANG,2024
5220,32,JAWA BARAT,3273,KOTA BANDUNG,3273030,BOJONGLOA KALER,32.73.04,BOJONGLOA KALER,SDN 099 BABAKAN TAROGONG KOTA BANDUNG,20244943,AKTIVASI SISWA,76,ORANG,2024
5221,32,JAWA BARAT,3273,KOTA BANDUNG,3273030,BOJONGLOA KALER,32.73.04,BOJONGLOA KALER,SDN 118 TANJUNG KOTA BANDUNG,20244990,SK SISWA,30,ORANG,2024
5222,32,JAWA BARAT,3273,KOTA BANDUNG,3273030,BOJONGLOA KALER,32.73.04,BOJONGLOA KALER,SDN 118 TANJUNG KOTA BANDUNG,20244990,AKTIVASI SISWA,27,ORANG,2024
5223,32,JAWA BARAT,3273,KOTA BANDUNG,3273030,BOJONGLOA KALER,32.73.04,BOJONGLOA KALER,SDN 147 CITARIP BARAT KOTA BANDUNG,20244969,SK SISWA,138,ORANG,2024
5224,32,JAWA BARAT,3273,KOTA BANDUNG,3273030,BOJONGLOA KALER,32.73.04,BOJONGLOA KALER,SDN 147 CITARIP BARAT KOTA BANDUNG,20244969,AKTIVASI SISWA,138,ORANG,2024
5225,32,JAWA BARAT,3273,KOTA BANDUNG,3273030,BOJONGLOA KALER,32.73.04,BOJONGLOA KALER,SDN 251 JAMIKA KOTA BANDUNG,20244975,SK SISWA,89,ORANG,2024
5226,32,JAWA BARAT,3273,KOTA BANDUNG,3273030,BOJONGLOA KALER,32.73.04,BOJONGLOA KALER,SDN 251 JAMIKA KOTA BANDUNG,20244975,AKTIVASI SISWA,53,ORANG,2024
5227,32,JAWA BARAT,3273,KOTA BANDUNG,3273030,BOJONGLOA KALER,32.73.04,BOJONGLOA KALER,SDN 270 GENTRA MASEKDAS KOTA BANDUNG,20244974,SK SISWA,34,ORANG,2024
5228,32,JAWA BARAT,3273,KOTA BANDUNG,3273030,BOJONGLOA KALER,32.73.04,BOJONGLOA KALER,SDN 270 GENTRA MASEKDAS KOTA BANDUNG,20244974,AKTIVASI SISWA,30,ORANG,2024
5229,32,JAWA BARAT,3273,KOTA BANDUNG,3273030,BOJONGLOA KALER,32.73.04,BOJONGLOA KALER,SLB C BUDAYA BANGSA,20219871,SK SISWA,7,ORANG,2024
5230,32,JAWA BARAT,3273,KOTA BANDUNG,3273030,BOJONGLOA KALER,32.73.04,BOJONGLOA KALER,SLB C BUDAYA BANGSA,20219871,AKTIVASI SISWA,7,ORANG,2024
5231,32,JAWA BARAT,3273,KOTA BANDUNG,3273040,BOJONGLOA KIDUL,32.73.17,BOJONGLOA KIDUL,SD AL BASYARIYAH,20219527,SK SISWA,22,ORANG,2024
5232,32,JAWA BARAT,3273,KOTA BANDUNG,3273040,BOJONGLOA KIDUL,32.73.17,BOJONGLOA KIDUL,SD AL BASYARIYAH,20219527,AKTIVASI SISWA,20,ORANG,2024
5233,32,JAWA BARAT,3273,KOTA BANDUNG,3273040,BOJONGLOA KIDUL,32.73.17,BOJONGLOA KIDUL,SD BUDI SASTRA,20219604,SK SISWA,42,ORANG,2024
5234,32,JAWA BARAT,3273,KOTA BANDUNG,3273040,BOJONGLOA KIDUL,32.73.17,BOJONGLOA KIDUL,SD BUDI SASTRA,20219604,AKTIVASI SISWA,35,ORANG,2024
5235,32,JAWA BARAT,3273,KOTA BANDUNG,3273040,BOJONGLOA KIDUL,32.73.17,BOJONGLOA KIDUL,SD KRISTEN DIAN EMAS,20219845,SK SISWA,4,ORANG,2024
5236,32,JAWA BARAT,3273,KOTA BANDUNG,3273040,BOJONGLOA KIDUL,32.73.17,BOJONGLOA KIDUL,SD KRISTEN DIAN EMAS,20219845,AKTIVASI SISWA,4,ORANG,2024
5237,32,JAWA BARAT,3273,KOTA BANDUNG,3273040,BOJONGLOA KIDUL,32.73.17,BOJONGLOA KIDUL,SD MUHAMMADIYAH 5,20219850,SK SISWA,128,ORANG,2024
5238,32,JAWA BARAT,3273,KOTA BANDUNG,3273040,BOJONGLOA KIDUL,32.73.17,BOJONGLOA KIDUL,SD MUHAMMADIYAH 5,20219850,AKTIVASI SISWA,29,ORANG,2024
5239,32,JAWA BARAT,3273,KOTA BANDUNG,3273040,BOJONGLOA KIDUL,32.73.17,BOJONGLOA KIDUL,SDN 026 BOJONGLOA KOTA BANDUNG,20244953,SK SISWA,17,ORANG,2024
5240,32,JAWA BARAT,3273,KOTA BANDUNG,3273040,BOJONGLOA KIDUL,32.73.17,BOJONGLOA KIDUL,SDN 026 BOJONGLOA KOTA BANDUNG,20244953,AKTIVASI SISWA,9,ORANG,2024
5241,32,JAWA BARAT,3273,KOTA BANDUNG,3273040,BOJONGLOA KIDUL,32.73.17,BOJONGLOA KIDUL,SDN 148 CIBADUYUT KOTA BANDUNG,20244963,SK SISWA,91,ORANG,2024
5242,32,JAWA BARAT,3273,KOTA BANDUNG,3273040,BOJONGLOA KIDUL,32.73.17,BOJONGLOA KIDUL,SDN 148 CIBADUYUT KOTA BANDUNG,20244963,AKTIVASI SISWA,80,ORANG,2024
5243,32,JAWA BARAT,3273,KOTA BANDUNG,3273040,BOJONGLOA KIDUL,32.73.17,BOJONGLOA KIDUL,SDN 200 LEUWIPANJANG KOTA BANDUNG,20244980,SK SISWA,56,ORANG,2024
5244,32,JAWA BARAT,3273,KOTA BANDUNG,3273040,BOJONGLOA KIDUL,32.73.17,BOJONGLOA KIDUL,SDN 200 LEUWIPANJANG KOTA BANDUNG,20244980,AKTIVASI SISWA,47,ORANG,2024
5245,32,JAWA BARAT,3273,KOTA BANDUNG,3273040,BOJONGLOA KIDUL,32.73.17,BOJONGLOA KIDUL,SDN 228 CANGKUANG KOTA BANDUNG,20244959,SK SISWA,63,ORANG,2024
5246,32,JAWA BARAT,3273,KOTA BANDUNG,3273040,BOJONGLOA KIDUL,32.73.17,BOJONGLOA KIDUL,SDN 228 CANGKUANG KOTA BANDUNG,20244959,AKTIVASI SISWA,55,ORANG,2024
5247,32,JAWA BARAT,3273,KOTA BANDUNG,3273040,BOJONGLOA KIDUL,32.73.17,BOJONGLOA KIDUL,SDN 229 CIBADUYUT KOTA BANDUNG,20244966,SK SISWA,19,ORANG,2024
5248,32,JAWA BARAT,3273,KOTA BANDUNG,3273040,BOJONGLOA KIDUL,32.73.17,BOJONGLOA KIDUL,SDN 229 CIBADUYUT KOTA BANDUNG,20244966,AKTIVASI SISWA,16,ORANG,2024
5249,32,JAWA BARAT,3273,KOTA BANDUNG,3273040,BOJONGLOA KIDUL,32.73.17,BOJONGLOA KIDUL,SDN 233 CIBADUYUT KOTA BANDUNG,20244967,SK SISWA,6,ORANG,2024
5250,32,JAWA BARAT,3273,KOTA BANDUNG,3273040,BOJONGLOA KIDUL,32.73.17,BOJONGLOA KIDUL,SDN 233 CIBADUYUT KOTA BANDUNG,20244967,AKTIVASI SISWA,6,ORANG,2024
5251,32,JAWA BARAT,3273,KOTA BANDUNG,3273040,BOJONGLOA KIDUL,32.73.17,BOJONGLOA KIDUL,SDN 241 LEUWIANYAR KOTA BANDUNG,20244978,SK SISWA,28,ORANG,2024
5252,32,JAWA BARAT,3273,KOTA BANDUNG,3273040,BOJONGLOA KIDUL,32.73.17,BOJONGLOA KIDUL,SDN 241 LEUWIANYAR KOTA BANDUNG,20244978,AKTIVASI SISWA,22,ORANG,2024
5253,32,JAWA BARAT,3273,KOTA BANDUNG,3273040,BOJONGLOA KIDUL,32.73.17,BOJONGLOA KIDUL,SLB BC YPLAB CIBADUYUT,20280596,SK SISWA,5,ORANG,2024
5254,32,JAWA BARAT,3273,KOTA BANDUNG,3273040,BOJONGLOA KIDUL,32.73.17,BOJONGLOA KIDUL,SLB BC YPLAB CIBADUYUT,20280596,AKTIVASI SISWA,4,ORANG,2024
5255,32,JAWA BARAT,3273,KOTA BANDUNG,3273220,CIBEUNYING KALER,32.73.18,CIBEUNYING KALER,SD DARUL HIKAM INTEGRATED SCHOOL,70031982,SK SISWA,1,ORANG,2024
5256,32,JAWA BARAT,3273,KOTA BANDUNG,3273220,CIBEUNYING KALER,32.73.18,CIBEUNYING KALER,SD DARUL HIKAM INTEGRATED SCHOOL,70031982,AKTIVASI SISWA,0,ORANG,2024
5257,32,JAWA BARAT,3273,KOTA BANDUNG,3273220,CIBEUNYING KALER,32.73.18,CIBEUNYING KALER,SD SANTA MELANIA,20219883,SK SISWA,5,ORANG,2024
5258,32,JAWA BARAT,3273,KOTA BANDUNG,3273220,CIBEUNYING KALER,32.73.18,CIBEUNYING KALER,SD SANTA MELANIA,20219883,AKTIVASI SISWA,5,ORANG,2024
5259,32,JAWA BARAT,3273,KOTA BANDUNG,3273220,CIBEUNYING KALER,32.73.18,CIBEUNYING KALER,SD SEJATI,20219891,SK SISWA,76,ORANG,2024
5260,32,JAWA BARAT,3273,KOTA BANDUNG,3273220,CIBEUNYING KALER,32.73.18,CIBEUNYING KALER,SD SEJATI,20219891,AKTIVASI SISWA,56,ORANG,2024
5261,32,JAWA BARAT,3273,KOTA BANDUNG,3273220,CIBEUNYING KALER,32.73.18,CIBEUNYING KALER,SDN 025 CIKUTRA KOTA BANDUNG,20245172,SK SISWA,129,ORANG,2024
5262,32,JAWA BARAT,3273,KOTA BANDUNG,3273220,CIBEUNYING KALER,32.73.18,CIBEUNYING KALER,SDN 025 CIKUTRA KOTA BANDUNG,20245172,AKTIVASI SISWA,129,ORANG,2024
5263,32,JAWA BARAT,3273,KOTA BANDUNG,3273220,CIBEUNYING KALER,32.73.18,CIBEUNYING KALER,SDN 082 MUARARAJEUN KOTA BANDUNG,20245242,SK SISWA,49,ORANG,2024
5264,32,JAWA BARAT,3273,KOTA BANDUNG,3273220,CIBEUNYING KALER,32.73.18,CIBEUNYING KALER,SDN 082 MUARARAJEUN KOTA BANDUNG,20245242,AKTIVASI SISWA,43,ORANG,2024
5265,32,JAWA BARAT,3273,KOTA BANDUNG,3273220,CIBEUNYING KALER,32.73.18,CIBEUNYING KALER,SDN 132 CIHAURGEULIS KOTA BANDUNG,20245165,SK SISWA,115,ORANG,2024
5266,32,JAWA BARAT,3273,KOTA BANDUNG,3273220,CIBEUNYING KALER,32.73.18,CIBEUNYING KALER,SDN 132 CIHAURGEULIS KOTA BANDUNG,20245165,AKTIVASI SISWA,113,ORANG,2024
5267,32,JAWA BARAT,3273,KOTA BANDUNG,3273220,CIBEUNYING KALER,32.73.18,CIBEUNYING KALER,SDN 149 CIGADUNG KOTA BANDUNG,20245162,SK SISWA,74,ORANG,2024
5268,32,JAWA BARAT,3273,KOTA BANDUNG,3273220,CIBEUNYING KALER,32.73.18,CIBEUNYING KALER,SDN 149 CIGADUNG KOTA BANDUNG,20245162,AKTIVASI SISWA,63,ORANG,2024
5269,32,JAWA BARAT,3273,KOTA BANDUNG,3273220,CIBEUNYING KALER,32.73.18,CIBEUNYING KALER,SDN 201 SUKALUYU KOTA BANDUNG,20245280,SK SISWA,219,ORANG,2024
5270,32,JAWA BARAT,3273,KOTA BANDUNG,3273220,CIBEUNYING KALER,32.73.18,CIBEUNYING KALER,SDN 201 SUKALUYU KOTA BANDUNG,20245280,AKTIVASI SISWA,213,ORANG,2024
5271,32,JAWA BARAT,3273,KOTA BANDUNG,3273090,BUAHBATU,32.73.22,BUAHBATU,SD AZ-ZAKIYAH,20219579,SK SISWA,1,ORANG,2024
5272,32,JAWA BARAT,3273,KOTA BANDUNG,3273090,BUAHBATU,32.73.22,BUAHBATU,SD AZ-ZAKIYAH,20219579,AKTIVASI SISWA,0,ORANG,2024
5273,32,JAWA BARAT,3273,KOTA BANDUNG,3273090,BUAHBATU,32.73.22,BUAHBATU,SD BUDI ASIH,20219522,SK SISWA,4,ORANG,2024
5274,32,JAWA BARAT,3273,KOTA BANDUNG,3273090,BUAHBATU,32.73.22,BUAHBATU,SD BUDI ASIH,20219522,AKTIVASI SISWA,3,ORANG,2024
5275,32,JAWA BARAT,3273,KOTA BANDUNG,3273090,BUAHBATU,32.73.22,BUAHBATU,SD IT AL-HIDAYAH LOGAM,69986203,SK SISWA,5,ORANG,2024
5276,32,JAWA BARAT,3273,KOTA BANDUNG,3273090,BUAHBATU,32.73.22,BUAHBATU,SD IT AL-HIDAYAH LOGAM,69986203,AKTIVASI SISWA,5,ORANG,2024
5277,32,JAWA BARAT,3273,KOTA BANDUNG,3273090,BUAHBATU,32.73.22,BUAHBATU,SD TULUS KARTIKA,20219895,SK SISWA,1,ORANG,2024
5278,32,JAWA BARAT,3273,KOTA BANDUNG,3273090,BUAHBATU,32.73.22,BUAHBATU,SD TULUS KARTIKA,20219895,AKTIVASI SISWA,1,ORANG,2024
5279,32,JAWA BARAT,3273,KOTA BANDUNG,3273090,BUAHBATU,32.73.22,BUAHBATU,SDN 006 BUAHBATU KOTA BANDUNG,20245122,SK SISWA,76,ORANG,2024
5280,32,JAWA BARAT,3273,KOTA BANDUNG,3273090,BUAHBATU,32.73.22,BUAHBATU,SDN 006 BUAHBATU KOTA BANDUNG,20245122,AKTIVASI SISWA,75,ORANG,2024
5281,32,JAWA BARAT,3273,KOTA BANDUNG,3273090,BUAHBATU,32.73.22,BUAHBATU,SDN 095 BABAKANJATI KOTA BANDUNG,20246455,SK SISWA,23,ORANG,2024
5282,32,JAWA BARAT,3273,KOTA BANDUNG,3273090,BUAHBATU,32.73.22,BUAHBATU,SDN 095 BABAKANJATI KOTA BANDUNG,20246455,AKTIVASI SISWA,23,ORANG,2024
5283,32,JAWA BARAT,3273,KOTA BANDUNG,3273090,BUAHBATU,32.73.22,BUAHBATU,SDN 129 RANCASAWO MARGASARI KOTA BANDUNG,20246417,SK SISWA,33,ORANG,2024
5284,32,JAWA BARAT,3273,KOTA BANDUNG,3273090,BUAHBATU,32.73.22,BUAHBATU,SDN 129 RANCASAWO MARGASARI KOTA BANDUNG,20246417,AKTIVASI SISWA,32,ORANG,2024
5285,32,JAWA BARAT,3273,KOTA BANDUNG,3273090,BUAHBATU,32.73.22,BUAHBATU,SDN 131 CIJAWURA KOTA BANDUNG,20245171,SK SISWA,32,ORANG,2024
5286,32,JAWA BARAT,3273,KOTA BANDUNG,3273090,BUAHBATU,32.73.22,BUAHBATU,SDN 131 CIJAWURA KOTA BANDUNG,20245171,AKTIVASI SISWA,19,ORANG,2024
5287,32,JAWA BARAT,3273,KOTA BANDUNG,3273090,BUAHBATU,32.73.22,BUAHBATU,SDN 184 BUAHBATU KOTA BANDUNG,20246396,SK SISWA,16,ORANG,2024
5288,32,JAWA BARAT,3273,KOTA BANDUNG,3273090,BUAHBATU,32.73.22,BUAHBATU,SDN 184 BUAHBATU KOTA BANDUNG,20246396,AKTIVASI SISWA,15,ORANG,2024
5289,32,JAWA BARAT,3273,KOTA BANDUNG,3273090,BUAHBATU,32.73.22,BUAHBATU,SDN 230 MARGAHAYU RAYA KOTA BANDUNG,20245226,SK SISWA,11,ORANG,2024
5290,32,JAWA BARAT,3273,KOTA BANDUNG,3273090,BUAHBATU,32.73.22,BUAHBATU,SDN 230 MARGAHAYU RAYA KOTA BANDUNG,20245226,AKTIVASI SISWA,11,ORANG,2024
5291,32,JAWA BARAT,3273,KOTA BANDUNG,3273090,BUAHBATU,32.73.22,BUAHBATU,SDN 242 MARGASARI KOTA BANDUNG,20245228,SK SISWA,16,ORANG,2024
5292,32,JAWA BARAT,3273,KOTA BANDUNG,3273090,BUAHBATU,32.73.22,BUAHBATU,SDN 242 MARGASARI KOTA BANDUNG,20245228,AKTIVASI SISWA,13,ORANG,2024
5293,32,JAWA BARAT,3273,KOTA BANDUNG,3273090,BUAHBATU,32.73.22,BUAHBATU,SDN 246 MARGACINTA KOTA BANDUNG,20246410,SK SISWA,78,ORANG,2024
5294,32,JAWA BARAT,3273,KOTA BANDUNG,3273090,BUAHBATU,32.73.22,BUAHBATU,SDN 246 MARGACINTA KOTA BANDUNG,20246410,AKTIVASI SISWA,72,ORANG,2024
5295,32,JAWA BARAT,3273,KOTA BANDUNG,3273090,BUAHBATU,32.73.22,BUAHBATU,SDN 261 MARGAHAYU RAYA KOTA BANDUNG,20246408,SK SISWA,14,ORANG,2024
5296,32,JAWA BARAT,3273,KOTA BANDUNG,3273090,BUAHBATU,32.73.22,BUAHBATU,SDN 261 MARGAHAYU RAYA KOTA BANDUNG,20246408,AKTIVASI SISWA,14,ORANG,2024
5297,32,JAWA BARAT,3273,KOTA BANDUNG,3273090,BUAHBATU,32.73.22,BUAHBATU,SLB AZ-ZAKIYAH,20280597,SK SISWA,8,ORANG,2024
5298,32,JAWA BARAT,3273,KOTA BANDUNG,3273090,BUAHBATU,32.73.22,BUAHBATU,SLB AZ-ZAKIYAH,20280597,AKTIVASI SISWA,5,ORANG,2024
5299,32,JAWA BARAT,3273,KOTA BANDUNG,3273090,BUAHBATU,32.73.22,BUAHBATU,SLB BC HIKMAT,20219879,SK SISWA,11,ORANG,2024
5300,32,JAWA BARAT,3273,KOTA BANDUNG,3273090,BUAHBATU,32.73.22,BUAHBATU,SLB BC HIKMAT,20219879,AKTIVASI SISWA,10,ORANG,2024
5301,32,JAWA BARAT,3273,KOTA BANDUNG,3273120,UJUNG BERUNG,32.73.26,UJUNGBERUNG,PKBM PATRAKOMALA,P2961059,SK SISWA,2,ORANG,2024
5302,32,JAWA BARAT,3273,KOTA BANDUNG,3273120,UJUNG BERUNG,32.73.26,UJUNGBERUNG,PKBM PATRAKOMALA,P2961059,AKTIVASI SISWA,0,ORANG,2024
5303,32,JAWA BARAT,3273,KOTA BANDUNG,3273120,UJUNG BERUNG,32.73.26,UJUNGBERUNG,SD AL-HUNAFA,70031983,SK SISWA,8,ORANG,2024
5304,32,JAWA BARAT,3273,KOTA BANDUNG,3273120,UJUNG BERUNG,32.73.26,UJUNGBERUNG,SD AL-HUNAFA,70031983,AKTIVASI SISWA,3,ORANG,2024
5305,32,JAWA BARAT,3273,KOTA BANDUNG,3273120,UJUNG BERUNG,32.73.26,UJUNGBERUNG,SD PLUS BAITURRAHMAN,20247254,SK SISWA,91,ORANG,2024
5306,32,JAWA BARAT,3273,KOTA BANDUNG,3273120,UJUNG BERUNG,32.73.26,UJUNGBERUNG,SD PLUS BAITURRAHMAN,20247254,AKTIVASI SISWA,83,ORANG,2024
5307,32,JAWA BARAT,3273,KOTA BANDUNG,3273120,UJUNG BERUNG,32.73.26,UJUNGBERUNG,SD UNGGULAN AL-IZZAH BANDUNG,70038570,SK SISWA,8,ORANG,2024
5308,32,JAWA BARAT,3273,KOTA BANDUNG,3273120,UJUNG BERUNG,32.73.26,UJUNGBERUNG,SD UNGGULAN AL-IZZAH BANDUNG,70038570,AKTIVASI SISWA,0,ORANG,2024
5309,32,JAWA BARAT,3273,KOTA BANDUNG,3273120,UJUNG BERUNG,32.73.26,UJUNGBERUNG,SDN 021 CIPOREAT KOTA BANDUNG,20245527,SK SISWA,139,ORANG,2024
5310,32,JAWA BARAT,3273,KOTA BANDUNG,3273120,UJUNG BERUNG,32.73.26,UJUNGBERUNG,SDN 021 CIPOREAT KOTA BANDUNG,20245527,AKTIVASI SISWA,135,ORANG,2024
5311,32,JAWA BARAT,3273,KOTA BANDUNG,3273120,UJUNG BERUNG,32.73.26,UJUNGBERUNG,SDN 036 UJUNGBERUNG KOTA BANDUNG,20245826,SK SISWA,407,ORANG,2024
5312,32,JAWA BARAT,3273,KOTA BANDUNG,3273120,UJUNG BERUNG,32.73.26,UJUNGBERUNG,SDN 036 UJUNGBERUNG KOTA BANDUNG,20245826,AKTIVASI SISWA,382,ORANG,2024
5313,32,JAWA BARAT,3273,KOTA BANDUNG,3273120,UJUNG BERUNG,32.73.26,UJUNGBERUNG,SDN 106 AJITUNGGAL CIJAMBE KOTA BANDUNG,20246393,SK SISWA,35,ORANG,2024
5314,32,JAWA BARAT,3273,KOTA BANDUNG,3273120,UJUNG BERUNG,32.73.26,UJUNGBERUNG,SDN 106 AJITUNGGAL CIJAMBE KOTA BANDUNG,20246393,AKTIVASI SISWA,27,ORANG,2024
5315,32,JAWA BARAT,3273,KOTA BANDUNG,3273120,UJUNG BERUNG,32.73.26,UJUNGBERUNG,SDN 107 PALEDANG KOTA BANDUNG,20245729,SK SISWA,22,ORANG,2024
5316,32,JAWA BARAT,3273,KOTA BANDUNG,3273120,UJUNG BERUNG,32.73.26,UJUNGBERUNG,SDN 107 PALEDANG KOTA BANDUNG,20245729,AKTIVASI SISWA,11,ORANG,2024
5317,32,JAWA BARAT,3273,KOTA BANDUNG,3273120,UJUNG BERUNG,32.73.26,UJUNGBERUNG,SDN 224 CIJAMBE KOTA BANDUNG,20245517,SK SISWA,74,ORANG,2024
5318,32,JAWA BARAT,3273,KOTA BANDUNG,3273120,UJUNG BERUNG,32.73.26,UJUNGBERUNG,SDN 224 CIJAMBE KOTA BANDUNG,20245517,AKTIVASI SISWA,74,ORANG,2024
5319,32,JAWA BARAT,3273,KOTA BANDUNG,3273120,UJUNG BERUNG,32.73.26,UJUNGBERUNG,SDN 225 MEKARGALIH KOTA BANDUNG,20245714,SK SISWA,19,ORANG,2024
5320,32,JAWA BARAT,3273,KOTA BANDUNG,3273120,UJUNG BERUNG,32.73.26,UJUNGBERUNG,SDN 225 MEKARGALIH KOTA BANDUNG,20245714,AKTIVASI SISWA,19,ORANG,2024
5321,32,JAWA BARAT,3273,KOTA BANDUNG,3273120,UJUNG BERUNG,32.73.26,UJUNGBERUNG,SDN 253 PANGGUNGSARI KOTA BANDUNG,20245731,SK SISWA,149,ORANG,2024
5322,32,JAWA BARAT,3273,KOTA BANDUNG,3273120,UJUNG BERUNG,32.73.26,UJUNGBERUNG,SDN 253 PANGGUNGSARI KOTA BANDUNG,20245731,AKTIVASI SISWA,147,ORANG,2024
5323,32,JAWA BARAT,3273,KOTA BANDUNG,3273120,UJUNG BERUNG,32.73.26,UJUNGBERUNG,SLB YRBB,20280600,SK SISWA,1,ORANG,2024
5324,32,JAWA BARAT,3273,KOTA BANDUNG,3273120,UJUNG BERUNG,32.73.26,UJUNGBERUNG,SLB YRBB,20280600,AKTIVASI SISWA,0,ORANG,2024
5325,32,JAWA BARAT,3273,KOTA BANDUNG,3273110,CIBIRU,32.73.25,CIBIRU,SD INTAN AL-SALI,69952860,SK SISWA,8,ORANG,2024
5326,32,JAWA BARAT,3273,KOTA BANDUNG,3273110,CIBIRU,32.73.25,CIBIRU,SD INTAN AL-SALI,69952860,AKTIVASI SISWA,7,ORANG,2024
5327,32,JAWA BARAT,3273,KOTA BANDUNG,3273110,CIBIRU,32.73.25,CIBIRU,SD IT INSAN CERMAT,70008908,SK SISWA,1,ORANG,2024
5328,32,JAWA BARAT,3273,KOTA BANDUNG,3273110,CIBIRU,32.73.25,CIBIRU,SD IT INSAN CERMAT,70008908,AKTIVASI SISWA,1,ORANG,2024
5329,32,JAWA BARAT,3273,KOTA BANDUNG,3273110,CIBIRU,32.73.25,CIBIRU,SDN 029 CILENGKRANG KOTA BANDUNG,20245494,SK SISWA,34,ORANG,2024
5330,32,JAWA BARAT,3273,KOTA BANDUNG,3273110,CIBIRU,32.73.25,CIBIRU,SDN 029 CILENGKRANG KOTA BANDUNG,20245494,AKTIVASI SISWA,34,ORANG,2024
5331,32,JAWA BARAT,3273,KOTA BANDUNG,3273110,CIBIRU,32.73.25,CIBIRU,SDN 050 CIBIRU KOTA BANDUNG,20245488,SK SISWA,38,ORANG,2024
5332,32,JAWA BARAT,3273,KOTA BANDUNG,3273110,CIBIRU,32.73.25,CIBIRU,SDN 050 CIBIRU KOTA BANDUNG,20245488,AKTIVASI SISWA,35,ORANG,2024
5333,32,JAWA BARAT,3273,KOTA BANDUNG,3273110,CIBIRU,32.73.25,CIBIRU,SDN 090 CIBIRU KOTA BANDUNG,20245487,SK SISWA,47,ORANG,2024
5334,32,JAWA BARAT,3273,KOTA BANDUNG,3273110,CIBIRU,32.73.25,CIBIRU,SDN 090 CIBIRU KOTA BANDUNG,20245487,AKTIVASI SISWA,47,ORANG,2024
5335,32,JAWA BARAT,3273,KOTA BANDUNG,3273110,CIBIRU,32.73.25,CIBIRU,SDN 102 CIKUDAYASA KOTA BANDUNG,20245492,SK SISWA,31,ORANG,2024
5336,32,JAWA BARAT,3273,KOTA BANDUNG,3273110,CIBIRU,32.73.25,CIBIRU,SDN 102 CIKUDAYASA KOTA BANDUNG,20245492,AKTIVASI SISWA,31,ORANG,2024
5337,32,JAWA BARAT,3273,KOTA BANDUNG,3273110,CIBIRU,32.73.25,CIBIRU,SDN 124 HANURA KOTA BANDUNG,20245586,SK SISWA,21,ORANG,2024
5338,32,JAWA BARAT,3273,KOTA BANDUNG,3273110,CIBIRU,32.73.25,CIBIRU,SDN 124 HANURA KOTA BANDUNG,20245586,AKTIVASI SISWA,7,ORANG,2024
5339,32,JAWA BARAT,3273,KOTA BANDUNG,3273110,CIBIRU,32.73.25,CIBIRU,SDN 125 TARUNA KARYA KOTA BANDUNG,20245811,SK SISWA,28,ORANG,2024
5340,32,JAWA BARAT,3273,KOTA BANDUNG,3273110,CIBIRU,32.73.25,CIBIRU,SDN 125 TARUNA KARYA KOTA BANDUNG,20245811,AKTIVASI SISWA,28,ORANG,2024
5341,32,JAWA BARAT,3273,KOTA BANDUNG,3273110,CIBIRU,32.73.25,CIBIRU,SDN 152 CIGAGAK KOTA BANDUNG,20245838,SK SISWA,34,ORANG,2024
5342,32,JAWA BARAT,3273,KOTA BANDUNG,3273110,CIBIRU,32.73.25,CIBIRU,SDN 152 CIGAGAK KOTA BANDUNG,20245838,AKTIVASI SISWA,7,ORANG,2024
5343,32,JAWA BARAT,3273,KOTA BANDUNG,3273110,CIBIRU,32.73.25,CIBIRU,SDN 153 TARUNA KARYA KOTA BANDUNG,20245812,SK SISWA,65,ORANG,2024
5344,32,JAWA BARAT,3273,KOTA BANDUNG,3273110,CIBIRU,32.73.25,CIBIRU,SDN 153 TARUNA KARYA KOTA BANDUNG,20245812,AKTIVASI SISWA,63,ORANG,2024
5345,32,JAWA BARAT,3273,KOTA BANDUNG,3273110,CIBIRU,32.73.25,CIBIRU,SDN 168 CIPADUNG KOTA BANDUNG,20245500,SK SISWA,49,ORANG,2024
5346,32,JAWA BARAT,3273,KOTA BANDUNG,3273110,CIBIRU,32.73.25,CIBIRU,SDN 168 CIPADUNG KOTA BANDUNG,20245500,AKTIVASI SISWA,48,ORANG,2024
5347,32,JAWA BARAT,3273,KOTA BANDUNG,3273110,CIBIRU,32.73.25,CIBIRU,SDN 169 PELITA KOTA BANDUNG,20245747,SK SISWA,34,ORANG,2024
5348,32,JAWA BARAT,3273,KOTA BANDUNG,3273110,CIBIRU,32.73.25,CIBIRU,SDN 169 PELITA KOTA BANDUNG,20245747,AKTIVASI SISWA,7,ORANG,2024
5349,32,JAWA BARAT,3273,KOTA BANDUNG,3273110,CIBIRU,32.73.25,CIBIRU,SDN 186 CIPADUNG KOTA BANDUNG,20245498,SK SISWA,8,ORANG,2024
5350,32,JAWA BARAT,3273,KOTA BANDUNG,3273110,CIBIRU,32.73.25,CIBIRU,SDN 186 CIPADUNG KOTA BANDUNG,20245498,AKTIVASI SISWA,6,ORANG,2024
5351,32,JAWA BARAT,3273,KOTA BANDUNG,3273110,CIBIRU,32.73.25,CIBIRU,SDN 247 SUKAPURA KOTA BANDUNG,20258124,SK SISWA,75,ORANG,2024
5352,32,JAWA BARAT,3273,KOTA BANDUNG,3273110,CIBIRU,32.73.25,CIBIRU,SDN 247 SUKAPURA KOTA BANDUNG,20258124,AKTIVASI SISWA,55,ORANG,2024
5353,32,JAWA BARAT,3273,KOTA BANDUNG,3273110,CIBIRU,32.73.25,CIBIRU,SLB ABCDE LOB,20280599,SK SISWA,1,ORANG,2024
5354,32,JAWA BARAT,3273,KOTA BANDUNG,3273110,CIBIRU,32.73.25,CIBIRU,SLB ABCDE LOB,20280599,AKTIVASI SISWA,0,ORANG,2024
5355,32,JAWA BARAT,3273,KOTA BANDUNG,3273110,CIBIRU,32.73.25,CIBIRU,SLB C SILIH ASIH,20219882,SK SISWA,3,ORANG,2024
5356,32,JAWA BARAT,3273,KOTA BANDUNG,3273110,CIBIRU,32.73.25,CIBIRU,SLB C SILIH ASIH,20219882,AKTIVASI SISWA,3,ORANG,2024
5357,32,JAWA BARAT,3273,KOTA BANDUNG,3273250,SUKASARI,32.73.01,SUKASARI,PKBM DAARUT TAUHID,P9984875,SK SISWA,5,ORANG,2024
5358,32,JAWA BARAT,3273,KOTA BANDUNG,3273250,SUKASARI,32.73.01,SUKASARI,PKBM DAARUT TAUHID,P9984875,AKTIVASI SISWA,4,ORANG,2024
5359,32,JAWA BARAT,3273,KOTA BANDUNG,3273250,SUKASARI,32.73.01,SUKASARI,SD LABORATORIUM PERCONTOHAN UPI,20252973,SK SISWA,1,ORANG,2024
5360,32,JAWA BARAT,3273,KOTA BANDUNG,3273250,SUKASARI,32.73.01,SUKASARI,SD LABORATORIUM PERCONTOHAN UPI,20252973,AKTIVASI SISWA,0,ORANG,2024
5361,32,JAWA BARAT,3273,KOTA BANDUNG,3273250,SUKASARI,32.73.01,SUKASARI,SD MIFTAHUL IMAN,20219855,SK SISWA,64,ORANG,2024
5362,32,JAWA BARAT,3273,KOTA BANDUNG,3273250,SUKASARI,32.73.01,SUKASARI,SD MIFTAHUL IMAN,20219855,AKTIVASI SISWA,56,ORANG,2024
5363,32,JAWA BARAT,3273,KOTA BANDUNG,3273250,SUKASARI,32.73.01,SUKASARI,SD PELITA NUSANTARA,20247253,SK SISWA,1,ORANG,2024
5364,32,JAWA BARAT,3273,KOTA BANDUNG,3273250,SUKASARI,32.73.01,SUKASARI,SD PELITA NUSANTARA,20247253,AKTIVASI SISWA,0,ORANG,2024
5365,32,JAWA BARAT,3273,KOTA BANDUNG,3273250,SUKASARI,32.73.01,SUKASARI,SDN 097 CIRATEUN KULON KOTA BANDUNG,20244855,SK SISWA,27,ORANG,2024
5366,32,JAWA BARAT,3273,KOTA BANDUNG,3273250,SUKASARI,32.73.01,SUKASARI,SDN 097 CIRATEUN KULON KOTA BANDUNG,20244855,AKTIVASI SISWA,27,ORANG,2024
5367,32,JAWA BARAT,3273,KOTA BANDUNG,3273250,SUKASARI,32.73.01,SUKASARI,SDN 100 CIPEDES KOTA BANDUNG,20245922,SK SISWA,55,ORANG,2024
5368,32,JAWA BARAT,3273,KOTA BANDUNG,3273250,SUKASARI,32.73.01,SUKASARI,SDN 100 CIPEDES KOTA BANDUNG,20245922,AKTIVASI SISWA,49,ORANG,2024
5369,32,JAWA BARAT,3273,KOTA BANDUNG,3273250,SUKASARI,32.73.01,SUKASARI,SDN 137 CIJEROKASO KOTA BANDUNG,20244848,SK SISWA,40,ORANG,2024
5370,32,JAWA BARAT,3273,KOTA BANDUNG,3273250,SUKASARI,32.73.01,SUKASARI,SDN 137 CIJEROKASO KOTA BANDUNG,20244848,AKTIVASI SISWA,38,ORANG,2024
5371,32,JAWA BARAT,3273,KOTA BANDUNG,3273250,SUKASARI,32.73.01,SUKASARI,SDN 138 GEGERKALONG GIRANG KOTA BANDUNG,20247203,SK SISWA,59,ORANG,2024
5372,32,JAWA BARAT,3273,KOTA BANDUNG,3273250,SUKASARI,32.73.01,SUKASARI,SDN 138 GEGERKALONG GIRANG KOTA BANDUNG,20247203,AKTIVASI SISWA,57,ORANG,2024
5373,32,JAWA BARAT,3273,KOTA BANDUNG,3273250,SUKASARI,32.73.01,SUKASARI,SDN 139 SUKARASA KOTA BANDUNG,20244928,SK SISWA,36,ORANG,2024
5374,32,JAWA BARAT,3273,KOTA BANDUNG,3273250,SUKASARI,32.73.01,SUKASARI,SDN 139 SUKARASA KOTA BANDUNG,20244928,AKTIVASI SISWA,34,ORANG,2024
5375,32,JAWA BARAT,3273,KOTA BANDUNG,3273250,SUKASARI,32.73.01,SUKASARI,SDN 176 CILANDAK KOTA BANDUNG,20245918,SK SISWA,12,ORANG,2024
5376,32,JAWA BARAT,3273,KOTA BANDUNG,3273250,SUKASARI,32.73.01,SUKASARI,SDN 176 CILANDAK KOTA BANDUNG,20245918,AKTIVASI SISWA,10,ORANG,2024
5377,32,JAWA BARAT,3273,KOTA BANDUNG,3273250,SUKASARI,32.73.01,SUKASARI,SDN 177 CIPEDES KOTA BANDUNG,20245919,SK SISWA,71,ORANG,2024
5378,32,JAWA BARAT,3273,KOTA BANDUNG,3273250,SUKASARI,32.73.01,SUKASARI,SDN 177 CIPEDES KOTA BANDUNG,20245919,AKTIVASI SISWA,68,ORANG,2024
5379,32,JAWA BARAT,3273,KOTA BANDUNG,3273250,SUKASARI,32.73.01,SUKASARI,SDN 178 GEGERKALONG KPAD KOTA BANDUNG,20244861,SK SISWA,93,ORANG,2024
5380,32,JAWA BARAT,3273,KOTA BANDUNG,3273250,SUKASARI,32.73.01,SUKASARI,SDN 178 GEGERKALONG KPAD KOTA BANDUNG,20244861,AKTIVASI SISWA,88,ORANG,2024
5381,32,JAWA BARAT,3273,KOTA BANDUNG,3273250,SUKASARI,32.73.01,SUKASARI,SDN 179 SARIJADI KOTA BANDUNG,20244903,SK SISWA,74,ORANG,2024
5382,32,JAWA BARAT,3273,KOTA BANDUNG,3273250,SUKASARI,32.73.01,SUKASARI,SDN 179 SARIJADI KOTA BANDUNG,20244903,AKTIVASI SISWA,71,ORANG,2024
5383,32,JAWA BARAT,3273,KOTA BANDUNG,3273250,SUKASARI,32.73.01,SUKASARI,SDN 195 ISOLA KOTA BANDUNG,20244878,SK SISWA,51,ORANG,2024
5384,32,JAWA BARAT,3273,KOTA BANDUNG,3273250,SUKASARI,32.73.01,SUKASARI,SDN 195 ISOLA KOTA BANDUNG,20244878,AKTIVASI SISWA,50,ORANG,2024
5385,32,JAWA BARAT,3273,KOTA BANDUNG,3273250,SUKASARI,32.73.01,SUKASARI,SDN 196 SUKARASA KOTA BANDUNG,20244929,SK SISWA,37,ORANG,2024
5386,32,JAWA BARAT,3273,KOTA BANDUNG,3273250,SUKASARI,32.73.01,SUKASARI,SDN 196 SUKARASA KOTA BANDUNG,20244929,AKTIVASI SISWA,35,ORANG,2024
5387,32,JAWA BARAT,3273,KOTA BANDUNG,3273250,SUKASARI,32.73.01,SUKASARI,SDN 212 HARAPAN KOTA BANDUNG,20245941,SK SISWA,69,ORANG,2024
5388,32,JAWA BARAT,3273,KOTA BANDUNG,3273250,SUKASARI,32.73.01,SUKASARI,SDN 212 HARAPAN KOTA BANDUNG,20245941,AKTIVASI SISWA,59,ORANG,2024
5389,32,JAWA BARAT,3273,KOTA BANDUNG,3273250,SUKASARI,32.73.01,SUKASARI,SDN 217 SARIJADI KOTA BANDUNG,20245971,SK SISWA,58,ORANG,2024
5390,32,JAWA BARAT,3273,KOTA BANDUNG,3273250,SUKASARI,32.73.01,SUKASARI,SDN 217 SARIJADI KOTA BANDUNG,20245971,AKTIVASI SISWA,56,ORANG,2024
5391,32,JAWA BARAT,3273,KOTA BANDUNG,3273250,SUKASARI,32.73.01,SUKASARI,SDN 218 SARIJADI KOTA BANDUNG,20244907,SK SISWA,120,ORANG,2024
5392,32,JAWA BARAT,3273,KOTA BANDUNG,3273250,SUKASARI,32.73.01,SUKASARI,SDN 218 SARIJADI KOTA BANDUNG,20244907,AKTIVASI SISWA,118,ORANG,2024
5393,32,JAWA BARAT,3273,KOTA BANDUNG,3273250,SUKASARI,32.73.01,SUKASARI,SDN 252 SETIABUDI KOTA BANDUNG,20244937,SK SISWA,62,ORANG,2024
5394,32,JAWA BARAT,3273,KOTA BANDUNG,3273250,SUKASARI,32.73.01,SUKASARI,SDN 252 SETIABUDI KOTA BANDUNG,20244937,AKTIVASI SISWA,48,ORANG,2024
5395,32,JAWA BARAT,3273,KOTA BANDUNG,3273250,SUKASARI,32.73.01,SUKASARI,SLB SOLALIN,20280590,SK SISWA,3,ORANG,2024
5396,32,JAWA BARAT,3273,KOTA BANDUNG,3273250,SUKASARI,32.73.01,SUKASARI,SLB SOLALIN,20280590,AKTIVASI SISWA,3,ORANG,2024
5397,32,JAWA BARAT,3273,KOTA BANDUNG,3273170,SUMUR BANDUNG,32.73.19,SUMUR BANDUNG,SD 3 KRISTEN PAULUS,20219588,SK SISWA,21,ORANG,2024
5398,32,JAWA BARAT,3273,KOTA BANDUNG,3273170,SUMUR BANDUNG,32.73.19,SUMUR BANDUNG,SD 3 KRISTEN PAULUS,20219588,AKTIVASI SISWA,20,ORANG,2024
5399,32,JAWA BARAT,3273,KOTA BANDUNG,3273170,SUMUR BANDUNG,32.73.19,SUMUR BANDUNG,SD ADVENT NARIPAN,20219530,SK SISWA,9,ORANG,2024
5400,32,JAWA BARAT,3273,KOTA BANDUNG,3273170,SUMUR BANDUNG,32.73.19,SUMUR BANDUNG,SD ADVENT NARIPAN,20219530,AKTIVASI SISWA,8,ORANG,2024
5401,32,JAWA BARAT,3273,KOTA BANDUNG,3273170,SUMUR BANDUNG,32.73.19,SUMUR BANDUNG,SD KARTIKA XIX - 1,20219575,SK SISWA,2,ORANG,2024
5402,32,JAWA BARAT,3273,KOTA BANDUNG,3273170,SUMUR BANDUNG,32.73.19,SUMUR BANDUNG,SD KARTIKA XIX - 1,20219575,AKTIVASI SISWA,2,ORANG,2024
5403,32,JAWA BARAT,3273,KOTA BANDUNG,3273170,SUMUR BANDUNG,32.73.19,SUMUR BANDUNG,SD PARDOMUAN,20219818,SK SISWA,12,ORANG,2024
5404,32,JAWA BARAT,3273,KOTA BANDUNG,3273170,SUMUR BANDUNG,32.73.19,SUMUR BANDUNG,SD PARDOMUAN,20219818,AKTIVASI SISWA,12,ORANG,2024
5405,32,JAWA BARAT,3273,KOTA BANDUNG,3273170,SUMUR BANDUNG,32.73.19,SUMUR BANDUNG,SD SEQUOIA NASIONAL PLUS,69980318,SK SISWA,1,ORANG,2024
5406,32,JAWA BARAT,3273,KOTA BANDUNG,3273170,SUMUR BANDUNG,32.73.19,SUMUR BANDUNG,SD SEQUOIA NASIONAL PLUS,69980318,AKTIVASI SISWA,0,ORANG,2024
5407,32,JAWA BARAT,3273,KOTA BANDUNG,3273170,SUMUR BANDUNG,32.73.19,SUMUR BANDUNG,SDN 001 MERDEKA KOTA BANDUNG,20245231,SK SISWA,76,ORANG,2024
5408,32,JAWA BARAT,3273,KOTA BANDUNG,3273170,SUMUR BANDUNG,32.73.19,SUMUR BANDUNG,SDN 001 MERDEKA KOTA BANDUNG,20245231,AKTIVASI SISWA,73,ORANG,2024
5409,32,JAWA BARAT,3273,KOTA BANDUNG,3273170,SUMUR BANDUNG,32.73.19,SUMUR BANDUNG,SDN 034 PATRAKOMALA KOTA BANDUNG,20245745,SK SISWA,26,ORANG,2024
5410,32,JAWA BARAT,3273,KOTA BANDUNG,3273170,SUMUR BANDUNG,32.73.19,SUMUR BANDUNG,SDN 034 PATRAKOMALA KOTA BANDUNG,20245745,AKTIVASI SISWA,23,ORANG,2024
5411,32,JAWA BARAT,3273,KOTA BANDUNG,3273170,SUMUR BANDUNG,32.73.19,SUMUR BANDUNG,SDN 035 SOKA KOTA BANDUNG,20245781,SK SISWA,46,ORANG,2024
5412,32,JAWA BARAT,3273,KOTA BANDUNG,3273170,SUMUR BANDUNG,32.73.19,SUMUR BANDUNG,SDN 035 SOKA KOTA BANDUNG,20245781,AKTIVASI SISWA,37,ORANG,2024
5413,32,JAWA BARAT,3273,KOTA BANDUNG,3273170,SUMUR BANDUNG,32.73.19,SUMUR BANDUNG,SDN 088 EMBONG KOTA BANDUNG,20245568,SK SISWA,27,ORANG,2024
5414,32,JAWA BARAT,3273,KOTA BANDUNG,3273170,SUMUR BANDUNG,32.73.19,SUMUR BANDUNG,SDN 088 EMBONG KOTA BANDUNG,20245568,AKTIVASI SISWA,26,ORANG,2024
5415,32,JAWA BARAT,3273,KOTA BANDUNG,3273170,SUMUR BANDUNG,32.73.19,SUMUR BANDUNG,SDN 113 BANJARSARI KOTA BANDUNG,20245475,SK SISWA,15,ORANG,2024
5416,32,JAWA BARAT,3273,KOTA BANDUNG,3273170,SUMUR BANDUNG,32.73.19,SUMUR BANDUNG,SDN 113 BANJARSARI KOTA BANDUNG,20245475,AKTIVASI SISWA,5,ORANG,2024
5417,32,JAWA BARAT,3273,KOTA BANDUNG,3273170,SUMUR BANDUNG,32.73.19,SUMUR BANDUNG,SLB NEGERI CICENDO,26017001,SK SISWA,28,ORANG,2024
5418,32,JAWA BARAT,3273,KOTA BANDUNG,3273170,SUMUR BANDUNG,32.73.19,SUMUR BANDUNG,SLB NEGERI CICENDO,26017001,AKTIVASI SISWA,28,ORANG,2024
5419,32,JAWA BARAT,3273,KOTA BANDUNG,3273010,BANDUNG KULON,32.73.15,BANDUNG KULON,PKBM HOLIS,P9952429,SK SISWA,1,ORANG,2024
5420,32,JAWA BARAT,3273,KOTA BANDUNG,3273010,BANDUNG KULON,32.73.15,BANDUNG KULON,PKBM HOLIS,P9952429,AKTIVASI SISWA,1,ORANG,2024
5421,32,JAWA BARAT,3273,KOTA BANDUNG,3273010,BANDUNG KULON,32.73.15,BANDUNG KULON,SD ANDIR MUKTI,20219533,SK SISWA,68,ORANG,2024
5422,32,JAWA BARAT,3273,KOTA BANDUNG,3273010,BANDUNG KULON,32.73.15,BANDUNG KULON,SD ANDIR MUKTI,20219533,AKTIVASI SISWA,66,ORANG,2024
5423,32,JAWA BARAT,3273,KOTA BANDUNG,3273010,BANDUNG KULON,32.73.15,BANDUNG KULON,SD ATTAZHIMIYAH,20219538,SK SISWA,30,ORANG,2024
5424,32,JAWA BARAT,3273,KOTA BANDUNG,3273010,BANDUNG KULON,32.73.15,BANDUNG KULON,SD ATTAZHIMIYAH,20219538,AKTIVASI SISWA,27,ORANG,2024
5425,32,JAWA BARAT,3273,KOTA BANDUNG,3273010,BANDUNG KULON,32.73.15,BANDUNG KULON,SD BAITUL HIKMAH,69947447,SK SISWA,3,ORANG,2024
5426,32,JAWA BARAT,3273,KOTA BANDUNG,3273010,BANDUNG KULON,32.73.15,BANDUNG KULON,SD BAITUL HIKMAH,69947447,AKTIVASI SISWA,0,ORANG,2024
5427,32,JAWA BARAT,3273,KOTA BANDUNG,3273010,BANDUNG KULON,32.73.15,BANDUNG KULON,SD BANDUNG RAYA,20219537,SK SISWA,49,ORANG,2024
5428,32,JAWA BARAT,3273,KOTA BANDUNG,3273010,BANDUNG KULON,32.73.15,BANDUNG KULON,SD BANDUNG RAYA,20219537,AKTIVASI SISWA,15,ORANG,2024
5429,32,JAWA BARAT,3273,KOTA BANDUNG,3273010,BANDUNG KULON,32.73.15,BANDUNG KULON,SD CITRA CEMARA,20269306,SK SISWA,1,ORANG,2024
5430,32,JAWA BARAT,3273,KOTA BANDUNG,3273010,BANDUNG KULON,32.73.15,BANDUNG KULON,SD CITRA CEMARA,20269306,AKTIVASI SISWA,0,ORANG,2024
5431,32,JAWA BARAT,3273,KOTA BANDUNG,3273010,BANDUNG KULON,32.73.15,BANDUNG KULON,SD KASIH BANGSA,69894361,SK SISWA,1,ORANG,2024
5432,32,JAWA BARAT,3273,KOTA BANDUNG,3273010,BANDUNG KULON,32.73.15,BANDUNG KULON,SD KASIH BANGSA,69894361,AKTIVASI SISWA,0,ORANG,2024
5433,32,JAWA BARAT,3273,KOTA BANDUNG,3273010,BANDUNG KULON,32.73.15,BANDUNG KULON,SD KRISTEN BPK PENABUR TAMAN HOLIS INDAH,20219822,SK SISWA,1,ORANG,2024
5434,32,JAWA BARAT,3273,KOTA BANDUNG,3273010,BANDUNG KULON,32.73.15,BANDUNG KULON,SD KRISTEN BPK PENABUR TAMAN HOLIS INDAH,20219822,AKTIVASI SISWA,0,ORANG,2024
5435,32,JAWA BARAT,3273,KOTA BANDUNG,3273010,BANDUNG KULON,32.73.15,BANDUNG KULON,SD SURYANI DWI MARGA,20219889,SK SISWA,73,ORANG,2024
5436,32,JAWA BARAT,3273,KOTA BANDUNG,3273010,BANDUNG KULON,32.73.15,BANDUNG KULON,SD SURYANI DWI MARGA,20219889,AKTIVASI SISWA,70,ORANG,2024
5437,32,JAWA BARAT,3273,KOTA BANDUNG,3273010,BANDUNG KULON,32.73.15,BANDUNG KULON,SDN 011 CIBUNTU KOTA BANDUNG,20244743,SK SISWA,70,ORANG,2024
5438,32,JAWA BARAT,3273,KOTA BANDUNG,3273010,BANDUNG KULON,32.73.15,BANDUNG KULON,SDN 011 CIBUNTU KOTA BANDUNG,20244743,AKTIVASI SISWA,68,ORANG,2024
5439,32,JAWA BARAT,3273,KOTA BANDUNG,3273010,BANDUNG KULON,32.73.15,BANDUNG KULON,SDN 014 CIGONDEWAH KOTA BANDUNG,20244836,SK SISWA,164,ORANG,2024
5440,32,JAWA BARAT,3273,KOTA BANDUNG,3273010,BANDUNG KULON,32.73.15,BANDUNG KULON,SDN 014 CIGONDEWAH KOTA BANDUNG,20244836,AKTIVASI SISWA,157,ORANG,2024
5441,32,JAWA BARAT,3273,KOTA BANDUNG,3273010,BANDUNG KULON,32.73.15,BANDUNG KULON,SDN 041 CIBUNTU WARUNG MUNCANG KOTA BANDUNG,20244744,SK SISWA,153,ORANG,2024
5442,32,JAWA BARAT,3273,KOTA BANDUNG,3273010,BANDUNG KULON,32.73.15,BANDUNG KULON,SDN 041 CIBUNTU WARUNG MUNCANG KOTA BANDUNG,20244744,AKTIVASI SISWA,133,ORANG,2024
5443,32,JAWA BARAT,3273,KOTA BANDUNG,3273010,BANDUNG KULON,32.73.15,BANDUNG KULON,SDN 061 CIJERAH KOTA BANDUNG,20244841,SK SISWA,107,ORANG,2024
5444,32,JAWA BARAT,3273,KOTA BANDUNG,3273010,BANDUNG KULON,32.73.15,BANDUNG KULON,SDN 061 CIJERAH KOTA BANDUNG,20244841,AKTIVASI SISWA,107,ORANG,2024
5445,32,JAWA BARAT,3273,KOTA BANDUNG,3273010,BANDUNG KULON,32.73.15,BANDUNG KULON,SDN 080 BOJONG INDAH CIBUNTU KOTA BANDUNG,20244740,SK SISWA,147,ORANG,2024
5446,32,JAWA BARAT,3273,KOTA BANDUNG,3273010,BANDUNG KULON,32.73.15,BANDUNG KULON,SDN 080 BOJONG INDAH CIBUNTU KOTA BANDUNG,20244740,AKTIVASI SISWA,146,ORANG,2024
5447,32,JAWA BARAT,3273,KOTA BANDUNG,3273010,BANDUNG KULON,32.73.15,BANDUNG KULON,SDN 093 TUNAS HARAPAN CIJERAH KOTA BANDUNG,20244933,SK SISWA,105,ORANG,2024
5448,32,JAWA BARAT,3273,KOTA BANDUNG,3273010,BANDUNG KULON,32.73.15,BANDUNG KULON,SDN 093 TUNAS HARAPAN CIJERAH KOTA BANDUNG,20244933,AKTIVASI SISWA,104,ORANG,2024
5449,32,JAWA BARAT,3273,KOTA BANDUNG,3273010,BANDUNG KULON,32.73.15,BANDUNG KULON,SDN 121 CARINGIN HOLIS KOTA BANDUNG,20244742,SK SISWA,207,ORANG,2024
5450,32,JAWA BARAT,3273,KOTA BANDUNG,3273010,BANDUNG KULON,32.73.15,BANDUNG KULON,SDN 121 CARINGIN HOLIS KOTA BANDUNG,20244742,AKTIVASI SISWA,203,ORANG,2024
5451,32,JAWA BARAT,3273,KOTA BANDUNG,3273010,BANDUNG KULON,32.73.15,BANDUNG KULON,SDN 182 PERUMNAS CIJERAH KOTA BANDUNG,20244899,SK SISWA,199,ORANG,2024
5452,32,JAWA BARAT,3273,KOTA BANDUNG,3273010,BANDUNG KULON,32.73.15,BANDUNG KULON,SDN 182 PERUMNAS CIJERAH KOTA BANDUNG,20244899,AKTIVASI SISWA,199,ORANG,2024
5453,32,JAWA BARAT,3273,KOTA BANDUNG,3273010,BANDUNG KULON,32.73.15,BANDUNG KULON,SDN 183 SAYURAN KOTA BANDUNG,20244910,SK SISWA,164,ORANG,2024
5454,32,JAWA BARAT,3273,KOTA BANDUNG,3273010,BANDUNG KULON,32.73.15,BANDUNG KULON,SDN 183 SAYURAN KOTA BANDUNG,20244910,AKTIVASI SISWA,163,ORANG,2024
5455,32,JAWA BARAT,3273,KOTA BANDUNG,3273010,BANDUNG KULON,32.73.15,BANDUNG KULON,SDN 199 SAYURAN KOTA BANDUNG,20244909,SK SISWA,120,ORANG,2024
5456,32,JAWA BARAT,3273,KOTA BANDUNG,3273010,BANDUNG KULON,32.73.15,BANDUNG KULON,SDN 199 SAYURAN KOTA BANDUNG,20244909,AKTIVASI SISWA,118,ORANG,2024
5457,32,JAWA BARAT,3273,KOTA BANDUNG,3273010,BANDUNG KULON,32.73.15,BANDUNG KULON,SDN 214 PERUMNAS CIJERAH KOTA BANDUNG,20244900,SK SISWA,24,ORANG,2024
5458,32,JAWA BARAT,3273,KOTA BANDUNG,3273010,BANDUNG KULON,32.73.15,BANDUNG KULON,SDN 214 PERUMNAS CIJERAH KOTA BANDUNG,20244900,AKTIVASI SISWA,22,ORANG,2024
5459,32,JAWA BARAT,3273,KOTA BANDUNG,3273010,BANDUNG KULON,32.73.15,BANDUNG KULON,SDN 232 BLOK SAWAH KOTA BANDUNG,20244739,SK SISWA,101,ORANG,2024
5460,32,JAWA BARAT,3273,KOTA BANDUNG,3273010,BANDUNG KULON,32.73.15,BANDUNG KULON,SDN 232 BLOK SAWAH KOTA BANDUNG,20244739,AKTIVASI SISWA,93,ORANG,2024
5461,32,JAWA BARAT,3273,KOTA BANDUNG,3273010,BANDUNG KULON,32.73.15,BANDUNG KULON,SDN 238 CIGONDEWAH KOTA BANDUNG,20244839,SK SISWA,40,ORANG,2024
5462,32,JAWA BARAT,3273,KOTA BANDUNG,3273010,BANDUNG KULON,32.73.15,BANDUNG KULON,SDN 238 CIGONDEWAH KOTA BANDUNG,20244839,AKTIVASI SISWA,37,ORANG,2024
5463,32,JAWA BARAT,3273,KOTA BANDUNG,3273010,BANDUNG KULON,32.73.15,BANDUNG KULON,SDN 239 CIGONDEWAH KOTA BANDUNG,20244838,SK SISWA,10,ORANG,2024
5464,32,JAWA BARAT,3273,KOTA BANDUNG,3273010,BANDUNG KULON,32.73.15,BANDUNG KULON,SDN 239 CIGONDEWAH KOTA BANDUNG,20244838,AKTIVASI SISWA,10,ORANG,2024
5465,32,JAWA BARAT,3273,KOTA BANDUNG,3273010,BANDUNG KULON,32.73.15,BANDUNG KULON,SDN 240 CIJERAH INDAH KOTA BANDUNG,20244846,SK SISWA,115,ORANG,2024
5466,32,JAWA BARAT,3273,KOTA BANDUNG,3273010,BANDUNG KULON,32.73.15,BANDUNG KULON,SDN 240 CIJERAH INDAH KOTA BANDUNG,20244846,AKTIVASI SISWA,115,ORANG,2024
5467,32,JAWA BARAT,3273,KOTA BANDUNG,3273010,BANDUNG KULON,32.73.15,BANDUNG KULON,SDN 256 CIGONDEWAH HILIR KOTA BANDUNG,20244840,SK SISWA,34,ORANG,2024
5468,32,JAWA BARAT,3273,KOTA BANDUNG,3273010,BANDUNG KULON,32.73.15,BANDUNG KULON,SDN 256 CIGONDEWAH HILIR KOTA BANDUNG,20244840,AKTIVASI SISWA,33,ORANG,2024
5469,32,JAWA BARAT,3273,KOTA BANDUNG,3273010,BANDUNG KULON,32.73.15,BANDUNG KULON,SDN 273 GEMPOL SARI KOTA BANDUNG,20244863,SK SISWA,134,ORANG,2024
5470,32,JAWA BARAT,3273,KOTA BANDUNG,3273010,BANDUNG KULON,32.73.15,BANDUNG KULON,SDN 273 GEMPOL SARI KOTA BANDUNG,20244863,AKTIVASI SISWA,131,ORANG,2024
5471,32,JAWA BARAT,3273,KOTA BANDUNG,3273010,BANDUNG KULON,32.73.15,BANDUNG KULON,SLB B TUT WURI HANDAYANI,20280589,SK SISWA,2,ORANG,2024
5472,32,JAWA BARAT,3273,KOTA BANDUNG,3273010,BANDUNG KULON,32.73.15,BANDUNG KULON,SLB B TUT WURI HANDAYANI,20280589,AKTIVASI SISWA,2,ORANG,2024
5473,32,JAWA BARAT,3273,KOTA BANDUNG,3273010,BANDUNG KULON,32.73.15,BANDUNG KULON,SLB PELITA ADINDA B,69948890,SK SISWA,1,ORANG,2024
5474,32,JAWA BARAT,3273,KOTA BANDUNG,3273010,BANDUNG KULON,32.73.15,BANDUNG KULON,SLB PELITA ADINDA B,69948890,AKTIVASI SISWA,0,ORANG,2024
5475,32,JAWA BARAT,3273,KOTA BANDUNG,3273200,BANDUNG WETAN,32.73.09,BANDUNG WETAN,SD ISTIQAMAH,20219578,SK SISWA,1,ORANG,2024
5476,32,JAWA BARAT,3273,KOTA BANDUNG,3273200,BANDUNG WETAN,32.73.09,BANDUNG WETAN,SD ISTIQAMAH,20219578,AKTIVASI SISWA,0,ORANG,2024
5477,32,JAWA BARAT,3273,KOTA BANDUNG,3273200,BANDUNG WETAN,32.73.09,BANDUNG WETAN,SD KRISTEN BAPTIS,20219584,SK SISWA,9,ORANG,2024
5478,32,JAWA BARAT,3273,KOTA BANDUNG,3273200,BANDUNG WETAN,32.73.09,BANDUNG WETAN,SD KRISTEN BAPTIS,20219584,AKTIVASI SISWA,7,ORANG,2024
5479,32,JAWA BARAT,3273,KOTA BANDUNG,3273200,BANDUNG WETAN,32.73.09,BANDUNG WETAN,SD KRISTEN YAHYA,20219839,SK SISWA,6,ORANG,2024
5480,32,JAWA BARAT,3273,KOTA BANDUNG,3273200,BANDUNG WETAN,32.73.09,BANDUNG WETAN,SD KRISTEN YAHYA,20219839,AKTIVASI SISWA,6,ORANG,2024
5481,32,JAWA BARAT,3273,KOTA BANDUNG,3273200,BANDUNG WETAN,32.73.09,BANDUNG WETAN,SD LINGGAWASTU,20219838,SK SISWA,26,ORANG,2024
5482,32,JAWA BARAT,3273,KOTA BANDUNG,3273200,BANDUNG WETAN,32.73.09,BANDUNG WETAN,SD LINGGAWASTU,20219838,AKTIVASI SISWA,19,ORANG,2024
5483,32,JAWA BARAT,3273,KOTA BANDUNG,3273200,BANDUNG WETAN,32.73.09,BANDUNG WETAN,SD MATHLAUL KHOERIYAH,20219856,SK SISWA,59,ORANG,2024
5484,32,JAWA BARAT,3273,KOTA BANDUNG,3273200,BANDUNG WETAN,32.73.09,BANDUNG WETAN,SD MATHLAUL KHOERIYAH,20219856,AKTIVASI SISWA,56,ORANG,2024
5485,32,JAWA BARAT,3273,KOTA BANDUNG,3273200,BANDUNG WETAN,32.73.09,BANDUNG WETAN,SD PERTIWI,20219823,SK SISWA,95,ORANG,2024
5486,32,JAWA BARAT,3273,KOTA BANDUNG,3273200,BANDUNG WETAN,32.73.09,BANDUNG WETAN,SD PERTIWI,20219823,AKTIVASI SISWA,90,ORANG,2024
5487,32,JAWA BARAT,3273,KOTA BANDUNG,3273200,BANDUNG WETAN,32.73.09,BANDUNG WETAN,SD SANTO AGUSTINUS,20219894,SK SISWA,2,ORANG,2024
5488,32,JAWA BARAT,3273,KOTA BANDUNG,3273200,BANDUNG WETAN,32.73.09,BANDUNG WETAN,SD SANTO AGUSTINUS,20219894,AKTIVASI SISWA,0,ORANG,2024
5489,32,JAWA BARAT,3273,KOTA BANDUNG,3273200,BANDUNG WETAN,32.73.09,BANDUNG WETAN,SD YAKESWA,20219906,SK SISWA,10,ORANG,2024
5490,32,JAWA BARAT,3273,KOTA BANDUNG,3273200,BANDUNG WETAN,32.73.09,BANDUNG WETAN,SD YAKESWA,20219906,AKTIVASI SISWA,9,ORANG,2024
5491,32,JAWA BARAT,3273,KOTA BANDUNG,3273200,BANDUNG WETAN,32.73.09,BANDUNG WETAN,SD YKPPK,20253349,SK SISWA,11,ORANG,2024
5492,32,JAWA BARAT,3273,KOTA BANDUNG,3273200,BANDUNG WETAN,32.73.09,BANDUNG WETAN,SD YKPPK,20253349,AKTIVASI SISWA,2,ORANG,2024
5493,32,JAWA BARAT,3273,KOTA BANDUNG,3273200,BANDUNG WETAN,32.73.09,BANDUNG WETAN,SDN 037 SABANG KOTA BANDUNG,20245285,SK SISWA,26,ORANG,2024
5494,32,JAWA BARAT,3273,KOTA BANDUNG,3273200,BANDUNG WETAN,32.73.09,BANDUNG WETAN,SDN 037 SABANG KOTA BANDUNG,20245285,AKTIVASI SISWA,26,ORANG,2024
5495,32,JAWA BARAT,3273,KOTA BANDUNG,3273200,BANDUNG WETAN,32.73.09,BANDUNG WETAN,SDN 062 CIUJUNG KOTA BANDUNG,20245187,SK SISWA,47,ORANG,2024
5496,32,JAWA BARAT,3273,KOTA BANDUNG,3273200,BANDUNG WETAN,32.73.09,BANDUNG WETAN,SDN 062 CIUJUNG KOTA BANDUNG,20245187,AKTIVASI SISWA,46,ORANG,2024
5497,32,JAWA BARAT,3273,KOTA BANDUNG,3273240,SUKAJADI,32.73.07,SUKAJADI,SD AL IKHLAS,20219532,SK SISWA,62,ORANG,2024
5498,32,JAWA BARAT,3273,KOTA BANDUNG,3273240,SUKAJADI,32.73.07,SUKAJADI,SD AL IKHLAS,20219532,AKTIVASI SISWA,56,ORANG,2024
5499,32,JAWA BARAT,3273,KOTA BANDUNG,3273240,SUKAJADI,32.73.07,SUKAJADI,SD CEMARA,20219601,SK SISWA,31,ORANG,2024
5500,32,JAWA BARAT,3273,KOTA BANDUNG,3273240,SUKAJADI,32.73.07,SUKAJADI,SD CEMARA,20219601,AKTIVASI SISWA,21,ORANG,2024
5501,32,JAWA BARAT,3273,KOTA BANDUNG,3273240,SUKAJADI,32.73.07,SUKAJADI,SD CITRA WINAYA,20219598,SK SISWA,57,ORANG,2024
5502,32,JAWA BARAT,3273,KOTA BANDUNG,3273240,SUKAJADI,32.73.07,SUKAJADI,SD CITRA WINAYA,20219598,AKTIVASI SISWA,54,ORANG,2024
5503,32,JAWA BARAT,3273,KOTA BANDUNG,3273240,SUKAJADI,32.73.07,SUKAJADI,SD GIKI,20219614,SK SISWA,1,ORANG,2024
5504,32,JAWA BARAT,3273,KOTA BANDUNG,3273240,SUKAJADI,32.73.07,SUKAJADI,SD GIKI,20219614,AKTIVASI SISWA,1,ORANG,2024
5505,32,JAWA BARAT,3273,KOTA BANDUNG,3273240,SUKAJADI,32.73.07,SUKAJADI,SD IBNU TAIMIYAH,20219610,SK SISWA,8,ORANG,2024
5506,32,JAWA BARAT,3273,KOTA BANDUNG,3273240,SUKAJADI,32.73.07,SUKAJADI,SD IBNU TAIMIYAH,20219610,AKTIVASI SISWA,7,ORANG,2024
5507,32,JAWA BARAT,3273,KOTA BANDUNG,3273240,SUKAJADI,32.73.07,SUKAJADI,SD MUHAMMADIYAH 4,20219851,SK SISWA,67,ORANG,2024
5508,32,JAWA BARAT,3273,KOTA BANDUNG,3273240,SUKAJADI,32.73.07,SUKAJADI,SD MUHAMMADIYAH 4,20219851,AKTIVASI SISWA,60,ORANG,2024
5509,32,JAWA BARAT,3273,KOTA BANDUNG,3273240,SUKAJADI,32.73.07,SUKAJADI,SD UCHUWWATUL ISLAM,20219897,SK SISWA,32,ORANG,2024
5510,32,JAWA BARAT,3273,KOTA BANDUNG,3273240,SUKAJADI,32.73.07,SUKAJADI,SD UCHUWWATUL ISLAM,20219897,AKTIVASI SISWA,32,ORANG,2024
5511,32,JAWA BARAT,3273,KOTA BANDUNG,3273240,SUKAJADI,32.73.07,SUKAJADI,SDN 018 SUKAGALIH KOTA BANDUNG,20245266,SK SISWA,60,ORANG,2024
5512,32,JAWA BARAT,3273,KOTA BANDUNG,3273240,SUKAJADI,32.73.07,SUKAJADI,SDN 018 SUKAGALIH KOTA BANDUNG,20245266,AKTIVASI SISWA,59,ORANG,2024
5513,32,JAWA BARAT,3273,KOTA BANDUNG,3273240,SUKAJADI,32.73.07,SUKAJADI,SDN 048 SIRNAMANAH KOTA BANDUNG,20244920,SK SISWA,23,ORANG,2024
5514,32,JAWA BARAT,3273,KOTA BANDUNG,3273240,SUKAJADI,32.73.07,SUKAJADI,SDN 048 SIRNAMANAH KOTA BANDUNG,20244920,AKTIVASI SISWA,22,ORANG,2024
5515,32,JAWA BARAT,3273,KOTA BANDUNG,3273240,SUKAJADI,32.73.07,SUKAJADI,SDN 071 SUKAGALIH KOTA BANDUNG,20245267,SK SISWA,99,ORANG,2024
5516,32,JAWA BARAT,3273,KOTA BANDUNG,3273240,SUKAJADI,32.73.07,SUKAJADI,SDN 071 SUKAGALIH KOTA BANDUNG,20245267,AKTIVASI SISWA,95,ORANG,2024
5517,32,JAWA BARAT,3273,KOTA BANDUNG,3273240,SUKAJADI,32.73.07,SUKAJADI,SDN 076 SUKAJADI KOTA BANDUNG,20244925,SK SISWA,136,ORANG,2024
5518,32,JAWA BARAT,3273,KOTA BANDUNG,3273240,SUKAJADI,32.73.07,SUKAJADI,SDN 076 SUKAJADI KOTA BANDUNG,20244925,AKTIVASI SISWA,126,ORANG,2024
5519,32,JAWA BARAT,3273,KOTA BANDUNG,3273240,SUKAJADI,32.73.07,SUKAJADI,SDN 077 SEJAHTERA KOTA BANDUNG,20245980,SK SISWA,68,ORANG,2024
5520,32,JAWA BARAT,3273,KOTA BANDUNG,3273240,SUKAJADI,32.73.07,SUKAJADI,SDN 077 SEJAHTERA KOTA BANDUNG,20245980,AKTIVASI SISWA,67,ORANG,2024
5521,32,JAWA BARAT,3273,KOTA BANDUNG,3273240,SUKAJADI,32.73.07,SUKAJADI,SDN 096 SARIJADI SELATAN KOTA BANDUNG,20245260,SK SISWA,60,ORANG,2024
5522,32,JAWA BARAT,3273,KOTA BANDUNG,3273240,SUKAJADI,32.73.07,SUKAJADI,SDN 096 SARIJADI SELATAN KOTA BANDUNG,20245260,AKTIVASI SISWA,56,ORANG,2024
5523,32,JAWA BARAT,3273,KOTA BANDUNG,3273240,SUKAJADI,32.73.07,SUKAJADI,SDN 136 SUKAWARNA KOTA BANDUNG,20245278,SK SISWA,220,ORANG,2024
5524,32,JAWA BARAT,3273,KOTA BANDUNG,3273240,SUKAJADI,32.73.07,SUKAJADI,SDN 136 SUKAWARNA KOTA BANDUNG,20245278,AKTIVASI SISWA,197,ORANG,2024
5525,32,JAWA BARAT,3273,KOTA BANDUNG,3273240,SUKAJADI,32.73.07,SUKAJADI,SDN 193 CARINGIN KOTA BANDUNG,20245126,SK SISWA,181,ORANG,2024
5526,32,JAWA BARAT,3273,KOTA BANDUNG,3273240,SUKAJADI,32.73.07,SUKAJADI,SDN 193 CARINGIN KOTA BANDUNG,20245126,AKTIVASI SISWA,177,ORANG,2024
5527,32,JAWA BARAT,3273,KOTA BANDUNG,3273240,SUKAJADI,32.73.07,SUKAJADI,SDN 194 SUKAJADI KOTA BANDUNG,20244926,SK SISWA,21,ORANG,2024
5528,32,JAWA BARAT,3273,KOTA BANDUNG,3273240,SUKAJADI,32.73.07,SUKAJADI,SDN 194 SUKAJADI KOTA BANDUNG,20244926,AKTIVASI SISWA,21,ORANG,2024
5529,32,JAWA BARAT,3273,KOTA BANDUNG,3273240,SUKAJADI,32.73.07,SUKAJADI,SDN 207 CIBOGO KOTA BANDUNG,20245137,SK SISWA,149,ORANG,2024
5530,32,JAWA BARAT,3273,KOTA BANDUNG,3273240,SUKAJADI,32.73.07,SUKAJADI,SDN 207 CIBOGO KOTA BANDUNG,20245137,AKTIVASI SISWA,143,ORANG,2024
5531,32,JAWA BARAT,3273,KOTA BANDUNG,3273240,SUKAJADI,32.73.07,SUKAJADI,SDN 208 LUGINASARI SUKAGALIH KOTA BANDUNG,20245963,SK SISWA,81,ORANG,2024
5532,32,JAWA BARAT,3273,KOTA BANDUNG,3273240,SUKAJADI,32.73.07,SUKAJADI,SDN 208 LUGINASARI SUKAGALIH KOTA BANDUNG,20245963,AKTIVASI SISWA,80,ORANG,2024
5533,32,JAWA BARAT,3273,KOTA BANDUNG,3273240,SUKAJADI,32.73.07,SUKAJADI,SDN 272 SUKASARI KOTA BANDUNG,20245274,SK SISWA,97,ORANG,2024
5534,32,JAWA BARAT,3273,KOTA BANDUNG,3273240,SUKAJADI,32.73.07,SUKAJADI,SDN 272 SUKASARI KOTA BANDUNG,20245274,AKTIVASI SISWA,94,ORANG,2024
5535,32,JAWA BARAT,3273,KOTA BANDUNG,3273240,SUKAJADI,32.73.07,SUKAJADI,SLB D YPAC,20219745,SK SISWA,19,ORANG,2024
5536,32,JAWA BARAT,3273,KOTA BANDUNG,3273240,SUKAJADI,32.73.07,SUKAJADI,SLB D YPAC,20219745,AKTIVASI SISWA,14,ORANG,2024
5537,32,JAWA BARAT,3273,KOTA BANDUNG,3273240,SUKAJADI,32.73.07,SUKAJADI,SLB MUHAMMADIYAH CIPEDES,20259612,SK SISWA,7,ORANG,2024
5538,32,JAWA BARAT,3273,KOTA BANDUNG,3273240,SUKAJADI,32.73.07,SUKAJADI,SLB MUHAMMADIYAH CIPEDES,20259612,AKTIVASI SISWA,4,ORANG,2024
5539,32,JAWA BARAT,3273,KOTA BANDUNG,3273240,SUKAJADI,32.73.07,SUKAJADI,SLB NOOR RAKHMAH,20280592,SK SISWA,32,ORANG,2024
5540,32,JAWA BARAT,3273,KOTA BANDUNG,3273240,SUKAJADI,32.73.07,SUKAJADI,SLB NOOR RAKHMAH,20280592,AKTIVASI SISWA,18,ORANG,2024
5541,32,JAWA BARAT,3273,KOTA BANDUNG,3273160,BATUNUNGGAL,32.73.12,BATUNUNGGAL,SD CIPTA KARYA,20246315,SK SISWA,73,ORANG,2024
5542,32,JAWA BARAT,3273,KOTA BANDUNG,3273160,BATUNUNGGAL,32.73.12,BATUNUNGGAL,SD CIPTA KARYA,20246315,AKTIVASI SISWA,66,ORANG,2024
5543,32,JAWA BARAT,3273,KOTA BANDUNG,3273160,BATUNUNGGAL,32.73.12,BATUNUNGGAL,SD IGNATIUS SLAMET RIYADI,20219609,SK SISWA,1,ORANG,2024
5544,32,JAWA BARAT,3273,KOTA BANDUNG,3273160,BATUNUNGGAL,32.73.12,BATUNUNGGAL,SD IGNATIUS SLAMET RIYADI,20219609,AKTIVASI SISWA,1,ORANG,2024
5545,32,JAWA BARAT,3273,KOTA BANDUNG,3273160,BATUNUNGGAL,32.73.12,BATUNUNGGAL,SD JEMBAR,20219576,SK SISWA,8,ORANG,2024
5546,32,JAWA BARAT,3273,KOTA BANDUNG,3273160,BATUNUNGGAL,32.73.12,BATUNUNGGAL,SD JEMBAR,20219576,AKTIVASI SISWA,8,ORANG,2024
5547,32,JAWA BARAT,3273,KOTA BANDUNG,3273160,BATUNUNGGAL,32.73.12,BATUNUNGGAL,SD TRIKARSA,20219884,SK SISWA,57,ORANG,2024
5548,32,JAWA BARAT,3273,KOTA BANDUNG,3273160,BATUNUNGGAL,32.73.12,BATUNUNGGAL,SD TRIKARSA,20219884,AKTIVASI SISWA,45,ORANG,2024
5549,32,JAWA BARAT,3273,KOTA BANDUNG,3273160,BATUNUNGGAL,32.73.12,BATUNUNGGAL,SD YPU,20219902,SK SISWA,94,ORANG,2024
5550,32,JAWA BARAT,3273,KOTA BANDUNG,3273160,BATUNUNGGAL,32.73.12,BATUNUNGGAL,SD YPU,20219902,AKTIVASI SISWA,80,ORANG,2024
5551,32,JAWA BARAT,3273,KOTA BANDUNG,3273160,BATUNUNGGAL,32.73.12,BATUNUNGGAL,SDN 028 GUMURUH KOTA BANDUNG,20244864,SK SISWA,33,ORANG,2024
5552,32,JAWA BARAT,3273,KOTA BANDUNG,3273160,BATUNUNGGAL,32.73.12,BATUNUNGGAL,SDN 028 GUMURUH KOTA BANDUNG,20244864,AKTIVASI SISWA,30,ORANG,2024
5553,32,JAWA BARAT,3273,KOTA BANDUNG,3273160,BATUNUNGGAL,32.73.12,BATUNUNGGAL,SDN 042 GAMBIR KOTA BANDUNG,20244857,SK SISWA,29,ORANG,2024
5554,32,JAWA BARAT,3273,KOTA BANDUNG,3273160,BATUNUNGGAL,32.73.12,BATUNUNGGAL,SDN 042 GAMBIR KOTA BANDUNG,20244857,AKTIVASI SISWA,28,ORANG,2024
5555,32,JAWA BARAT,3273,KOTA BANDUNG,3273160,BATUNUNGGAL,32.73.12,BATUNUNGGAL,SDN 063 KEBON GEDANG KOTA BANDUNG,20245950,SK SISWA,117,ORANG,2024
5556,32,JAWA BARAT,3273,KOTA BANDUNG,3273160,BATUNUNGGAL,32.73.12,BATUNUNGGAL,SDN 063 KEBON GEDANG KOTA BANDUNG,20245950,AKTIVASI SISWA,113,ORANG,2024
5557,32,JAWA BARAT,3273,KOTA BANDUNG,3273160,BATUNUNGGAL,32.73.12,BATUNUNGGAL,SDN 081 KEBON GEDANG KRIDAWINAYA KOTA BANDUNG,20245956,SK SISWA,40,ORANG,2024
5558,32,JAWA BARAT,3273,KOTA BANDUNG,3273160,BATUNUNGGAL,32.73.12,BATUNUNGGAL,SDN 081 KEBON GEDANG KRIDAWINAYA KOTA BANDUNG,20245956,AKTIVASI SISWA,34,ORANG,2024
5559,32,JAWA BARAT,3273,KOTA BANDUNG,3273160,BATUNUNGGAL,32.73.12,BATUNUNGGAL,SDN 109 CENTEH KOTA BANDUNG,20244829,SK SISWA,122,ORANG,2024
5560,32,JAWA BARAT,3273,KOTA BANDUNG,3273160,BATUNUNGGAL,32.73.12,BATUNUNGGAL,SDN 109 CENTEH KOTA BANDUNG,20244829,AKTIVASI SISWA,120,ORANG,2024
5561,32,JAWA BARAT,3273,KOTA BANDUNG,3273160,BATUNUNGGAL,32.73.12,BATUNUNGGAL,SDN 145 BINONG JATI KOTA BANDUNG,20244825,SK SISWA,286,ORANG,2024
5562,32,JAWA BARAT,3273,KOTA BANDUNG,3273160,BATUNUNGGAL,32.73.12,BATUNUNGGAL,SDN 145 BINONG JATI KOTA BANDUNG,20244825,AKTIVASI SISWA,275,ORANG,2024
5563,32,JAWA BARAT,3273,KOTA BANDUNG,3273160,BATUNUNGGAL,32.73.12,BATUNUNGGAL,SDN 146 GUMURUH KOTA BANDUNG,20244870,SK SISWA,72,ORANG,2024
5564,32,JAWA BARAT,3273,KOTA BANDUNG,3273160,BATUNUNGGAL,32.73.12,BATUNUNGGAL,SDN 146 GUMURUH KOTA BANDUNG,20244870,AKTIVASI SISWA,30,ORANG,2024
5565,32,JAWA BARAT,3273,KOTA BANDUNG,3273160,BATUNUNGGAL,32.73.12,BATUNUNGGAL,SDN 203 KACAPIRING KOTA BANDUNG,20244880,SK SISWA,100,ORANG,2024
5566,32,JAWA BARAT,3273,KOTA BANDUNG,3273160,BATUNUNGGAL,32.73.12,BATUNUNGGAL,SDN 203 KACAPIRING KOTA BANDUNG,20244880,AKTIVASI SISWA,98,ORANG,2024
5567,32,JAWA BARAT,3273,KOTA BANDUNG,3273160,BATUNUNGGAL,32.73.12,BATUNUNGGAL,SDN 219 BABAKANJATI KOTA BANDUNG,20244823,SK SISWA,291,ORANG,2024
5568,32,JAWA BARAT,3273,KOTA BANDUNG,3273160,BATUNUNGGAL,32.73.12,BATUNUNGGAL,SDN 219 BABAKANJATI KOTA BANDUNG,20244823,AKTIVASI SISWA,273,ORANG,2024
5569,32,JAWA BARAT,3273,KOTA BANDUNG,3273160,BATUNUNGGAL,32.73.12,BATUNUNGGAL,SDN 220 GUMURUH KOTA BANDUNG,20244871,SK SISWA,28,ORANG,2024
5570,32,JAWA BARAT,3273,KOTA BANDUNG,3273160,BATUNUNGGAL,32.73.12,BATUNUNGGAL,SDN 220 GUMURUH KOTA BANDUNG,20244871,AKTIVASI SISWA,24,ORANG,2024
5571,32,JAWA BARAT,3273,KOTA BANDUNG,3273160,BATUNUNGGAL,32.73.12,BATUNUNGGAL,SLB DARUL HIDAYAH,69830375,SK SISWA,5,ORANG,2024
5572,32,JAWA BARAT,3273,KOTA BANDUNG,3273160,BATUNUNGGAL,32.73.12,BATUNUNGGAL,SLB DARUL HIDAYAH,69830375,AKTIVASI SISWA,0,ORANG,2024
5573,32,JAWA BARAT,3273,KOTA BANDUNG,3273160,BATUNUNGGAL,32.73.12,BATUNUNGGAL,SLB-BC MURNI YPKSM,20219878,SK SISWA,7,ORANG,2024
5574,32,JAWA BARAT,3273,KOTA BANDUNG,3273160,BATUNUNGGAL,32.73.12,BATUNUNGGAL,SLB-BC MURNI YPKSM,20219878,AKTIVASI SISWA,5,ORANG,2024
5575,32,JAWA BARAT,3273,KOTA BANDUNG,3273060,REGOL,32.73.11,REGOL,SD ASSALAAM,20219541,SK SISWA,1,ORANG,2024
5576,32,JAWA BARAT,3273,KOTA BANDUNG,3273060,REGOL,32.73.11,REGOL,SD ASSALAAM,20219541,AKTIVASI SISWA,0,ORANG,2024
5577,32,JAWA BARAT,3273,KOTA BANDUNG,3273060,REGOL,32.73.11,REGOL,SD DEWI SARTIKA,20219596,SK SISWA,13,ORANG,2024
5578,32,JAWA BARAT,3273,KOTA BANDUNG,3273060,REGOL,32.73.11,REGOL,SD DEWI SARTIKA,20219596,AKTIVASI SISWA,13,ORANG,2024
5579,32,JAWA BARAT,3273,KOTA BANDUNG,3273060,REGOL,32.73.11,REGOL,SD DIAN KENCANA,20219606,SK SISWA,4,ORANG,2024
5580,32,JAWA BARAT,3273,KOTA BANDUNG,3273060,REGOL,32.73.11,REGOL,SD DIAN KENCANA,20219606,AKTIVASI SISWA,4,ORANG,2024
5581,32,JAWA BARAT,3273,KOTA BANDUNG,3273060,REGOL,32.73.11,REGOL,SD KRISTEN KALAM KUDUS,20219843,SK SISWA,2,ORANG,2024
5582,32,JAWA BARAT,3273,KOTA BANDUNG,3273060,REGOL,32.73.11,REGOL,SD KRISTEN KALAM KUDUS,20219843,AKTIVASI SISWA,2,ORANG,2024
5583,32,JAWA BARAT,3273,KOTA BANDUNG,3273060,REGOL,32.73.11,REGOL,SD NUGRAHA,20219821,SK SISWA,33,ORANG,2024
5584,32,JAWA BARAT,3273,KOTA BANDUNG,3273060,REGOL,32.73.11,REGOL,SD NUGRAHA,20219821,AKTIVASI SISWA,32,ORANG,2024
5585,32,JAWA BARAT,3273,KOTA BANDUNG,3273060,REGOL,32.73.11,REGOL,SD PLUS AL FATWA,20246728,SK SISWA,5,ORANG,2024
5586,32,JAWA BARAT,3273,KOTA BANDUNG,3273060,REGOL,32.73.11,REGOL,SD PLUS AL FATWA,20246728,AKTIVASI SISWA,5,ORANG,2024
5587,32,JAWA BARAT,3273,KOTA BANDUNG,3273060,REGOL,32.73.11,REGOL,SD REHOBOTH,20219841,SK SISWA,3,ORANG,2024
5588,32,JAWA BARAT,3273,KOTA BANDUNG,3273060,REGOL,32.73.11,REGOL,SD REHOBOTH,20219841,AKTIVASI SISWA,2,ORANG,2024
5589,32,JAWA BARAT,3273,KOTA BANDUNG,3273060,REGOL,32.73.11,REGOL,SDN 008 MOHAMAD TOHA KOTA BANDUNG,20245238,SK SISWA,17,ORANG,2024
5590,32,JAWA BARAT,3273,KOTA BANDUNG,3273060,REGOL,32.73.11,REGOL,SDN 008 MOHAMAD TOHA KOTA BANDUNG,20245238,AKTIVASI SISWA,15,ORANG,2024
5591,32,JAWA BARAT,3273,KOTA BANDUNG,3273060,REGOL,32.73.11,REGOL,SDN 020 LENGKONG BESAR KOTA BANDUNG,20245219,SK SISWA,45,ORANG,2024
5592,32,JAWA BARAT,3273,KOTA BANDUNG,3273060,REGOL,32.73.11,REGOL,SDN 020 LENGKONG BESAR KOTA BANDUNG,20245219,AKTIVASI SISWA,45,ORANG,2024
5593,32,JAWA BARAT,3273,KOTA BANDUNG,3273060,REGOL,32.73.11,REGOL,SDN 033 ASMI KOTA BANDUNG,20245201,SK SISWA,36,ORANG,2024
5594,32,JAWA BARAT,3273,KOTA BANDUNG,3273060,REGOL,32.73.11,REGOL,SDN 033 ASMI KOTA BANDUNG,20245201,AKTIVASI SISWA,34,ORANG,2024
5595,32,JAWA BARAT,3273,KOTA BANDUNG,3273060,REGOL,32.73.11,REGOL,SDN 047 BALONGGEDE KOTA BANDUNG,20251861,SK SISWA,57,ORANG,2024
5596,32,JAWA BARAT,3273,KOTA BANDUNG,3273060,REGOL,32.73.11,REGOL,SDN 047 BALONGGEDE KOTA BANDUNG,20251861,AKTIVASI SISWA,53,ORANG,2024
5597,32,JAWA BARAT,3273,KOTA BANDUNG,3273060,REGOL,32.73.11,REGOL,SDN 070 PASIRLUYU KOTA BANDUNG,20246459,SK SISWA,39,ORANG,2024
5598,32,JAWA BARAT,3273,KOTA BANDUNG,3273060,REGOL,32.73.11,REGOL,SDN 070 PASIRLUYU KOTA BANDUNG,20246459,AKTIVASI SISWA,37,ORANG,2024
5599,32,JAWA BARAT,3273,KOTA BANDUNG,3273060,REGOL,32.73.11,REGOL,SDN 112 PAMOYANAN KOTA BANDUNG,20245254,SK SISWA,19,ORANG,2024
5600,32,JAWA BARAT,3273,KOTA BANDUNG,3273060,REGOL,32.73.11,REGOL,SDN 112 PAMOYANAN KOTA BANDUNG,20245254,AKTIVASI SISWA,17,ORANG,2024
5601,32,JAWA BARAT,3273,KOTA BANDUNG,3273060,REGOL,32.73.11,REGOL,SDN 120 KOTABARU KOTA BANDUNG,20245218,SK SISWA,25,ORANG,2024
5602,32,JAWA BARAT,3273,KOTA BANDUNG,3273060,REGOL,32.73.11,REGOL,SDN 120 KOTABARU KOTA BANDUNG,20245218,AKTIVASI SISWA,19,ORANG,2024
5603,32,JAWA BARAT,3273,KOTA BANDUNG,3273060,REGOL,32.73.11,REGOL,SDN 123 BABAKAN PRIANGAN KOTA BANDUNG,20245108,SK SISWA,47,ORANG,2024
5604,32,JAWA BARAT,3273,KOTA BANDUNG,3273060,REGOL,32.73.11,REGOL,SDN 123 BABAKAN PRIANGAN KOTA BANDUNG,20245108,AKTIVASI SISWA,44,ORANG,2024
5605,32,JAWA BARAT,3273,KOTA BANDUNG,3273060,REGOL,32.73.11,REGOL,SDN 166 CIATEUL KOTA BANDUNG,20245146,SK SISWA,33,ORANG,2024
5606,32,JAWA BARAT,3273,KOTA BANDUNG,3273060,REGOL,32.73.11,REGOL,SDN 166 CIATEUL KOTA BANDUNG,20245146,AKTIVASI SISWA,31,ORANG,2024
5607,32,JAWA BARAT,3273,KOTA BANDUNG,3273060,REGOL,32.73.11,REGOL,SDN 167 MENGGER GIRANG KOTA BANDUNG,20245229,SK SISWA,53,ORANG,2024
5608,32,JAWA BARAT,3273,KOTA BANDUNG,3273060,REGOL,32.73.11,REGOL,SDN 167 MENGGER GIRANG KOTA BANDUNG,20245229,AKTIVASI SISWA,51,ORANG,2024
5609,32,JAWA BARAT,3273,KOTA BANDUNG,3273060,REGOL,32.73.11,REGOL,SDN 192 CIBURUY KOTA BANDUNG,20245148,SK SISWA,177,ORANG,2024
5610,32,JAWA BARAT,3273,KOTA BANDUNG,3273060,REGOL,32.73.11,REGOL,SDN 192 CIBURUY KOTA BANDUNG,20245148,AKTIVASI SISWA,167,ORANG,2024
5611,32,JAWA BARAT,3273,KOTA BANDUNG,3273060,REGOL,32.73.11,REGOL,SDN 211 BABAKAN PRIANGAN KOTA BANDUNG,20245110,SK SISWA,21,ORANG,2024
5612,32,JAWA BARAT,3273,KOTA BANDUNG,3273060,REGOL,32.73.11,REGOL,SDN 211 BABAKAN PRIANGAN KOTA BANDUNG,20245110,AKTIVASI SISWA,20,ORANG,2024
5613,32,JAWA BARAT,3273,KOTA BANDUNG,3273060,REGOL,32.73.11,REGOL,SDN 223 BHAKTI WINAYA KOTA BANDUNG,20245114,SK SISWA,59,ORANG,2024
5614,32,JAWA BARAT,3273,KOTA BANDUNG,3273060,REGOL,32.73.11,REGOL,SDN 223 BHAKTI WINAYA KOTA BANDUNG,20245114,AKTIVASI SISWA,53,ORANG,2024
5615,32,JAWA BARAT,3273,KOTA BANDUNG,3273060,REGOL,32.73.11,REGOL,SLB AUTISME PELITA HAFIZH,20219865,SK SISWA,4,ORANG,2024
5616,32,JAWA BARAT,3273,KOTA BANDUNG,3273060,REGOL,32.73.11,REGOL,SLB AUTISME PELITA HAFIZH,20219865,AKTIVASI SISWA,4,ORANG,2024
5617,32,JAWA BARAT,3273,KOTA BANDUNG,3273060,REGOL,32.73.11,REGOL,SLB RISANTYA,20280591,SK SISWA,2,ORANG,2024
5618,32,JAWA BARAT,3273,KOTA BANDUNG,3273060,REGOL,32.73.11,REGOL,SLB RISANTYA,20280591,AKTIVASI SISWA,2,ORANG,2024
5619,32,JAWA BARAT,3273,KOTA BANDUNG,3273080,BANDUNG KIDUL,32.73.21,BANDUNG KIDUL,SD IT AL-FAJAR,20267927,SK SISWA,1,ORANG,2024
5620,32,JAWA BARAT,3273,KOTA BANDUNG,3273080,BANDUNG KIDUL,32.73.21,BANDUNG KIDUL,SD IT AL-FAJAR,20267927,AKTIVASI SISWA,1,ORANG,2024
5621,32,JAWA BARAT,3273,KOTA BANDUNG,3273080,BANDUNG KIDUL,32.73.21,BANDUNG KIDUL,SD SANTO ALOYSIUS BANDUNG KIDUL,20267930,SK SISWA,1,ORANG,2024
5622,32,JAWA BARAT,3273,KOTA BANDUNG,3273080,BANDUNG KIDUL,32.73.21,BANDUNG KIDUL,SD SANTO ALOYSIUS BANDUNG KIDUL,20267930,AKTIVASI SISWA,0,ORANG,2024
5623,32,JAWA BARAT,3273,KOTA BANDUNG,3273080,BANDUNG KIDUL,32.73.21,BANDUNG KIDUL,SDN 040 PASAWAHAN KOTA BANDUNG,20245073,SK SISWA,63,ORANG,2024
5624,32,JAWA BARAT,3273,KOTA BANDUNG,3273080,BANDUNG KIDUL,32.73.21,BANDUNG KIDUL,SDN 040 PASAWAHAN KOTA BANDUNG,20245073,AKTIVASI SISWA,62,ORANG,2024
5625,32,JAWA BARAT,3273,KOTA BANDUNG,3273080,BANDUNG KIDUL,32.73.21,BANDUNG KIDUL,SDN 094 PARAKANWAAS KOTA BANDUNG,20245072,SK SISWA,48,ORANG,2024
5626,32,JAWA BARAT,3273,KOTA BANDUNG,3273080,BANDUNG KIDUL,32.73.21,BANDUNG KIDUL,SDN 094 PARAKANWAAS KOTA BANDUNG,20245072,AKTIVASI SISWA,41,ORANG,2024
5627,32,JAWA BARAT,3273,KOTA BANDUNG,3273080,BANDUNG KIDUL,32.73.21,BANDUNG KIDUL,SDN 117 BATUNUNGGAL KOTA BANDUNG,20245021,SK SISWA,25,ORANG,2024
5628,32,JAWA BARAT,3273,KOTA BANDUNG,3273080,BANDUNG KIDUL,32.73.21,BANDUNG KIDUL,SDN 117 BATUNUNGGAL KOTA BANDUNG,20245021,AKTIVASI SISWA,25,ORANG,2024
5629,32,JAWA BARAT,3273,KOTA BANDUNG,3273080,BANDUNG KIDUL,32.73.21,BANDUNG KIDUL,SDN 130 SEKELIMUS BATUNUNGGAL KOTA BANDUNG,20245084,SK SISWA,100,ORANG,2024
5630,32,JAWA BARAT,3273,KOTA BANDUNG,3273080,BANDUNG KIDUL,32.73.21,BANDUNG KIDUL,SDN 130 SEKELIMUS BATUNUNGGAL KOTA BANDUNG,20245084,AKTIVASI SISWA,91,ORANG,2024
5631,32,JAWA BARAT,3273,KOTA BANDUNG,3273080,BANDUNG KIDUL,32.73.21,BANDUNG KIDUL,SDN 250 JAKAPURWA KOTA BANDUNG,20245034,SK SISWA,123,ORANG,2024
5632,32,JAWA BARAT,3273,KOTA BANDUNG,3273080,BANDUNG KIDUL,32.73.21,BANDUNG KIDUL,SDN 250 JAKAPURWA KOTA BANDUNG,20245034,AKTIVASI SISWA,122,ORANG,2024
5633,32,JAWA BARAT,3273,KOTA BANDUNG,3273080,BANDUNG KIDUL,32.73.21,BANDUNG KIDUL,SDN 266 MENGGER KOTA BANDUNG,20245049,SK SISWA,34,ORANG,2024
5634,32,JAWA BARAT,3273,KOTA BANDUNG,3273080,BANDUNG KIDUL,32.73.21,BANDUNG KIDUL,SDN 266 MENGGER KOTA BANDUNG,20245049,AKTIVASI SISWA,33,ORANG,2024
5635,32,JAWA BARAT,3273,KOTA BANDUNG,3273080,BANDUNG KIDUL,32.73.21,BANDUNG KIDUL,SLB AUTIS PRANANDA,20280598,SK SISWA,5,ORANG,2024
5636,32,JAWA BARAT,3273,KOTA BANDUNG,3273080,BANDUNG KIDUL,32.73.21,BANDUNG KIDUL,SLB AUTIS PRANANDA,20280598,AKTIVASI SISWA,3,ORANG,2024
5637,32,JAWA BARAT,3273,KOTA BANDUNG,3273020,BABAKAN CIPARAY,32.73.03,BABAKAN CIPARAY,SD AL BAROKAH,20219528,SK SISWA,26,ORANG,2024
5638,32,JAWA BARAT,3273,KOTA BANDUNG,3273020,BABAKAN CIPARAY,32.73.03,BABAKAN CIPARAY,SD AL BAROKAH,20219528,AKTIVASI SISWA,9,ORANG,2024
5639,32,JAWA BARAT,3273,KOTA BANDUNG,3273020,BABAKAN CIPARAY,32.73.03,BABAKAN CIPARAY,SD CAHAYA PELITA,20219603,SK SISWA,210,ORANG,2024
5640,32,JAWA BARAT,3273,KOTA BANDUNG,3273020,BABAKAN CIPARAY,32.73.03,BABAKAN CIPARAY,SD CAHAYA PELITA,20219603,AKTIVASI SISWA,195,ORANG,2024
5641,32,JAWA BARAT,3273,KOTA BANDUNG,3273020,BABAKAN CIPARAY,32.73.03,BABAKAN CIPARAY,SD PANGKALAN,20219819,SK SISWA,41,ORANG,2024
5642,32,JAWA BARAT,3273,KOTA BANDUNG,3273020,BABAKAN CIPARAY,32.73.03,BABAKAN CIPARAY,SD PANGKALAN,20219819,AKTIVASI SISWA,38,ORANG,2024
5643,32,JAWA BARAT,3273,KOTA BANDUNG,3273020,BABAKAN CIPARAY,32.73.03,BABAKAN CIPARAY,SD PASUNDAN 2,20219816,SK SISWA,99,ORANG,2024
5644,32,JAWA BARAT,3273,KOTA BANDUNG,3273020,BABAKAN CIPARAY,32.73.03,BABAKAN CIPARAY,SD PASUNDAN 2,20219816,AKTIVASI SISWA,2,ORANG,2024
5645,32,JAWA BARAT,3273,KOTA BANDUNG,3273020,BABAKAN CIPARAY,32.73.03,BABAKAN CIPARAY,SD PASUNDAN 3,20219815,SK SISWA,155,ORANG,2024
5646,32,JAWA BARAT,3273,KOTA BANDUNG,3273020,BABAKAN CIPARAY,32.73.03,BABAKAN CIPARAY,SD PASUNDAN 3,20219815,AKTIVASI SISWA,138,ORANG,2024
5647,32,JAWA BARAT,3273,KOTA BANDUNG,3273020,BABAKAN CIPARAY,32.73.03,BABAKAN CIPARAY,SD SALUYU,20219826,SK SISWA,118,ORANG,2024
5648,32,JAWA BARAT,3273,KOTA BANDUNG,3273020,BABAKAN CIPARAY,32.73.03,BABAKAN CIPARAY,SD SALUYU,20219826,AKTIVASI SISWA,104,ORANG,2024
5649,32,JAWA BARAT,3273,KOTA BANDUNG,3273020,BABAKAN CIPARAY,32.73.03,BABAKAN CIPARAY,SDN 005 BABAKAN CIPARAY KOTA BANDUNG,20245011,SK SISWA,65,ORANG,2024
5650,32,JAWA BARAT,3273,KOTA BANDUNG,3273020,BABAKAN CIPARAY,32.73.03,BABAKAN CIPARAY,SDN 005 BABAKAN CIPARAY KOTA BANDUNG,20245011,AKTIVASI SISWA,62,ORANG,2024
5651,32,JAWA BARAT,3273,KOTA BANDUNG,3273020,BABAKAN CIPARAY,32.73.03,BABAKAN CIPARAY,SDN 012 BABAKAN CIPARAY KOTA BANDUNG,20245013,SK SISWA,56,ORANG,2024
5652,32,JAWA BARAT,3273,KOTA BANDUNG,3273020,BABAKAN CIPARAY,32.73.03,BABAKAN CIPARAY,SDN 012 BABAKAN CIPARAY KOTA BANDUNG,20245013,AKTIVASI SISWA,51,ORANG,2024
5653,32,JAWA BARAT,3273,KOTA BANDUNG,3273020,BABAKAN CIPARAY,32.73.03,BABAKAN CIPARAY,SDN 058 BABAKAN CIPARAY KOTA BANDUNG,20245014,SK SISWA,43,ORANG,2024
5654,32,JAWA BARAT,3273,KOTA BANDUNG,3273020,BABAKAN CIPARAY,32.73.03,BABAKAN CIPARAY,SDN 058 BABAKAN CIPARAY KOTA BANDUNG,20245014,AKTIVASI SISWA,41,ORANG,2024
5655,32,JAWA BARAT,3273,KOTA BANDUNG,3273020,BABAKAN CIPARAY,32.73.03,BABAKAN CIPARAY,SDN 059 CIRANGRANG KOTA BANDUNG,20245025,SK SISWA,58,ORANG,2024
5656,32,JAWA BARAT,3273,KOTA BANDUNG,3273020,BABAKAN CIPARAY,32.73.03,BABAKAN CIPARAY,SDN 059 CIRANGRANG KOTA BANDUNG,20245025,AKTIVASI SISWA,53,ORANG,2024
5657,32,JAWA BARAT,3273,KOTA BANDUNG,3273020,BABAKAN CIPARAY,32.73.03,BABAKAN CIPARAY,SDN 060 RAYA BARAT KOTA BANDUNG,20245078,SK SISWA,212,ORANG,2024
5658,32,JAWA BARAT,3273,KOTA BANDUNG,3273020,BABAKAN CIPARAY,32.73.03,BABAKAN CIPARAY,SDN 060 RAYA BARAT KOTA BANDUNG,20245078,AKTIVASI SISWA,199,ORANG,2024
5659,32,JAWA BARAT,3273,KOTA BANDUNG,3273020,BABAKAN CIPARAY,32.73.03,BABAKAN CIPARAY,SDN 089 BABAKAN CIPARAY KOTA BANDUNG,20244998,SK SISWA,51,ORANG,2024
5660,32,JAWA BARAT,3273,KOTA BANDUNG,3273020,BABAKAN CIPARAY,32.73.03,BABAKAN CIPARAY,SDN 089 BABAKAN CIPARAY KOTA BANDUNG,20244998,AKTIVASI SISWA,47,ORANG,2024
5661,32,JAWA BARAT,3273,KOTA BANDUNG,3273020,BABAKAN CIPARAY,32.73.03,BABAKAN CIPARAY,SDN 126 BABAKAN KOTA BANDUNG,20244995,SK SISWA,63,ORANG,2024
5662,32,JAWA BARAT,3273,KOTA BANDUNG,3273020,BABAKAN CIPARAY,32.73.03,BABAKAN CIPARAY,SDN 126 BABAKAN KOTA BANDUNG,20244995,AKTIVASI SISWA,59,ORANG,2024
5663,32,JAWA BARAT,3273,KOTA BANDUNG,3273020,BABAKAN CIPARAY,32.73.03,BABAKAN CIPARAY,SDN 144 SITUGUNTING KOTA BANDUNG,20245089,SK SISWA,126,ORANG,2024
5664,32,JAWA BARAT,3273,KOTA BANDUNG,3273020,BABAKAN CIPARAY,32.73.03,BABAKAN CIPARAY,SDN 144 SITUGUNTING KOTA BANDUNG,20245089,AKTIVASI SISWA,115,ORANG,2024
5665,32,JAWA BARAT,3273,KOTA BANDUNG,3273020,BABAKAN CIPARAY,32.73.03,BABAKAN CIPARAY,SDN 213 BABAKAN CIPARAY KOTA BANDUNG,20245008,SK SISWA,79,ORANG,2024
5666,32,JAWA BARAT,3273,KOTA BANDUNG,3273020,BABAKAN CIPARAY,32.73.03,BABAKAN CIPARAY,SDN 213 BABAKAN CIPARAY KOTA BANDUNG,20245008,AKTIVASI SISWA,72,ORANG,2024
5667,32,JAWA BARAT,3273,KOTA BANDUNG,3273020,BABAKAN CIPARAY,32.73.03,BABAKAN CIPARAY,SDN 227 MARGAHAYU UTARA KOTA BANDUNG,20245046,SK SISWA,54,ORANG,2024
5668,32,JAWA BARAT,3273,KOTA BANDUNG,3273020,BABAKAN CIPARAY,32.73.03,BABAKAN CIPARAY,SDN 227 MARGAHAYU UTARA KOTA BANDUNG,20245046,AKTIVASI SISWA,39,ORANG,2024
5669,32,JAWA BARAT,3273,KOTA BANDUNG,3273020,BABAKAN CIPARAY,32.73.03,BABAKAN CIPARAY,SDN 236 BABAKAN CIPARAY KOTA BANDUNG,20245001,SK SISWA,144,ORANG,2024
5670,32,JAWA BARAT,3273,KOTA BANDUNG,3273020,BABAKAN CIPARAY,32.73.03,BABAKAN CIPARAY,SDN 236 BABAKAN CIPARAY KOTA BANDUNG,20245001,AKTIVASI SISWA,142,ORANG,2024
5671,32,JAWA BARAT,3273,KOTA BANDUNG,3273020,BABAKAN CIPARAY,32.73.03,BABAKAN CIPARAY,SDN 237 KOPO ELOK KOTA BANDUNG,20245044,SK SISWA,59,ORANG,2024
5672,32,JAWA BARAT,3273,KOTA BANDUNG,3273020,BABAKAN CIPARAY,32.73.03,BABAKAN CIPARAY,SDN 237 KOPO ELOK KOTA BANDUNG,20245044,AKTIVASI SISWA,52,ORANG,2024
5673,32,JAWA BARAT,3273,KOTA BANDUNG,3273020,BABAKAN CIPARAY,32.73.03,BABAKAN CIPARAY,SDN 245 SUMBERSARI INDAH KOTA BANDUNG,20245090,SK SISWA,18,ORANG,2024
5674,32,JAWA BARAT,3273,KOTA BANDUNG,3273020,BABAKAN CIPARAY,32.73.03,BABAKAN CIPARAY,SDN 245 SUMBERSARI INDAH KOTA BANDUNG,20245090,AKTIVASI SISWA,18,ORANG,2024
5675,32,JAWA BARAT,3273,KOTA BANDUNG,3273020,BABAKAN CIPARAY,32.73.03,BABAKAN CIPARAY,SLB ABCD CARINGIN,20219867,SK SISWA,8,ORANG,2024
5676,32,JAWA BARAT,3273,KOTA BANDUNG,3273020,BABAKAN CIPARAY,32.73.03,BABAKAN CIPARAY,SLB ABCD CARINGIN,20219867,AKTIVASI SISWA,8,ORANG,2024
5677,32,JAWA BARAT,3273,KOTA BANDUNG,3273020,BABAKAN CIPARAY,32.73.03,BABAKAN CIPARAY,SLB KASIH IBU,20280595,SK SISWA,3,ORANG,2024
5678,32,JAWA BARAT,3273,KOTA BANDUNG,3273020,BABAKAN CIPARAY,32.73.03,BABAKAN CIPARAY,SLB KASIH IBU,20280595,AKTIVASI SISWA,3,ORANG,2024
5679,32,JAWA BARAT,3273,KOTA BANDUNG,3273020,BABAKAN CIPARAY,32.73.03,BABAKAN CIPARAY,SLBS GEMILANG,20219880,SK SISWA,4,ORANG,2024
5680,32,JAWA BARAT,3273,KOTA BANDUNG,3273020,BABAKAN CIPARAY,32.73.03,BABAKAN CIPARAY,SLBS GEMILANG,20219880,AKTIVASI SISWA,2,ORANG,2024
5681,32,JAWA BARAT,3273,KOTA BANDUNG,3273050,ASTANAANYAR,32.73.10,ASTANA ANYAR,SD GANESHA,20219615,SK SISWA,20,ORANG,2024
5682,32,JAWA BARAT,3273,KOTA BANDUNG,3273050,ASTANAANYAR,32.73.10,ASTANA ANYAR,SD GANESHA,20219615,AKTIVASI SISWA,14,ORANG,2024
5683,32,JAWA BARAT,3273,KOTA BANDUNG,3273050,ASTANAANYAR,32.73.10,ASTANA ANYAR,SD KEMAH INDONESIA,20219572,SK SISWA,22,ORANG,2024
5684,32,JAWA BARAT,3273,KOTA BANDUNG,3273050,ASTANAANYAR,32.73.10,ASTANA ANYAR,SD KEMAH INDONESIA,20219572,AKTIVASI SISWA,21,ORANG,2024
5685,32,JAWA BARAT,3273,KOTA BANDUNG,3273050,ASTANAANYAR,32.73.10,ASTANA ANYAR,SD KRISTEN GAMALIEL,20219844,SK SISWA,2,ORANG,2024
5686,32,JAWA BARAT,3273,KOTA BANDUNG,3273050,ASTANAANYAR,32.73.10,ASTANA ANYAR,SD KRISTEN GAMALIEL,20219844,AKTIVASI SISWA,0,ORANG,2024
5687,32,JAWA BARAT,3273,KOTA BANDUNG,3273050,ASTANAANYAR,32.73.10,ASTANA ANYAR,SD PELITA BANGSA,20253917,SK SISWA,1,ORANG,2024
5688,32,JAWA BARAT,3273,KOTA BANDUNG,3273050,ASTANAANYAR,32.73.10,ASTANA ANYAR,SD PELITA BANGSA,20253917,AKTIVASI SISWA,1,ORANG,2024
5689,32,JAWA BARAT,3273,KOTA BANDUNG,3273050,ASTANAANYAR,32.73.10,ASTANA ANYAR,SD YAMI,20219905,SK SISWA,69,ORANG,2024
5690,32,JAWA BARAT,3273,KOTA BANDUNG,3273050,ASTANAANYAR,32.73.10,ASTANA ANYAR,SD YAMI,20219905,AKTIVASI SISWA,61,ORANG,2024
5691,32,JAWA BARAT,3273,KOTA BANDUNG,3273050,ASTANAANYAR,32.73.10,ASTANA ANYAR,SDN 003 PAGARSIH KOTA BANDUNG,20245064,SK SISWA,103,ORANG,2024
5692,32,JAWA BARAT,3273,KOTA BANDUNG,3273050,ASTANAANYAR,32.73.10,ASTANA ANYAR,SDN 003 PAGARSIH KOTA BANDUNG,20245064,AKTIVASI SISWA,99,ORANG,2024
5693,32,JAWA BARAT,3273,KOTA BANDUNG,3273050,ASTANAANYAR,32.73.10,ASTANA ANYAR,SDN 019 PABAKI KOTA BANDUNG,20245054,SK SISWA,51,ORANG,2024
5694,32,JAWA BARAT,3273,KOTA BANDUNG,3273050,ASTANAANYAR,32.73.10,ASTANA ANYAR,SDN 019 PABAKI KOTA BANDUNG,20245054,AKTIVASI SISWA,50,ORANG,2024
5695,32,JAWA BARAT,3273,KOTA BANDUNG,3273050,ASTANAANYAR,32.73.10,ASTANA ANYAR,SDN 023 PAJAGALAN KOTA BANDUNG,20244745,SK SISWA,24,ORANG,2024
5696,32,JAWA BARAT,3273,KOTA BANDUNG,3273050,ASTANAANYAR,32.73.10,ASTANA ANYAR,SDN 023 PAJAGALAN KOTA BANDUNG,20244745,AKTIVASI SISWA,23,ORANG,2024
5697,32,JAWA BARAT,3273,KOTA BANDUNG,3273050,ASTANAANYAR,32.73.10,ASTANA ANYAR,SDN 039 TEGALEGA KOTA BANDUNG,20245095,SK SISWA,15,ORANG,2024
5698,32,JAWA BARAT,3273,KOTA BANDUNG,3273050,ASTANAANYAR,32.73.10,ASTANA ANYAR,SDN 039 TEGALEGA KOTA BANDUNG,20245095,AKTIVASI SISWA,3,ORANG,2024
5699,32,JAWA BARAT,3273,KOTA BANDUNG,3273050,ASTANAANYAR,32.73.10,ASTANA ANYAR,SDN 073 PAJAGALAN KOTA BANDUNG,20247280,SK SISWA,52,ORANG,2024
5700,32,JAWA BARAT,3273,KOTA BANDUNG,3273050,ASTANAANYAR,32.73.10,ASTANA ANYAR,SDN 073 PAJAGALAN KOTA BANDUNG,20247280,AKTIVASI SISWA,51,ORANG,2024
5701,32,JAWA BARAT,3273,KOTA BANDUNG,3273050,ASTANAANYAR,32.73.10,ASTANA ANYAR,SDN 079 KOPO PAJAGALAN KOTA BANDUNG,20245039,SK SISWA,94,ORANG,2024
5702,32,JAWA BARAT,3273,KOTA BANDUNG,3273050,ASTANAANYAR,32.73.10,ASTANA ANYAR,SDN 079 KOPO PAJAGALAN KOTA BANDUNG,20245039,AKTIVASI SISWA,89,ORANG,2024
5703,32,JAWA BARAT,3273,KOTA BANDUNG,3273050,ASTANAANYAR,32.73.10,ASTANA ANYAR,SDN 092 CIBADAK ANDIR KOTA BANDUNG,20244961,SK SISWA,27,ORANG,2024
5704,32,JAWA BARAT,3273,KOTA BANDUNG,3273050,ASTANAANYAR,32.73.10,ASTANA ANYAR,SDN 092 CIBADAK ANDIR KOTA BANDUNG,20244961,AKTIVASI SISWA,27,ORANG,2024
5705,32,JAWA BARAT,3273,KOTA BANDUNG,3273050,ASTANAANYAR,32.73.10,ASTANA ANYAR,SDN 142 DWIKORA KOTA BANDUNG,20245029,SK SISWA,46,ORANG,2024
5706,32,JAWA BARAT,3273,KOTA BANDUNG,3273050,ASTANAANYAR,32.73.10,ASTANA ANYAR,SDN 142 DWIKORA KOTA BANDUNG,20245029,AKTIVASI SISWA,45,ORANG,2024
5707,32,JAWA BARAT,3273,KOTA BANDUNG,3273050,ASTANAANYAR,32.73.10,ASTANA ANYAR,SDN 143 KOPO KOTA BANDUNG,20245043,SK SISWA,14,ORANG,2024
5708,32,JAWA BARAT,3273,KOTA BANDUNG,3273050,ASTANAANYAR,32.73.10,ASTANA ANYAR,SDN 143 KOPO KOTA BANDUNG,20245043,AKTIVASI SISWA,12,ORANG,2024
5709,32,JAWA BARAT,3273,KOTA BANDUNG,3273050,ASTANAANYAR,32.73.10,ASTANA ANYAR,SDN 249 ASTANAANYAR KOTA BANDUNG,20244993,SK SISWA,14,ORANG,2024
5710,32,JAWA BARAT,3273,KOTA BANDUNG,3273050,ASTANAANYAR,32.73.10,ASTANA ANYAR,SDN 249 ASTANAANYAR KOTA BANDUNG,20244993,AKTIVASI SISWA,13,ORANG,2024
5711,32,JAWA BARAT,3273,KOTA BANDUNG,3273050,ASTANAANYAR,32.73.10,ASTANA ANYAR,SDN 265 BANDUNGKULON KOTA BANDUNG,20244949,SK SISWA,45,ORANG,2024
5712,32,JAWA BARAT,3273,KOTA BANDUNG,3273050,ASTANAANYAR,32.73.10,ASTANA ANYAR,SDN 265 BANDUNGKULON KOTA BANDUNG,20244949,AKTIVASI SISWA,45,ORANG,2024
5713,32,JAWA BARAT,3273,KOTA BANDUNG,3273050,ASTANAANYAR,32.73.10,ASTANA ANYAR,SLB BC BANDUNG RAYA,20219873,SK SISWA,7,ORANG,2024
5714,32,JAWA BARAT,3273,KOTA BANDUNG,3273050,ASTANAANYAR,32.73.10,ASTANA ANYAR,SLB BC BANDUNG RAYA,20219873,AKTIVASI SISWA,5,ORANG,2024
5715,32,JAWA BARAT,3273,KOTA BANDUNG,3273130,ARCAMANIK,32.73.24,ARCAMANIK,PKBM DARUL MUDZAKKIRIN,P9996637,SK SISWA,13,ORANG,2024
5716,32,JAWA BARAT,3273,KOTA BANDUNG,3273130,ARCAMANIK,32.73.24,ARCAMANIK,PKBM DARUL MUDZAKKIRIN,P9996637,AKTIVASI SISWA,12,ORANG,2024
5717,32,JAWA BARAT,3273,KOTA BANDUNG,3273130,ARCAMANIK,32.73.24,ARCAMANIK,SD BINTANG MADANI,20270664,SK SISWA,6,ORANG,2024
5718,32,JAWA BARAT,3273,KOTA BANDUNG,3273130,ARCAMANIK,32.73.24,ARCAMANIK,SD BINTANG MADANI,20270664,AKTIVASI SISWA,5,ORANG,2024
5719,32,JAWA BARAT,3273,KOTA BANDUNG,3273130,ARCAMANIK,32.73.24,ARCAMANIK,SD CERDAS MUTHAHHARI,20267679,SK SISWA,5,ORANG,2024
5720,32,JAWA BARAT,3273,KOTA BANDUNG,3273130,ARCAMANIK,32.73.24,ARCAMANIK,SD CERDAS MUTHAHHARI,20267679,AKTIVASI SISWA,1,ORANG,2024
5721,32,JAWA BARAT,3273,KOTA BANDUNG,3273130,ARCAMANIK,32.73.24,ARCAMANIK,SD ISLAM CENDEKIA MUDA,20255299,SK SISWA,1,ORANG,2024
5722,32,JAWA BARAT,3273,KOTA BANDUNG,3273130,ARCAMANIK,32.73.24,ARCAMANIK,SD ISLAM CENDEKIA MUDA,20255299,AKTIVASI SISWA,0,ORANG,2024
5723,32,JAWA BARAT,3273,KOTA BANDUNG,3273130,ARCAMANIK,32.73.24,ARCAMANIK,SD ISLAM NURUL AMANAH,70031985,SK SISWA,12,ORANG,2024
5724,32,JAWA BARAT,3273,KOTA BANDUNG,3273130,ARCAMANIK,32.73.24,ARCAMANIK,SD ISLAM NURUL AMANAH,70031985,AKTIVASI SISWA,10,ORANG,2024
5725,32,JAWA BARAT,3273,KOTA BANDUNG,3273130,ARCAMANIK,32.73.24,ARCAMANIK,SD ISLAM TERPADU AMANAH UMMAH,70031981,SK SISWA,6,ORANG,2024
5726,32,JAWA BARAT,3273,KOTA BANDUNG,3273130,ARCAMANIK,32.73.24,ARCAMANIK,SD ISLAM TERPADU AMANAH UMMAH,70031981,AKTIVASI SISWA,4,ORANG,2024
5727,32,JAWA BARAT,3273,KOTA BANDUNG,3273130,ARCAMANIK,32.73.24,ARCAMANIK,SD ISLAM TERPADU LUQMANUL HAKIM,20219577,SK SISWA,9,ORANG,2024
5728,32,JAWA BARAT,3273,KOTA BANDUNG,3273130,ARCAMANIK,32.73.24,ARCAMANIK,SD ISLAM TERPADU LUQMANUL HAKIM,20219577,AKTIVASI SISWA,9,ORANG,2024
5729,32,JAWA BARAT,3273,KOTA BANDUNG,3273130,ARCAMANIK,32.73.24,ARCAMANIK,SD MUTIARA BUNDA,20253757,SK SISWA,3,ORANG,2024
5730,32,JAWA BARAT,3273,KOTA BANDUNG,3273130,ARCAMANIK,32.73.24,ARCAMANIK,SD MUTIARA BUNDA,20253757,AKTIVASI SISWA,1,ORANG,2024
5731,32,JAWA BARAT,3273,KOTA BANDUNG,3273130,ARCAMANIK,32.73.24,ARCAMANIK,SD PLUS AL GHIFARI,20219824,SK SISWA,5,ORANG,2024
5732,32,JAWA BARAT,3273,KOTA BANDUNG,3273130,ARCAMANIK,32.73.24,ARCAMANIK,SD PLUS AL GHIFARI,20219824,AKTIVASI SISWA,0,ORANG,2024
5733,32,JAWA BARAT,3273,KOTA BANDUNG,3273130,ARCAMANIK,32.73.24,ARCAMANIK,SD RABBANI,70003403,SK SISWA,5,ORANG,2024
5734,32,JAWA BARAT,3273,KOTA BANDUNG,3273130,ARCAMANIK,32.73.24,ARCAMANIK,SD RABBANI,70003403,AKTIVASI SISWA,4,ORANG,2024
5735,32,JAWA BARAT,3273,KOTA BANDUNG,3273130,ARCAMANIK,32.73.24,ARCAMANIK,SD RANCAKASUMBA,20219828,SK SISWA,40,ORANG,2024
5736,32,JAWA BARAT,3273,KOTA BANDUNG,3273130,ARCAMANIK,32.73.24,ARCAMANIK,SD RANCAKASUMBA,20219828,AKTIVASI SISWA,28,ORANG,2024
5737,32,JAWA BARAT,3273,KOTA BANDUNG,3273130,ARCAMANIK,32.73.24,ARCAMANIK,SDN 004 CISARANTEN KULON KOTA BANDUNG,20245530,SK SISWA,42,ORANG,2024
5738,32,JAWA BARAT,3273,KOTA BANDUNG,3273130,ARCAMANIK,32.73.24,ARCAMANIK,SDN 004 CISARANTEN KULON KOTA BANDUNG,20245530,AKTIVASI SISWA,37,ORANG,2024
5739,32,JAWA BARAT,3273,KOTA BANDUNG,3273130,ARCAMANIK,32.73.24,ARCAMANIK,SDN 057 BINAHARAPAN KOTA BANDUNG,20245481,SK SISWA,34,ORANG,2024
5740,32,JAWA BARAT,3273,KOTA BANDUNG,3273130,ARCAMANIK,32.73.24,ARCAMANIK,SDN 057 BINAHARAPAN KOTA BANDUNG,20245481,AKTIVASI SISWA,17,ORANG,2024
5741,32,JAWA BARAT,3273,KOTA BANDUNG,3273130,ARCAMANIK,32.73.24,ARCAMANIK,SDN 101 SUKAKARYA KOTA BANDUNG,20245795,SK SISWA,39,ORANG,2024
5742,32,JAWA BARAT,3273,KOTA BANDUNG,3273130,ARCAMANIK,32.73.24,ARCAMANIK,SDN 101 SUKAKARYA KOTA BANDUNG,20245795,AKTIVASI SISWA,36,ORANG,2024
5743,32,JAWA BARAT,3273,KOTA BANDUNG,3273130,ARCAMANIK,32.73.24,ARCAMANIK,SDN 140 ARCAMANIK KOTA BANDUNG,20245447,SK SISWA,22,ORANG,2024
5744,32,JAWA BARAT,3273,KOTA BANDUNG,3273130,ARCAMANIK,32.73.24,ARCAMANIK,SDN 140 ARCAMANIK KOTA BANDUNG,20245447,AKTIVASI SISWA,21,ORANG,2024
5745,32,JAWA BARAT,3273,KOTA BANDUNG,3273130,ARCAMANIK,32.73.24,ARCAMANIK,SDN 141 LOKAJAYA KOTA BANDUNG,20245712,SK SISWA,72,ORANG,2024
5746,32,JAWA BARAT,3273,KOTA BANDUNG,3273130,ARCAMANIK,32.73.24,ARCAMANIK,SDN 141 LOKAJAYA KOTA BANDUNG,20245712,AKTIVASI SISWA,70,ORANG,2024
5747,32,JAWA BARAT,3273,KOTA BANDUNG,3273130,ARCAMANIK,32.73.24,ARCAMANIK,SDN 180 PRAKARSA NUGRAHA KOTA BANDUNG,20245754,SK SISWA,121,ORANG,2024
5748,32,JAWA BARAT,3273,KOTA BANDUNG,3273130,ARCAMANIK,32.73.24,ARCAMANIK,SDN 180 PRAKARSA NUGRAHA KOTA BANDUNG,20245754,AKTIVASI SISWA,116,ORANG,2024
5749,32,JAWA BARAT,3273,KOTA BANDUNG,3273130,ARCAMANIK,32.73.24,ARCAMANIK,SDN 181 SUKAMISKIN KOTA BANDUNG,20245804,SK SISWA,43,ORANG,2024
5750,32,JAWA BARAT,3273,KOTA BANDUNG,3273130,ARCAMANIK,32.73.24,ARCAMANIK,SDN 181 SUKAMISKIN KOTA BANDUNG,20245804,AKTIVASI SISWA,41,ORANG,2024
5751,32,JAWA BARAT,3273,KOTA BANDUNG,3273130,ARCAMANIK,32.73.24,ARCAMANIK,SDN 198 MEKARJAYA KOTA BANDUNG,20245715,SK SISWA,42,ORANG,2024
5752,32,JAWA BARAT,3273,KOTA BANDUNG,3273130,ARCAMANIK,32.73.24,ARCAMANIK,SDN 198 MEKARJAYA KOTA BANDUNG,20245715,AKTIVASI SISWA,40,ORANG,2024
5753,32,JAWA BARAT,3273,KOTA BANDUNG,3273130,ARCAMANIK,32.73.24,ARCAMANIK,SDN 226 ARCAMANIK ENDAH KOTA BANDUNG,20245448,SK SISWA,32,ORANG,2024
5754,32,JAWA BARAT,3273,KOTA BANDUNG,3273130,ARCAMANIK,32.73.24,ARCAMANIK,SDN 226 ARCAMANIK ENDAH KOTA BANDUNG,20245448,AKTIVASI SISWA,32,ORANG,2024
5755,32,JAWA BARAT,3273,KOTA BANDUNG,3273130,ARCAMANIK,32.73.24,ARCAMANIK,SDN 244 GURUMINDA KOTA BANDUNG,20245585,SK SISWA,28,ORANG,2024
5756,32,JAWA BARAT,3273,KOTA BANDUNG,3273130,ARCAMANIK,32.73.24,ARCAMANIK,SDN 244 GURUMINDA KOTA BANDUNG,20245585,AKTIVASI SISWA,27,ORANG,2024
5757,32,JAWA BARAT,3273,KOTA BANDUNG,3273141,ANTAPANI,32.73.20,ANTAPANI,PKBM BAITUL MUTTAQIN,P9984495,SK SISWA,5,ORANG,2024
5758,32,JAWA BARAT,3273,KOTA BANDUNG,3273141,ANTAPANI,32.73.20,ANTAPANI,PKBM BAITUL MUTTAQIN,P9984495,AKTIVASI SISWA,5,ORANG,2024
5759,32,JAWA BARAT,3273,KOTA BANDUNG,3273141,ANTAPANI,32.73.20,ANTAPANI,PKBM SAHABAT BAITUL MUTTAQIN,P9997502,SK SISWA,7,ORANG,2024
5760,32,JAWA BARAT,3273,KOTA BANDUNG,3273141,ANTAPANI,32.73.20,ANTAPANI,PKBM SAHABAT BAITUL MUTTAQIN,P9997502,AKTIVASI SISWA,4,ORANG,2024
5761,32,JAWA BARAT,3273,KOTA BANDUNG,3273141,ANTAPANI,32.73.20,ANTAPANI,SD ASY-SYIFA 2,20219580,SK SISWA,1,ORANG,2024
5762,32,JAWA BARAT,3273,KOTA BANDUNG,3273141,ANTAPANI,32.73.20,ANTAPANI,SD ASY-SYIFA 2,20219580,AKTIVASI SISWA,1,ORANG,2024
5763,32,JAWA BARAT,3273,KOTA BANDUNG,3273141,ANTAPANI,32.73.20,ANTAPANI,SD DAARUL HIKMAH BANDUNG,70005215,SK SISWA,1,ORANG,2024
5764,32,JAWA BARAT,3273,KOTA BANDUNG,3273141,ANTAPANI,32.73.20,ANTAPANI,SD DAARUL HIKMAH BANDUNG,70005215,AKTIVASI SISWA,1,ORANG,2024
5765,32,JAWA BARAT,3273,KOTA BANDUNG,3273141,ANTAPANI,32.73.20,ANTAPANI,SD EL FITRA,69948519,SK SISWA,5,ORANG,2024
5766,32,JAWA BARAT,3273,KOTA BANDUNG,3273141,ANTAPANI,32.73.20,ANTAPANI,SD EL FITRA,69948519,AKTIVASI SISWA,4,ORANG,2024
5767,32,JAWA BARAT,3273,KOTA BANDUNG,3273141,ANTAPANI,32.73.20,ANTAPANI,SD ISLAM MUTIARA HATI,20254714,SK SISWA,3,ORANG,2024
5768,32,JAWA BARAT,3273,KOTA BANDUNG,3273141,ANTAPANI,32.73.20,ANTAPANI,SD ISLAM MUTIARA HATI,20254714,AKTIVASI SISWA,3,ORANG,2024
5769,32,JAWA BARAT,3273,KOTA BANDUNG,3273141,ANTAPANI,32.73.20,ANTAPANI,SD MANAARATUL IMAN HIIS,70038569,SK SISWA,2,ORANG,2024
5770,32,JAWA BARAT,3273,KOTA BANDUNG,3273141,ANTAPANI,32.73.20,ANTAPANI,SD MANAARATUL IMAN HIIS,70038569,AKTIVASI SISWA,2,ORANG,2024
5771,32,JAWA BARAT,3273,KOTA BANDUNG,3273141,ANTAPANI,32.73.20,ANTAPANI,SD MUHAMMADIYAH 7,20219836,SK SISWA,2,ORANG,2024
5772,32,JAWA BARAT,3273,KOTA BANDUNG,3273141,ANTAPANI,32.73.20,ANTAPANI,SD MUHAMMADIYAH 7,20219836,AKTIVASI SISWA,0,ORANG,2024
5773,32,JAWA BARAT,3273,KOTA BANDUNG,3273141,ANTAPANI,32.73.20,ANTAPANI,SDN 078 SINDANGSARI ANTAPANI KOTA BANDUNG,20245441,SK SISWA,79,ORANG,2024
5774,32,JAWA BARAT,3273,KOTA BANDUNG,3273141,ANTAPANI,32.73.20,ANTAPANI,SDN 078 SINDANGSARI ANTAPANI KOTA BANDUNG,20245441,AKTIVASI SISWA,79,ORANG,2024
5775,32,JAWA BARAT,3273,KOTA BANDUNG,3273141,ANTAPANI,32.73.20,ANTAPANI,SDN 209 ANTAPANI KOTA BANDUNG,20245442,SK SISWA,50,ORANG,2024
5776,32,JAWA BARAT,3273,KOTA BANDUNG,3273141,ANTAPANI,32.73.20,ANTAPANI,SDN 209 ANTAPANI KOTA BANDUNG,20245442,AKTIVASI SISWA,48,ORANG,2024
5777,32,JAWA BARAT,3273,KOTA BANDUNG,3273141,ANTAPANI,32.73.20,ANTAPANI,SDN 248 SINDANGSARI KOTA BANDUNG,20245778,SK SISWA,73,ORANG,2024
5778,32,JAWA BARAT,3273,KOTA BANDUNG,3273141,ANTAPANI,32.73.20,ANTAPANI,SDN 248 SINDANGSARI KOTA BANDUNG,20245778,AKTIVASI SISWA,72,ORANG,2024
5779,32,JAWA BARAT,3273,KOTA BANDUNG,3273141,ANTAPANI,32.73.20,ANTAPANI,SDN 254 GRIYA BUMI ANTAPANI KOTA BANDUNG,20245583,SK SISWA,70,ORANG,2024
5780,32,JAWA BARAT,3273,KOTA BANDUNG,3273141,ANTAPANI,32.73.20,ANTAPANI,SDN 254 GRIYA BUMI ANTAPANI KOTA BANDUNG,20245583,AKTIVASI SISWA,68,ORANG,2024
5781,32,JAWA BARAT,3273,KOTA BANDUNG,3273141,ANTAPANI,32.73.20,ANTAPANI,SDN 255 GRIYA BUMI ANTAPANI KOTA BANDUNG,20245575,SK SISWA,74,ORANG,2024
5782,32,JAWA BARAT,3273,KOTA BANDUNG,3273141,ANTAPANI,32.73.20,ANTAPANI,SDN 255 GRIYA BUMI ANTAPANI KOTA BANDUNG,20245575,AKTIVASI SISWA,73,ORANG,2024
5783,32,JAWA BARAT,3273,KOTA BANDUNG,3273141,ANTAPANI,32.73.20,ANTAPANI,SDN 259 GRIYA BUMI ANTAPANI KOTA BANDUNG,20245580,SK SISWA,22,ORANG,2024
5784,32,JAWA BARAT,3273,KOTA BANDUNG,3273141,ANTAPANI,32.73.20,ANTAPANI,SDN 259 GRIYA BUMI ANTAPANI KOTA BANDUNG,20245580,AKTIVASI SISWA,21,ORANG,2024
5785,32,JAWA BARAT,3273,KOTA BANDUNG,3273141,ANTAPANI,32.73.20,ANTAPANI,SDN 260 GRIYA BUMI ANTAPANI KOTA BANDUNG,20245582,SK SISWA,41,ORANG,2024
5786,32,JAWA BARAT,3273,KOTA BANDUNG,3273141,ANTAPANI,32.73.20,ANTAPANI,SDN 260 GRIYA BUMI ANTAPANI KOTA BANDUNG,20245582,AKTIVASI SISWA,37,ORANG,2024
5787,32,JAWA BARAT,3273,KOTA BANDUNG,3273141,ANTAPANI,32.73.20,ANTAPANI,SDN 264 GRIYA BUMI ANTAPANI KOTA BANDUNG,20245577,SK SISWA,32,ORANG,2024
5788,32,JAWA BARAT,3273,KOTA BANDUNG,3273141,ANTAPANI,32.73.20,ANTAPANI,SDN 264 GRIYA BUMI ANTAPANI KOTA BANDUNG,20245577,AKTIVASI SISWA,31,ORANG,2024
5789,32,JAWA BARAT,3273,KOTA BANDUNG,3273141,ANTAPANI,32.73.20,ANTAPANI,SDN 267 GRIYA BUMI ANTAPANI KOTA BANDUNG,20245573,SK SISWA,28,ORANG,2024
5790,32,JAWA BARAT,3273,KOTA BANDUNG,3273141,ANTAPANI,32.73.20,ANTAPANI,SDN 267 GRIYA BUMI ANTAPANI KOTA BANDUNG,20245573,AKTIVASI SISWA,28,ORANG,2024
5791,32,JAWA BARAT,3273,KOTA BANDUNG,3273141,ANTAPANI,32.73.20,ANTAPANI,SDN 269 GRIYA BUMI ANTAPANI KOTA BANDUNG,20245579,SK SISWA,30,ORANG,2024
5792,32,JAWA BARAT,3273,KOTA BANDUNG,3273141,ANTAPANI,32.73.20,ANTAPANI,SDN 269 GRIYA BUMI ANTAPANI KOTA BANDUNG,20245579,AKTIVASI SISWA,15,ORANG,2024
5793,32,JAWA BARAT,3273,KOTA BANDUNG,3273141,ANTAPANI,32.73.20,ANTAPANI,SLB B SUMBERSARI,20219862,SK SISWA,3,ORANG,2024
5794,32,JAWA BARAT,3273,KOTA BANDUNG,3273141,ANTAPANI,32.73.20,ANTAPANI,SLB B SUMBERSARI,20219862,AKTIVASI SISWA,3,ORANG,2024
5795,32,JAWA BARAT,3273,KOTA BANDUNG,3273141,ANTAPANI,32.73.20,ANTAPANI,SLB C SUMBER SARI,20219761,SK SISWA,20,ORANG,2024
5796,32,JAWA BARAT,3273,KOTA BANDUNG,3273141,ANTAPANI,32.73.20,ANTAPANI,SLB C SUMBER SARI,20219761,AKTIVASI SISWA,20,ORANG,2024
5797,32,JAWA BARAT,3273,KOTA BANDUNG,3273180,ANDIR,32.73.05,ANDIR,PKBM AL-AMIN,P2960910,SK SISWA,1,ORANG,2024
5798,32,JAWA BARAT,3273,KOTA BANDUNG,3273180,ANDIR,32.73.05,ANDIR,PKBM AL-AMIN,P2960910,AKTIVASI SISWA,1,ORANG,2024
5799,32,JAWA BARAT,3273,KOTA BANDUNG,3273180,ANDIR,32.73.05,ANDIR,SD ADVENT CIMINDI,20219531,SK SISWA,15,ORANG,2024
5800,32,JAWA BARAT,3273,KOTA BANDUNG,3273180,ANDIR,32.73.05,ANDIR,SD ADVENT CIMINDI,20219531,AKTIVASI SISWA,2,ORANG,2024
5801,32,JAWA BARAT,3273,KOTA BANDUNG,3273180,ANDIR,32.73.05,ANDIR,SD BALA KESELAMATAN,20219585,SK SISWA,12,ORANG,2024
5802,32,JAWA BARAT,3273,KOTA BANDUNG,3273180,ANDIR,32.73.05,ANDIR,SD BALA KESELAMATAN,20219585,AKTIVASI SISWA,0,ORANG,2024
5803,32,JAWA BARAT,3273,KOTA BANDUNG,3273180,ANDIR,32.73.05,ANDIR,SD BPMD TARUNA,20219535,SK SISWA,64,ORANG,2024
5804,32,JAWA BARAT,3273,KOTA BANDUNG,3273180,ANDIR,32.73.05,ANDIR,SD BPMD TARUNA,20219535,AKTIVASI SISWA,62,ORANG,2024
5805,32,JAWA BARAT,3273,KOTA BANDUNG,3273180,ANDIR,32.73.05,ANDIR,SD LPPN,20219837,SK SISWA,19,ORANG,2024
5806,32,JAWA BARAT,3273,KOTA BANDUNG,3273180,ANDIR,32.73.05,ANDIR,SD LPPN,20219837,AKTIVASI SISWA,3,ORANG,2024
5807,32,JAWA BARAT,3273,KOTA BANDUNG,3273180,ANDIR,32.73.05,ANDIR,SD MALEBER BARAT,20219846,SK SISWA,6,ORANG,2024
5808,32,JAWA BARAT,3273,KOTA BANDUNG,3273180,ANDIR,32.73.05,ANDIR,SD MALEBER BARAT,20219846,AKTIVASI SISWA,2,ORANG,2024
5809,32,JAWA BARAT,3273,KOTA BANDUNG,3273180,ANDIR,32.73.05,ANDIR,SD MALEBER SELATAN,20219847,SK SISWA,8,ORANG,2024
5810,32,JAWA BARAT,3273,KOTA BANDUNG,3273180,ANDIR,32.73.05,ANDIR,SD MALEBER SELATAN,20219847,AKTIVASI SISWA,7,ORANG,2024
5811,32,JAWA BARAT,3273,KOTA BANDUNG,3273180,ANDIR,32.73.05,ANDIR,SD MALEBER UTARA,20219848,SK SISWA,12,ORANG,2024
5812,32,JAWA BARAT,3273,KOTA BANDUNG,3273180,ANDIR,32.73.05,ANDIR,SD MALEBER UTARA,20219848,AKTIVASI SISWA,1,ORANG,2024
5813,32,JAWA BARAT,3273,KOTA BANDUNG,3273180,ANDIR,32.73.05,ANDIR,SD MARIA BINTANG LAUT,20219857,SK SISWA,14,ORANG,2024
5814,32,JAWA BARAT,3273,KOTA BANDUNG,3273180,ANDIR,32.73.05,ANDIR,SD MARIA BINTANG LAUT,20219857,AKTIVASI SISWA,13,ORANG,2024
5815,32,JAWA BARAT,3273,KOTA BANDUNG,3273180,ANDIR,32.73.05,ANDIR,SD MUTIARA,20219834,SK SISWA,4,ORANG,2024
5816,32,JAWA BARAT,3273,KOTA BANDUNG,3273180,ANDIR,32.73.05,ANDIR,SD MUTIARA,20219834,AKTIVASI SISWA,4,ORANG,2024
5817,32,JAWA BARAT,3273,KOTA BANDUNG,3273180,ANDIR,32.73.05,ANDIR,SD PRASISTHA,20219833,SK SISWA,23,ORANG,2024
5818,32,JAWA BARAT,3273,KOTA BANDUNG,3273180,ANDIR,32.73.05,ANDIR,SD PRASISTHA,20219833,AKTIVASI SISWA,23,ORANG,2024
5819,32,JAWA BARAT,3273,KOTA BANDUNG,3273180,ANDIR,32.73.05,ANDIR,SD RAJAWALI,20219829,SK SISWA,13,ORANG,2024
5820,32,JAWA BARAT,3273,KOTA BANDUNG,3273180,ANDIR,32.73.05,ANDIR,SD RAJAWALI,20219829,AKTIVASI SISWA,7,ORANG,2024
5821,32,JAWA BARAT,3273,KOTA BANDUNG,3273180,ANDIR,32.73.05,ANDIR,SD WINDU PUTRA,20219907,SK SISWA,20,ORANG,2024
5822,32,JAWA BARAT,3273,KOTA BANDUNG,3273180,ANDIR,32.73.05,ANDIR,SD WINDU PUTRA,20219907,AKTIVASI SISWA,19,ORANG,2024
5823,32,JAWA BARAT,3273,KOTA BANDUNG,3273180,ANDIR,32.73.05,ANDIR,SD YWKA REL HOMY SCHOOL,20219901,SK SISWA,1,ORANG,2024
5824,32,JAWA BARAT,3273,KOTA BANDUNG,3273180,ANDIR,32.73.05,ANDIR,SD YWKA REL HOMY SCHOOL,20219901,AKTIVASI SISWA,0,ORANG,2024
5825,32,JAWA BARAT,3273,KOTA BANDUNG,3273180,ANDIR,32.73.05,ANDIR,SDN 002 KARANGMULYA KOTA BANDUNG,20245212,SK SISWA,52,ORANG,2024
5826,32,JAWA BARAT,3273,KOTA BANDUNG,3273180,ANDIR,32.73.05,ANDIR,SDN 002 KARANGMULYA KOTA BANDUNG,20245212,AKTIVASI SISWA,51,ORANG,2024
5827,32,JAWA BARAT,3273,KOTA BANDUNG,3273180,ANDIR,32.73.05,ANDIR,SDN 049 DURMAN KOTA BANDUNG,20245193,SK SISWA,8,ORANG,2024
5828,32,JAWA BARAT,3273,KOTA BANDUNG,3273180,ANDIR,32.73.05,ANDIR,SDN 049 DURMAN KOTA BANDUNG,20245193,AKTIVASI SISWA,8,ORANG,2024
5829,32,JAWA BARAT,3273,KOTA BANDUNG,3273180,ANDIR,32.73.05,ANDIR,SDN 056 GARUDA DADALI KOTA BANDUNG,20245196,SK SISWA,203,ORANG,2024
5830,32,JAWA BARAT,3273,KOTA BANDUNG,3273180,ANDIR,32.73.05,ANDIR,SDN 056 GARUDA DADALI KOTA BANDUNG,20245196,AKTIVASI SISWA,201,ORANG,2024
5831,32,JAWA BARAT,3273,KOTA BANDUNG,3273180,ANDIR,32.73.05,ANDIR,SDN 091 CIBEUREUM KOTA BANDUNG,20245129,SK SISWA,155,ORANG,2024
5832,32,JAWA BARAT,3273,KOTA BANDUNG,3273180,ANDIR,32.73.05,ANDIR,SDN 091 CIBEUREUM KOTA BANDUNG,20245129,AKTIVASI SISWA,155,ORANG,2024
5833,32,JAWA BARAT,3273,KOTA BANDUNG,3273180,ANDIR,32.73.05,ANDIR,SDN 098 CIROYOM KOTA BANDUNG,20245141,SK SISWA,29,ORANG,2024
5834,32,JAWA BARAT,3273,KOTA BANDUNG,3273180,ANDIR,32.73.05,ANDIR,SDN 098 CIROYOM KOTA BANDUNG,20245141,AKTIVASI SISWA,28,ORANG,2024
5835,32,JAWA BARAT,3273,KOTA BANDUNG,3273180,ANDIR,32.73.05,ANDIR,SDN 197 KARANG TARUNA KARANGSARI KOTA BANDUNG,20245215,SK SISWA,121,ORANG,2024
5836,32,JAWA BARAT,3273,KOTA BANDUNG,3273180,ANDIR,32.73.05,ANDIR,SDN 197 KARANG TARUNA KARANGSARI KOTA BANDUNG,20245215,AKTIVASI SISWA,117,ORANG,2024
5837,32,JAWA BARAT,3273,KOTA BANDUNG,3273180,ANDIR,32.73.05,ANDIR,SLB WIDI ASIH,20217941,SK SISWA,4,ORANG,2024
5838,32,JAWA BARAT,3273,KOTA BANDUNG,3273180,ANDIR,32.73.05,ANDIR,SLB WIDI ASIH,20217941,AKTIVASI SISWA,2,ORANG,2024
